split,index,input_shape,output_shape,main_bbox,main_crop_shape,main_two_cells,hole_count_in_crop,external_component_count,external_components,crop_matches_output,changed_inside_crop
train,0,24x19,17x9,"1:17,2:10",17x9,132,21,5,"[{""bbox"":""2:4,13:15"",""shape"":""3x3"",""colors"":""12"",""pattern"":""121/222/121""},{""bbox"":""7:9,14:16"",""shape"":""3x3"",""colors"":""23"",""pattern"":""333/222/333""},{""bbox"":""17:19,14:16"",""shape"":""3x3"",""colors"":""28"",""pattern"":""888/282/222""},{""bbox"":""20:22,3:5"",""shape"":""3x3"",""colors"":""24"",""pattern"":""444/424/224""},{""bbox"":""20:22,8:10"",""shape"":""3x3"",""colors"":""25"",""pattern"":""552/222/552""}]",False,45
train,1,20x10,8x8,"1:8,1:8",8x8,53,10,2,"[{""bbox"":""11:13,1:3"",""shape"":""3x3"",""colors"":""24"",""pattern"":""424/224/424""},{""bbox"":""13:15,5:7"",""shape"":""3x3"",""colors"":""23"",""pattern"":""223/232/322""}]",False,18
train,2,16x12,9x9,"6:14,1:9",9x9,76,5,1,"[{""bbox"":""1:3,5:7"",""shape"":""3x3"",""colors"":""28"",""pattern"":""828/222/828""}]",False,9
test,0,19x15,8x12,"1:8,2:13",8x12,83,13,4,"[{""bbox"":""11:13,1:3"",""shape"":""3x3"",""colors"":""12"",""pattern"":""111/121/111""},{""bbox"":""11:13,8:10"",""shape"":""3x3"",""colors"":""23"",""pattern"":""233/223/233""},{""bbox"":""15:17,11:13"",""shape"":""3x3"",""colors"":""28"",""pattern"":""882/822/228""},{""bbox"":""16:18,3:5"",""shape"":""3x3"",""colors"":""24"",""pattern"":""424/424/424""}]",False,36
arc-gen,0,27x29,18x20,"8:25,8:27",18x20,329,30,5,"[{""bbox"":""1:3,5:7"",""shape"":""3x3"",""colors"":""29"",""pattern"":""229/922/992""},{""bbox"":""2:4,1:3"",""shape"":""3x3"",""colors"":""23"",""pattern"":""323/232/332""},{""bbox"":""2:4,22:24"",""shape"":""3x3"",""colors"":""26"",""pattern"":""226/222/222""},{""bbox"":""8:10,2:4"",""shape"":""3x3"",""colors"":""27"",""pattern"":""227/227/722""},{""bbox"":""21:23,4:6"",""shape"":""3x3"",""colors"":""25"",""pattern"":""222/252/522""}]",False,45
arc-gen,1,13x25,8x16,"4:11,1:16",8x16,123,5,1,"[{""bbox"":""2:4,20:22"",""shape"":""3x3"",""colors"":""28"",""pattern"":""882/288/222""}]",False,9
arc-gen,2,29x25,19x16,"9:27,2:17",19x16,287,17,3,"[{""bbox"":""4:6,10:12"",""shape"":""3x3"",""colors"":""12"",""pattern"":""222/221/222""},{""bbox"":""4:6,22:24"",""shape"":""3x3"",""colors"":""23"",""pattern"":""232/232/332""},{""bbox"":""5:7,4:6"",""shape"":""3x3"",""colors"":""24"",""pattern"":""222/444/442""}]",False,27
arc-gen,3,27x25,19x15,"7:25,8:22",19x15,260,25,4,"[{""bbox"":""2:4,12:14"",""shape"":""3x3"",""colors"":""28"",""pattern"":""822/882/222""},{""bbox"":""3:5,17:19"",""shape"":""3x3"",""colors"":""23"",""pattern"":""323/223/323""},{""bbox"":""8:10,0:2"",""shape"":""3x3"",""colors"":""29"",""pattern"":""922/222/922""},{""bbox"":""14:16,2:4"",""shape"":""3x3"",""colors"":""12"",""pattern"":""222/122/222""}]",False,36
arc-gen,4,21x23,12x16,"8:19,3:18",12x16,175,17,3,"[{""bbox"":""1:3,8:10"",""shape"":""3x3"",""colors"":""24"",""pattern"":""224/222/222""},{""bbox"":""3:5,4:6"",""shape"":""3x3"",""colors"":""23"",""pattern"":""233/232/323""},{""bbox"":""4:6,18:20"",""shape"":""3x3"",""colors"":""12"",""pattern"":""122/222/111""}]",False,27
arc-gen,5,16x19,9x12,"2:10,2:13",9x12,94,14,2,"[{""bbox"":""12:14,1:3"",""shape"":""3x3"",""colors"":""29"",""pattern"":""299/292/222""},{""bbox"":""13:15,14:16"",""shape"":""3x3"",""colors"":""23"",""pattern"":""222/222/322""}]",False,18
arc-gen,6,20x20,10x10,"4:13,4:13",10x10,93,7,1,"[{""bbox"":""5:7,16:18"",""shape"":""3x3"",""colors"":""12"",""pattern"":""122/222/122""}]",False,9
arc-gen,7,29x28,19x20,"8:26,4:23",19x20,355,25,4,"[{""bbox"":""2:4,11:13"",""shape"":""3x3"",""colors"":""28"",""pattern"":""222/222/822""},{""bbox"":""2:4,15:17"",""shape"":""3x3"",""colors"":""29"",""pattern"":""929/992/922""},{""bbox"":""3:5,23:25"",""shape"":""3x3"",""colors"":""24"",""pattern"":""222/224/224""},{""bbox"":""4:6,0:2"",""shape"":""3x3"",""colors"":""25"",""pattern"":""225/222/525""}]",False,36
arc-gen,8,28x17,18x8,"6:23,7:14",18x8,138,6,1,"[{""bbox"":""0:2,11:13"",""shape"":""3x3"",""colors"":""12"",""pattern"":""222/112/122""}]",False,9
arc-gen,9,14x20,10x10,"1:10,7:16",10x10,93,7,1,"[{""bbox"":""6:8,2:4"",""shape"":""3x3"",""colors"":""27"",""pattern"":""222/227/227""}]",False,9
arc-gen,10,27x19,19x10,"6:24,1:10",19x10,175,15,3,"[{""bbox"":""2:4,13:15"",""shape"":""3x3"",""colors"":""26"",""pattern"":""622/662/266""},{""bbox"":""6:8,13:15"",""shape"":""3x3"",""colors"":""28"",""pattern"":""828/222/288""},{""bbox"":""22:24,13:15"",""shape"":""3x3"",""colors"":""25"",""pattern"":""252/222/552""}]",False,27
arc-gen,11,17x19,9x12,"5:13,1:12",9x12,102,6,1,"[{""bbox"":""0:2,15:17"",""shape"":""3x3"",""colors"":""23"",""pattern"":""332/232/222""}]",False,9
arc-gen,12,26x27,19x17,"6:24,1:17",19x17,301,22,4,"[{""bbox"":""0:2,0:2"",""shape"":""3x3"",""colors"":""28"",""pattern"":""288/222/222""},{""bbox"":""2:4,18:20"",""shape"":""3x3"",""colors"":""26"",""pattern"":""226/266/262""},{""bbox"":""10:12,20:22"",""shape"":""3x3"",""colors"":""12"",""pattern"":""122/112/222""},{""bbox"":""16:18,19:21"",""shape"":""3x3"",""colors"":""24"",""pattern"":""422/444/224""}]",False,36
arc-gen,13,24x19,15x10,"7:21,4:13",15x10,145,5,1,"[{""bbox"":""15:17,16:18"",""shape"":""3x3"",""colors"":""26"",""pattern"":""622/622/662""}]",False,9
arc-gen,14,25x20,17x13,"7:23,2:14",17x13,205,16,3,"[{""bbox"":""2:4,7:9"",""shape"":""3x3"",""colors"":""23"",""pattern"":""223/232/332""},{""bbox"":""2:4,16:18"",""shape"":""3x3"",""colors"":""27"",""pattern"":""227/222/722""},{""bbox"":""3:5,3:5"",""shape"":""3x3"",""colors"":""25"",""pattern"":""252/255/525""}]",False,27
arc-gen,15,30x30,20x20,"4:23,3:22",20x20,376,24,4,"[{""bbox"":""0:2,8:10"",""shape"":""3x3"",""colors"":""24"",""pattern"":""224/422/222""},{""bbox"":""25:27,13:15"",""shape"":""3x3"",""colors"":""27"",""pattern"":""222/222/722""},{""bbox"":""25:27,23:25"",""shape"":""3x3"",""colors"":""23"",""pattern"":""232/333/222""},{""bbox"":""27:29,9:11"",""shape"":""3x3"",""colors"":""12"",""pattern"":""112/112/221""}]",False,36
arc-gen,16,21x24,13x17,"2:14,4:20",13x17,208,13,2,"[{""bbox"":""16:18,2:4"",""shape"":""3x3"",""colors"":""12"",""pattern"":""222/222/122""},{""bbox"":""17:19,10:12"",""shape"":""3x3"",""colors"":""27"",""pattern"":""722/722/727""}]",False,18
arc-gen,17,23x25,13x17,"1:13,7:23",13x17,191,30,5,"[{""bbox"":""0:2,1:3"",""shape"":""3x3"",""colors"":""23"",""pattern"":""323/233/223""},{""bbox"":""10:12,0:2"",""shape"":""3x3"",""colors"":""27"",""pattern"":""277/222/222""},{""bbox"":""16:18,17:19"",""shape"":""3x3"",""colors"":""29"",""pattern"":""299/292/292""},{""bbox"":""17:19,12:14"",""shape"":""3x3"",""colors"":""25"",""pattern"":""525/222/522""},{""bbox"":""18:20,4:6"",""shape"":""3x3"",""colors"":""12"",""pattern"":""222/222/221""}]",False,45
arc-gen,18,27x23,17x14,"2:18,7:20",17x14,229,9,2,"[{""bbox"":""21:23,6:8"",""shape"":""3x3"",""colors"":""27"",""pattern"":""727/772/272""},{""bbox"":""22:24,12:14"",""shape"":""3x3"",""colors"":""12"",""pattern"":""211/122/122""}]",False,18
arc-gen,19,20x26,11x18,"2:12,3:20",11x18,179,19,3,"[{""bbox"":""14:16,9:11"",""shape"":""3x3"",""colors"":""27"",""pattern"":""722/227/772""},{""bbox"":""17:19,2:4"",""shape"":""3x3"",""colors"":""24"",""pattern"":""422/222/424""},{""bbox"":""17:19,13:15"",""shape"":""3x3"",""colors"":""23"",""pattern"":""232/222/222""}]",False,27
arc-gen,20,25x28,15x18,"1:15,8:25",15x18,240,30,5,"[{""bbox"":""1:3,2:4"",""shape"":""3x3"",""colors"":""28"",""pattern"":""228/282/288""},{""bbox"":""17:19,2:4"",""shape"":""3x3"",""colors"":""29"",""pattern"":""222/222/292""},{""bbox"":""17:19,10:12"",""shape"":""3x3"",""colors"":""27"",""pattern"":""222/722/272""},{""bbox"":""18:20,17:19"",""shape"":""3x3"",""colors"":""26"",""pattern"":""626/666/222""},{""bbox"":""21:23,0:2"",""shape"":""3x3"",""colors"":""23"",""pattern"":""233/222/223""}]",False,45
arc-gen,21,30x28,20x18,"9:28,2:19",20x18,330,30,5,"[{""bbox"":""0:2,21:23"",""shape"":""3x3"",""colors"":""25"",""pattern"":""255/252/252""},{""bbox"":""2:4,17:19"",""shape"":""3x3"",""colors"":""23"",""pattern"":""223/222/223""},{""bbox"":""11:13,25:27"",""shape"":""3x3"",""colors"":""29"",""pattern"":""222/299/229""},{""bbox"":""16:18,21:23"",""shape"":""3x3"",""colors"":""28"",""pattern"":""882/822/882""},{""bbox"":""23:25,21:23"",""shape"":""3x3"",""colors"":""27"",""pattern"":""227/222/222""}]",False,45
arc-gen,22,23x24,16x15,"4:19,5:19",16x15,227,13,2,"[{""bbox"":""0:2,20:22"",""shape"":""3x3"",""colors"":""26"",""pattern"":""266/222/222""},{""bbox"":""17:19,21:23"",""shape"":""3x3"",""colors"":""28"",""pattern"":""822/288/222""}]",False,18
arc-gen,23,21x23,14x15,"5:18,7:21",14x15,198,12,2,"[{""bbox"":""0:2,20:22"",""shape"":""3x3"",""colors"":""25"",""pattern"":""522/252/555""},{""bbox"":""1:3,9:11"",""shape"":""3x3"",""colors"":""26"",""pattern"":""226/222/222""}]",False,18
arc-gen,24,28x19,19x11,"1:19,4:14",19x11,197,11,2,"[{""bbox"":""14:16,0:2"",""shape"":""3x3"",""colors"":""25"",""pattern"":""222/252/225""},{""bbox"":""22:24,5:7"",""shape"":""3x3"",""colors"":""28"",""pattern"":""828/288/822""}]",False,18
arc-gen,25,23x21,18x11,"3:20,9:19",18x11,168,30,5,"[{""bbox"":""2:4,3:5"",""shape"":""3x3"",""colors"":""12"",""pattern"":""212/221/121""},{""bbox"":""6:8,2:4"",""shape"":""3x3"",""colors"":""28"",""pattern"":""282/828/288""},{""bbox"":""14:16,5:7"",""shape"":""3x3"",""colors"":""29"",""pattern"":""292/222/222""},{""bbox"":""18:20,0:2"",""shape"":""3x3"",""colors"":""24"",""pattern"":""422/422/224""},{""bbox"":""20:22,4:6"",""shape"":""3x3"",""colors"":""25"",""pattern"":""252/225/222""}]",False,45
arc-gen,26,27x30,18x20,"1:18,2:21",18x20,335,25,4,"[{""bbox"":""1:3,23:25"",""shape"":""3x3"",""colors"":""26"",""pattern"":""262/222/226""},{""bbox"":""12:14,24:26"",""shape"":""3x3"",""colors"":""24"",""pattern"":""222/244/422""},{""bbox"":""21:23,9:11"",""shape"":""3x3"",""colors"":""23"",""pattern"":""332/232/332""},{""bbox"":""22:24,17:19"",""shape"":""3x3"",""colors"":""25"",""pattern"":""222/222/522""}]",False,36
arc-gen,27,19x26,11x19,"7:17,2:20",11x19,196,13,2,"[{""bbox"":""1:3,0:2"",""shape"":""3x3"",""colors"":""26"",""pattern"":""626/222/226""},{""bbox"":""1:3,13:15"",""shape"":""3x3"",""colors"":""25"",""pattern"":""222/222/552""}]",False,18
arc-gen,28,19x26,11x17,"7:17,1:17",11x17,157,30,5,"[{""bbox"":""0:2,6:8"",""shape"":""3x3"",""colors"":""26"",""pattern"":""622/622/662""},{""bbox"":""0:2,19:21"",""shape"":""3x3"",""colors"":""24"",""pattern"":""222/424/222""},{""bbox"":""4:6,22:24"",""shape"":""3x3"",""colors"":""28"",""pattern"":""888/828/222""},{""bbox"":""11:13,22:24"",""shape"":""3x3"",""colors"":""25"",""pattern"":""225/525/222""},{""bbox"":""15:17,21:23"",""shape"":""3x3"",""colors"":""23"",""pattern"":""222/222/232""}]",False,45
arc-gen,29,24x19,17x9,"2:18,1:9",17x9,138,15,3,"[{""bbox"":""4:6,11:13"",""shape"":""3x3"",""colors"":""25"",""pattern"":""552/252/522""},{""bbox"":""9:11,12:14"",""shape"":""3x3"",""colors"":""27"",""pattern"":""222/772/227""},{""bbox"":""13:15,15:17"",""shape"":""3x3"",""colors"":""28"",""pattern"":""888/282/228""}]",False,27
arc-gen,30,23x19,17x12,"1:17,1:12",17x12,187,17,3,"[{""bbox"":""11:13,15:17"",""shape"":""3x3"",""colors"":""29"",""pattern"":""922/299/222""},{""bbox"":""19:21,7:9"",""shape"":""3x3"",""colors"":""12"",""pattern"":""222/221/122""},{""bbox"":""20:22,16:18"",""shape"":""3x3"",""colors"":""26"",""pattern"":""666/226/622""}]",False,27
arc-gen,31,28x25,20x17,"2:21,3:19",20x17,323,17,3,"[{""bbox"":""13:15,22:24"",""shape"":""3x3"",""colors"":""26"",""pattern"":""222/226/662""},{""bbox"":""21:23,22:24"",""shape"":""3x3"",""colors"":""27"",""pattern"":""722/222/722""},{""bbox"":""24:26,17:19"",""shape"":""3x3"",""colors"":""29"",""pattern"":""929/292/299""}]",False,27
arc-gen,32,23x29,13x19,"3:15,8:26",13x19,217,30,5,"[{""bbox"":""8:10,1:3"",""shape"":""3x3"",""colors"":""24"",""pattern"":""422/444/242""},{""bbox"":""13:15,2:4"",""shape"":""3x3"",""colors"":""25"",""pattern"":""222/522/225""},{""bbox"":""19:21,18:20"",""shape"":""3x3"",""colors"":""29"",""pattern"":""222/299/929""},{""bbox"":""20:22,6:8"",""shape"":""3x3"",""colors"":""26"",""pattern"":""662/226/222""},{""bbox"":""20:22,10:12"",""shape"":""3x3"",""colors"":""28"",""pattern"":""222/228/222""}]",False,45
arc-gen,33,15x16,10x10,"4:13,5:14",10x10,92,8,1,"[{""bbox"":""1:3,1:3"",""shape"":""3x3"",""colors"":""12"",""pattern"":""222/222/212""}]",False,9
arc-gen,34,24x24,16x15,"3:18,1:15",16x15,218,22,4,"[{""bbox"":""11:13,20:22"",""shape"":""3x3"",""colors"":""28"",""pattern"":""822/282/282""},{""bbox"":""19:21,21:23"",""shape"":""3x3"",""colors"":""25"",""pattern"":""555/222/255""},{""bbox"":""20:22,2:4"",""shape"":""3x3"",""colors"":""24"",""pattern"":""242/244/224""},{""bbox"":""20:22,12:14"",""shape"":""3x3"",""colors"":""29"",""pattern"":""292/229/222""}]",False,36
arc-gen,35,18x18,13x12,"1:13,1:12",13x12,148,7,1,"[{""bbox"":""15:17,9:11"",""shape"":""3x3"",""colors"":""12"",""pattern"":""222/212/221""}]",False,9
arc-gen,36,26x26,18x16,"7:24,7:22",18x16,269,19,3,"[{""bbox"":""1:3,11:13"",""shape"":""3x3"",""colors"":""12"",""pattern"":""112/212/222""},{""bbox"":""5:7,3:5"",""shape"":""3x3"",""colors"":""28"",""pattern"":""222/228/222""},{""bbox"":""19:21,0:2"",""shape"":""3x3"",""colors"":""24"",""pattern"":""442/224/224""}]",False,27
arc-gen,37,20x25,15x16,"4:18,1:16",15x16,228,12,2,"[{""bbox"":""0:2,9:11"",""shape"":""3x3"",""colors"":""29"",""pattern"":""229/222/229""},{""bbox"":""6:8,20:22"",""shape"":""3x3"",""colors"":""26"",""pattern"":""262/226/662""}]",False,18
arc-gen,38,21x21,11x15,"9:19,5:19",11x15,146,19,3,"[{""bbox"":""2:4,6:8"",""shape"":""3x3"",""colors"":""28"",""pattern"":""822/228/822""},{""bbox"":""2:4,10:12"",""shape"":""3x3"",""colors"":""24"",""pattern"":""422/444/222""},{""bbox"":""15:17,1:3"",""shape"":""3x3"",""colors"":""26"",""pattern"":""226/222/222""}]",False,27
arc-gen,39,16x25,10x16,"1:10,2:17",10x16,130,30,5,"[{""bbox"":""4:6,21:23"",""shape"":""3x3"",""colors"":""23"",""pattern"":""323/322/233""},{""bbox"":""10:12,21:23"",""shape"":""3x3"",""colors"":""26"",""pattern"":""622/222/222""},{""bbox"":""12:14,1:3"",""shape"":""3x3"",""colors"":""12"",""pattern"":""222/222/121""},{""bbox"":""12:14,7:9"",""shape"":""3x3"",""colors"":""27"",""pattern"":""772/272/722""},{""bbox"":""12:14,16:18"",""shape"":""3x3"",""colors"":""29"",""pattern"":""229/992/222""}]",False,45
arc-gen,40,23x26,14x18,"4:17,7:24",14x18,240,12,2,"[{""bbox"":""3:5,1:3"",""shape"":""3x3"",""colors"":""23"",""pattern"":""333/322/223""},{""bbox"":""20:22,14:16"",""shape"":""3x3"",""colors"":""24"",""pattern"":""242/222/222""}]",False,18
arc-gen,41,26x25,19x16,"6:24,1:16",19x16,287,17,3,"[{""bbox"":""2:4,2:4"",""shape"":""3x3"",""colors"":""25"",""pattern"":""225/222/525""},{""bbox"":""3:5,18:20"",""shape"":""3x3"",""colors"":""27"",""pattern"":""772/222/777""},{""bbox"":""12:14,20:22"",""shape"":""3x3"",""colors"":""23"",""pattern"":""332/222/222""}]",False,27
arc-gen,42,17x14,11x9,"5:15,1:9",11x9,92,7,1,"[{""bbox"":""1:3,0:2"",""shape"":""3x3"",""colors"":""27"",""pattern"":""722/222/272""}]",False,9
arc-gen,43,17x29,8x19,"2:9,8:26",8x19,130,22,4,"[{""bbox"":""2:4,3:5"",""shape"":""3x3"",""colors"":""28"",""pattern"":""228/228/282""},{""bbox"":""7:9,1:3"",""shape"":""3x3"",""colors"":""26"",""pattern"":""226/266/662""},{""bbox"":""11:13,7:9"",""shape"":""3x3"",""colors"":""12"",""pattern"":""212/211/122""},{""bbox"":""11:13,16:18"",""shape"":""3x3"",""colors"":""23"",""pattern"":""232/222/232""}]",False,36
arc-gen,44,21x23,14x14,"2:15,7:20",14x14,191,5,1,"[{""bbox"":""18:20,19:21"",""shape"":""3x3"",""colors"":""27"",""pattern"":""727/227/227""}]",False,9
arc-gen,45,19x13,10x11,"1:10,1:11",10x11,103,7,1,"[{""bbox"":""16:18,4:6"",""shape"":""3x3"",""colors"":""24"",""pattern"":""242/224/222""}]",False,9
arc-gen,46,29x27,20x17,"6:25,4:20",20x17,321,19,3,"[{""bbox"":""0:2,20:22"",""shape"":""3x3"",""colors"":""24"",""pattern"":""222/422/222""},{""bbox"":""3:5,0:2"",""shape"":""3x3"",""colors"":""27"",""pattern"":""272/222/722""},{""bbox"":""25:27,22:24"",""shape"":""3x3"",""colors"":""28"",""pattern"":""288/222/888""}]",False,27
arc-gen,47,19x25,9x17,"5:13,6:22",9x17,144,9,2,"[{""bbox"":""9:11,0:2"",""shape"":""3x3"",""colors"":""28"",""pattern"":""822/828/288""},{""bbox"":""15:17,17:19"",""shape"":""3x3"",""colors"":""12"",""pattern"":""212/212/211""}]",False,18
arc-gen,48,27x25,18x15,"2:19,9:23",18x15,240,30,5,"[{""bbox"":""0:2,5:7"",""shape"":""3x3"",""colors"":""23"",""pattern"":""222/222/232""},{""bbox"":""7:9,1:3"",""shape"":""3x3"",""colors"":""29"",""pattern"":""929/929/229""},{""bbox"":""12:14,3:5"",""shape"":""3x3"",""colors"":""26"",""pattern"":""226/662/622""},{""bbox"":""18:20,2:4"",""shape"":""3x3"",""colors"":""28"",""pattern"":""288/282/222""},{""bbox"":""23:25,17:19"",""shape"":""3x3"",""colors"":""12"",""pattern"":""122/122/222""}]",False,45
arc-gen,49,28x23,20x15,"1:20,1:15",20x15,274,25,4,"[{""bbox"":""5:7,19:21"",""shape"":""3x3"",""colors"":""29"",""pattern"":""929/229/929""},{""bbox"":""10:12,20:22"",""shape"":""3x3"",""colors"":""23"",""pattern"":""223/232/222""},{""bbox"":""18:20,20:22"",""shape"":""3x3"",""colors"":""26"",""pattern"":""222/622/626""},{""bbox"":""25:27,0:2"",""shape"":""3x3"",""colors"":""12"",""pattern"":""222/122/222""}]",False,36
arc-gen,50,20x25,10x15,"8:17,7:21",10x15,137,13,2,"[{""bbox"":""0:2,1:3"",""shape"":""3x3"",""colors"":""24"",""pattern"":""242/224/442""},{""bbox"":""1:3,14:16"",""shape"":""3x3"",""colors"":""25"",""pattern"":""222/222/522""}]",False,18
arc-gen,51,25x30,16x20,"4:19,6:25",16x20,301,18,3,"[{""bbox"":""4:6,1:3"",""shape"":""3x3"",""colors"":""24"",""pattern"":""424/242/224""},{""bbox"":""21:23,9:11"",""shape"":""3x3"",""colors"":""29"",""pattern"":""299/222/222""},{""bbox"":""22:24,5:7"",""shape"":""3x3"",""colors"":""26"",""pattern"":""662/226/222""}]",False,27
arc-gen,52,19x29,9x19,"1:9,2:20",9x19,148,22,4,"[{""bbox"":""8:10,24:26"",""shape"":""3x3"",""colors"":""27"",""pattern"":""222/727/277""},{""bbox"":""15:17,17:19"",""shape"":""3x3"",""colors"":""23"",""pattern"":""323/222/333""},{""bbox"":""15:17,21:23"",""shape"":""3x3"",""colors"":""29"",""pattern"":""222/292/229""},{""bbox"":""15:17,26:28"",""shape"":""3x3"",""colors"":""12"",""pattern"":""212/211/222""}]",False,36
arc-gen,53,21x23,12x14,"6:17,8:21",12x14,144,24,4,"[{""bbox"":""0:2,17:19"",""shape"":""3x3"",""colors"":""25"",""pattern"":""222/225/222""},{""bbox"":""1:3,4:6"",""shape"":""3x3"",""colors"":""28"",""pattern"":""888/282/822""},{""bbox"":""15:17,0:2"",""shape"":""3x3"",""colors"":""29"",""pattern"":""229/222/229""},{""bbox"":""15:17,4:6"",""shape"":""3x3"",""colors"":""27"",""pattern"":""722/722/727""}]",False,36
arc-gen,54,18x19,10x13,"2:11,3:15",10x13,124,6,1,"[{""bbox"":""13:15,15:17"",""shape"":""3x3"",""colors"":""25"",""pattern"":""522/225/225""}]",False,9
arc-gen,55,13x19,11x10,"1:11,1:10",11x10,96,13,2,"[{""bbox"":""2:4,14:16"",""shape"":""3x3"",""colors"":""27"",""pattern"":""222/272/722""},{""bbox"":""7:9,16:18"",""shape"":""3x3"",""colors"":""28"",""pattern"":""288/822/222""}]",False,18
arc-gen,56,24x22,15x16,"5:19,2:17",15x16,215,25,4,"[{""bbox"":""1:3,5:7"",""shape"":""3x3"",""colors"":""28"",""pattern"":""222/222/282""},{""bbox"":""2:4,19:21"",""shape"":""3x3"",""colors"":""23"",""pattern"":""222/332/222""},{""bbox"":""21:23,6:8"",""shape"":""3x3"",""colors"":""29"",""pattern"":""992/222/922""},{""bbox"":""21:23,17:19"",""shape"":""3x3"",""colors"":""27"",""pattern"":""727/227/772""}]",False,36
arc-gen,57,29x25,19x15,"1:19,4:18",19x15,264,21,3,"[{""bbox"":""1:3,21:23"",""shape"":""3x3"",""colors"":""29"",""pattern"":""292/292/229""},{""bbox"":""21:23,15:17"",""shape"":""3x3"",""colors"":""23"",""pattern"":""322/222/222""},{""bbox"":""25:27,0:2"",""shape"":""3x3"",""colors"":""26"",""pattern"":""622/222/226""}]",False,27
arc-gen,58,26x22,18x12,"5:22,2:13",18x12,199,17,3,"[{""bbox"":""4:6,19:21"",""shape"":""3x3"",""colors"":""26"",""pattern"":""226/266/226""},{""bbox"":""15:17,15:17"",""shape"":""3x3"",""colors"":""12"",""pattern"":""222/222/221""},{""bbox"":""23:25,15:17"",""shape"":""3x3"",""colors"":""25"",""pattern"":""255/525/225""}]",False,27
arc-gen,59,27x25,18x15,"2:19,2:16",18x15,245,25,4,"[{""bbox"":""3:5,19:21"",""shape"":""3x3"",""colors"":""27"",""pattern"":""222/227/727""},{""bbox"":""10:12,19:21"",""shape"":""3x3"",""colors"":""29"",""pattern"":""222/222/229""},{""bbox"":""19:21,19:21"",""shape"":""3x3"",""colors"":""12"",""pattern"":""122/222/212""},{""bbox"":""24:26,6:8"",""shape"":""3x3"",""colors"":""25"",""pattern"":""222/525/555""}]",False,36
arc-gen,60,23x20,19x11,"1:19,8:18",19x11,190,19,3,"[{""bbox"":""0:2,3:5"",""shape"":""3x3"",""colors"":""27"",""pattern"":""222/222/227""},{""bbox"":""8:10,3:5"",""shape"":""3x3"",""colors"":""23"",""pattern"":""333/332/222""},{""bbox"":""18:20,1:3"",""shape"":""3x3"",""colors"":""28"",""pattern"":""222/222/288""}]",False,27
arc-gen,61,25x28,17x19,"4:20,8:26",17x19,298,25,4,"[{""bbox"":""0:2,2:4"",""shape"":""3x3"",""colors"":""23"",""pattern"":""223/222/332""},{""bbox"":""8:10,3:5"",""shape"":""3x3"",""colors"":""27"",""pattern"":""277/222/222""},{""bbox"":""12:14,0:2"",""shape"":""3x3"",""colors"":""12"",""pattern"":""212/121/211""},{""bbox"":""14:16,4:6"",""shape"":""3x3"",""colors"":""28"",""pattern"":""222/822/222""}]",False,36
arc-gen,62,24x23,20x13,"1:20,9:21",20x13,255,5,1,"[{""bbox"":""17:19,1:3"",""shape"":""3x3"",""colors"":""28"",""pattern"":""282/828/282""}]",False,9
arc-gen,63,15x25,8x15,"6:13,3:17",8x15,103,17,3,"[{""bbox"":""2:4,3:5"",""shape"":""3x3"",""colors"":""26"",""pattern"":""226/626/626""},{""bbox"":""3:5,22:24"",""shape"":""3x3"",""colors"":""29"",""pattern"":""922/929/922""},{""bbox"":""7:9,22:24"",""shape"":""3x3"",""colors"":""28"",""pattern"":""822/222/222""}]",False,27
arc-gen,64,15x21,11x13,"3:13,7:19",11x13,135,8,1,"[{""bbox"":""7:9,2:4"",""shape"":""3x3"",""colors"":""24"",""pattern"":""422/222/222""}]",False,9
arc-gen,65,20x17,16x10,"1:16,4:13",16x10,153,7,1,"[{""bbox"":""17:19,0:2"",""shape"":""3x3"",""colors"":""12"",""pattern"":""112/222/222""}]",False,9
arc-gen,66,21x19,15x10,"1:15,8:17",15x10,138,12,2,"[{""bbox"":""12:14,0:2"",""shape"":""3x3"",""colors"":""26"",""pattern"":""622/226/626""},{""bbox"":""17:19,12:14"",""shape"":""3x3"",""colors"":""27"",""pattern"":""722/722/222""}]",False,18
arc-gen,67,22x17,12x13,"9:20,1:13",12x13,138,18,3,"[{""bbox"":""0:2,13:15"",""shape"":""3x3"",""colors"":""12"",""pattern"":""221/222/222""},{""bbox"":""3:5,5:7"",""shape"":""3x3"",""colors"":""27"",""pattern"":""772/227/772""},{""bbox"":""4:6,0:2"",""shape"":""3x3"",""colors"":""28"",""pattern"":""828/222/822""}]",False,27
arc-gen,68,26x21,16x16,"9:24,1:16",16x16,226,30,5,"[{""bbox"":""0:2,0:2"",""shape"":""3x3"",""colors"":""26"",""pattern"":""226/666/262""},{""bbox"":""0:2,4:6"",""shape"":""3x3"",""colors"":""24"",""pattern"":""442/222/242""},{""bbox"":""3:5,8:10"",""shape"":""3x3"",""colors"":""23"",""pattern"":""222/223/222""},{""bbox"":""5:7,12:14"",""shape"":""3x3"",""colors"":""25"",""pattern"":""252/225/525""},{""bbox"":""5:7,17:19"",""shape"":""3x3"",""colors"":""28"",""pattern"":""822/222/228""}]",False,45
arc-gen,69,20x23,12x17,"1:12,1:17",12x17,194,10,2,"[{""bbox"":""1:3,20:22"",""shape"":""3x3"",""colors"":""24"",""pattern"":""224/422/422""},{""bbox"":""17:19,0:2"",""shape"":""3x3"",""colors"":""26"",""pattern"":""622/662/662""}]",False,18
arc-gen,70,27x18,20x9,"3:22,1:9",20x9,154,26,4,"[{""bbox"":""2:4,12:14"",""shape"":""3x3"",""colors"":""27"",""pattern"":""272/772/272""},{""bbox"":""7:9,11:13"",""shape"":""3x3"",""colors"":""23"",""pattern"":""223/223/222""},{""bbox"":""9:11,15:17"",""shape"":""3x3"",""colors"":""25"",""pattern"":""522/222/222""},{""bbox"":""18:20,15:17"",""shape"":""3x3"",""colors"":""24"",""pattern"":""442/222/224""}]",False,36
arc-gen,71,30x29,20x19,"7:26,2:20",20x19,350,30,5,"[{""bbox"":""3:5,2:4"",""shape"":""3x3"",""colors"":""24"",""pattern"":""242/222/242""},{""bbox"":""3:5,17:19"",""shape"":""3x3"",""colors"":""27"",""pattern"":""272/277/772""},{""bbox"":""3:5,25:27"",""shape"":""3x3"",""colors"":""25"",""pattern"":""552/252/225""},{""bbox"":""7:9,24:26"",""shape"":""3x3"",""colors"":""29"",""pattern"":""922/292/292""},{""bbox"":""21:23,23:25"",""shape"":""3x3"",""colors"":""26"",""pattern"":""222/222/226""}]",False,45
arc-gen,72,28x28,19x18,"6:24,8:25",19x18,317,25,4,"[{""bbox"":""1:3,15:17"",""shape"":""3x3"",""colors"":""12"",""pattern"":""211/222/111""},{""bbox"":""2:4,4:6"",""shape"":""3x3"",""colors"":""28"",""pattern"":""222/822/222""},{""bbox"":""7:9,3:5"",""shape"":""3x3"",""colors"":""23"",""pattern"":""222/332/223""},{""bbox"":""25:27,0:2"",""shape"":""3x3"",""colors"":""29"",""pattern"":""222/929/222""}]",False,36
arc-gen,73,19x25,9x16,"2:10,7:22",9x16,119,25,4,"[{""bbox"":""1:3,0:2"",""shape"":""3x3"",""colors"":""12"",""pattern"":""121/112/212""},{""bbox"":""12:14,1:3"",""shape"":""3x3"",""colors"":""28"",""pattern"":""222/822/282""},{""bbox"":""15:17,22:24"",""shape"":""3x3"",""colors"":""24"",""pattern"":""422/422/224""},{""bbox"":""16:18,3:5"",""shape"":""3x3"",""colors"":""26"",""pattern"":""222/226/222""}]",False,36
arc-gen,74,19x21,10x15,"1:10,5:19",10x15,132,18,3,"[{""bbox"":""12:14,8:10"",""shape"":""3x3"",""colors"":""12"",""pattern"":""211/122/212""},{""bbox"":""13:15,14:16"",""shape"":""3x3"",""colors"":""29"",""pattern"":""299/222/229""},{""bbox"":""16:18,6:8"",""shape"":""3x3"",""colors"":""24"",""pattern"":""222/222/442""}]",False,27
arc-gen,75,21x26,11x16,"2:12,9:24",11x16,166,10,2,"[{""bbox"":""14:16,15:17"",""shape"":""3x3"",""colors"":""27"",""pattern"":""272/772/772""},{""bbox"":""15:17,20:22"",""shape"":""3x3"",""colors"":""12"",""pattern"":""222/122/211""}]",False,18
arc-gen,76,18x24,12x16,"2:13,2:17",12x16,186,6,1,"[{""bbox"":""15:17,2:4"",""shape"":""3x3"",""colors"":""27"",""pattern"":""277/222/227""}]",False,9
arc-gen,77,18x28,9x18,"6:14,1:18",9x18,154,7,1,"[{""bbox"":""0:2,19:21"",""shape"":""3x3"",""colors"":""25"",""pattern"":""522/252/222""}]",False,9
arc-gen,78,23x20,16x11,"6:21,7:17",16x11,163,13,2,"[{""bbox"":""11:13,1:3"",""shape"":""3x3"",""colors"":""25"",""pattern"":""252/225/222""},{""bbox"":""19:21,2:4"",""shape"":""3x3"",""colors"":""23"",""pattern"":""223/222/233""}]",False,18
arc-gen,79,30x24,20x17,"5:24,3:19",20x17,317,23,4,"[{""bbox"":""0:2,8:10"",""shape"":""3x3"",""colors"":""12"",""pattern"":""222/222/122""},{""bbox"":""1:3,3:5"",""shape"":""3x3"",""colors"":""26"",""pattern"":""622/222/666""},{""bbox"":""3:5,21:23"",""shape"":""3x3"",""colors"":""28"",""pattern"":""822/882/882""},{""bbox"":""27:29,15:17"",""shape"":""3x3"",""colors"":""29"",""pattern"":""292/922/922""}]",False,36
arc-gen,80,24x26,17x16,"1:17,1:16",17x16,248,23,4,"[{""bbox"":""8:10,23:25"",""shape"":""3x3"",""colors"":""24"",""pattern"":""422/242/422""},{""bbox"":""13:15,19:21"",""shape"":""3x3"",""colors"":""23"",""pattern"":""322/332/233""},{""bbox"":""20:22,14:16"",""shape"":""3x3"",""colors"":""27"",""pattern"":""727/227/227""},{""bbox"":""20:22,20:22"",""shape"":""3x3"",""colors"":""26"",""pattern"":""222/222/622""}]",False,36
arc-gen,81,18x23,13x13,"1:13,8:20",13x13,161,8,1,"[{""bbox"":""3:5,1:3"",""shape"":""3x3"",""colors"":""26"",""pattern"":""222/226/222""}]",False,9
arc-gen,82,28x27,19x17,"7:25,2:18",19x17,297,26,4,"[{""bbox"":""0:2,7:9"",""shape"":""3x3"",""colors"":""26"",""pattern"":""622/226/222""},{""bbox"":""1:3,18:20"",""shape"":""3x3"",""colors"":""23"",""pattern"":""233/322/223""},{""bbox"":""9:11,23:25"",""shape"":""3x3"",""colors"":""24"",""pattern"":""442/222/224""},{""bbox"":""22:24,24:26"",""shape"":""3x3"",""colors"":""29"",""pattern"":""222/222/229""}]",False,36
arc-gen,83,23x22,13x12,"2:14,2:13",13x12,126,30,5,"[{""bbox"":""7:9,16:18"",""shape"":""3x3"",""colors"":""24"",""pattern"":""242/442/222""},{""bbox"":""11:13,18:20"",""shape"":""3x3"",""colors"":""28"",""pattern"":""222/888/228""},{""bbox"":""16:18,2:4"",""shape"":""3x3"",""colors"":""27"",""pattern"":""272/222/227""},{""bbox"":""17:19,13:15"",""shape"":""3x3"",""colors"":""29"",""pattern"":""222/222/229""},{""bbox"":""20:22,4:6"",""shape"":""3x3"",""colors"":""25"",""pattern"":""555/225/522""}]",False,45
arc-gen,84,24x28,14x19,"8:21,6:24",14x19,235,30,5,"[{""bbox"":""2:4,0:2"",""shape"":""3x3"",""colors"":""12"",""pattern"":""122/212/222""},{""bbox"":""2:4,18:20"",""shape"":""3x3"",""colors"":""24"",""pattern"":""244/224/442""},{""bbox"":""3:5,6:8"",""shape"":""3x3"",""colors"":""26"",""pattern"":""262/622/262""},{""bbox"":""13:15,2:4"",""shape"":""3x3"",""colors"":""25"",""pattern"":""222/222/225""},{""bbox"":""21:23,0:2"",""shape"":""3x3"",""colors"":""27"",""pattern"":""227/722/277""}]",False,45
arc-gen,85,23x25,13x15,"1:13,2:16",13x15,165,30,5,"[{""bbox"":""5:7,22:24"",""shape"":""3x3"",""colors"":""12"",""pattern"":""122/112/122""},{""bbox"":""10:12,20:22"",""shape"":""3x3"",""colors"":""28"",""pattern"":""222/282/282""},{""bbox"":""14:16,22:24"",""shape"":""3x3"",""colors"":""23"",""pattern"":""322/232/232""},{""bbox"":""15:17,7:9"",""shape"":""3x3"",""colors"":""27"",""pattern"":""227/772/727""},{""bbox"":""16:18,0:2"",""shape"":""3x3"",""colors"":""29"",""pattern"":""222/229/222""}]",False,45
arc-gen,86,30x21,20x14,"9:28,2:15",20x14,250,30,5,"[{""bbox"":""2:4,2:4"",""shape"":""3x3"",""colors"":""12"",""pattern"":""211/221/222""},{""bbox"":""6:8,17:19"",""shape"":""3x3"",""colors"":""27"",""pattern"":""222/222/722""},{""bbox"":""13:15,18:20"",""shape"":""3x3"",""colors"":""24"",""pattern"":""442/222/244""},{""bbox"":""17:19,18:20"",""shape"":""3x3"",""colors"":""29"",""pattern"":""299/929/229""},{""bbox"":""24:26,17:19"",""shape"":""3x3"",""colors"":""25"",""pattern"":""225/522/222""}]",False,45
arc-gen,87,26x26,16x19,"8:23,5:23",16x19,282,22,4,"[{""bbox"":""0:2,23:25"",""shape"":""3x3"",""colors"":""26"",""pattern"":""262/666/222""},{""bbox"":""4:6,7:9"",""shape"":""3x3"",""colors"":""28"",""pattern"":""828/288/822""},{""bbox"":""6:8,0:2"",""shape"":""3x3"",""colors"":""29"",""pattern"":""292/222/922""},{""bbox"":""13:15,0:2"",""shape"":""3x3"",""colors"":""23"",""pattern"":""222/332/223""}]",False,36
arc-gen,88,29x28,20x19,"1:20,4:22",20x19,350,30,5,"[{""bbox"":""0:2,24:26"",""shape"":""3x3"",""colors"":""23"",""pattern"":""332/323/223""},{""bbox"":""17:19,0:2"",""shape"":""3x3"",""colors"":""26"",""pattern"":""662/222/266""},{""bbox"":""22:24,24:26"",""shape"":""3x3"",""colors"":""24"",""pattern"":""242/422/422""},{""bbox"":""23:25,12:14"",""shape"":""3x3"",""colors"":""12"",""pattern"":""212/222/222""},{""bbox"":""24:26,19:21"",""shape"":""3x3"",""colors"":""25"",""pattern"":""225/225/222""}]",False,45
arc-gen,89,30x26,20x18,"9:28,2:19",20x18,336,24,4,"[{""bbox"":""2:4,20:22"",""shape"":""3x3"",""colors"":""24"",""pattern"":""422/222/222""},{""bbox"":""5:7,12:14"",""shape"":""3x3"",""colors"":""12"",""pattern"":""211/212/121""},{""bbox"":""17:19,21:23"",""shape"":""3x3"",""colors"":""23"",""pattern"":""222/223/223""},{""bbox"":""24:26,22:24"",""shape"":""3x3"",""colors"":""25"",""pattern"":""252/552/522""}]",False,36
arc-gen,90,20x23,11x14,"1:11,6:19",11x14,145,9,2,"[{""bbox"":""1:3,0:2"",""shape"":""3x3"",""colors"":""23"",""pattern"":""232/332/232""},{""bbox"":""17:19,6:8"",""shape"":""3x3"",""colors"":""24"",""pattern"":""424/244/422""}]",False,18
arc-gen,91,27x17,19x10,"2:20,2:11",19x10,179,11,2,"[{""bbox"":""0:2,14:16"",""shape"":""3x3"",""colors"":""29"",""pattern"":""922/222/292""},{""bbox"":""23:25,6:8"",""shape"":""3x3"",""colors"":""12"",""pattern"":""211/211/122""}]",False,18
arc-gen,92,17x26,8x19,"7:14,3:21",8x19,128,24,4,"[{""bbox"":""0:2,6:8"",""shape"":""3x3"",""colors"":""25"",""pattern"":""252/255/252""},{""bbox"":""2:4,18:20"",""shape"":""3x3"",""colors"":""12"",""pattern"":""122/121/211""},{""bbox"":""3:5,22:24"",""shape"":""3x3"",""colors"":""26"",""pattern"":""226/622/222""},{""bbox"":""10:12,23:25"",""shape"":""3x3"",""colors"":""28"",""pattern"":""222/222/228""}]",False,36
arc-gen,93,26x30,16x20,"6:21,7:26",16x20,290,30,5,"[{""bbox"":""0:2,9:11"",""shape"":""3x3"",""colors"":""28"",""pattern"":""288/288/282""},{""bbox"":""2:4,23:25"",""shape"":""3x3"",""colors"":""23"",""pattern"":""332/222/233""},{""bbox"":""10:12,2:4"",""shape"":""3x3"",""colors"":""29"",""pattern"":""229/222/222""},{""bbox"":""14:16,0:2"",""shape"":""3x3"",""colors"":""12"",""pattern"":""222/222/211""},{""bbox"":""23:25,22:24"",""shape"":""3x3"",""colors"":""27"",""pattern"":""272/227/227""}]",False,45
arc-gen,94,27x24,18x17,"7:24,6:22",18x17,281,25,4,"[{""bbox"":""0:2,9:11"",""shape"":""3x3"",""colors"":""23"",""pattern"":""323/333/222""},{""bbox"":""0:2,16:18"",""shape"":""3x3"",""colors"":""28"",""pattern"":""222/282/282""},{""bbox"":""7:9,0:2"",""shape"":""3x3"",""colors"":""25"",""pattern"":""252/222/222""},{""bbox"":""19:21,0:2"",""shape"":""3x3"",""colors"":""27"",""pattern"":""272/222/772""}]",False,36
arc-gen,95,21x18,11x11,"7:17,3:13",11x11,116,5,1,"[{""bbox"":""0:2,7:9"",""shape"":""3x3"",""colors"":""28"",""pattern"":""882/228/228""}]",False,9
arc-gen,96,29x28,19x20,"4:22,7:26",19x20,357,23,4,"[{""bbox"":""0:2,1:3"",""shape"":""3x3"",""colors"":""27"",""pattern"":""777/722/227""},{""bbox"":""23:25,0:2"",""shape"":""3x3"",""colors"":""26"",""pattern"":""226/226/626""},{""bbox"":""25:27,20:22"",""shape"":""3x3"",""colors"":""29"",""pattern"":""222/922/222""},{""bbox"":""26:28,4:6"",""shape"":""3x3"",""colors"":""28"",""pattern"":""828/222/228""}]",False,36
arc-gen,97,24x19,19x11,"4:22,2:12",19x11,205,4,1,"[{""bbox"":""7:9,16:18"",""shape"":""3x3"",""colors"":""23"",""pattern"":""332/233/232""}]",False,9
arc-gen,98,30x24,20x17,"5:24,1:17",20x17,318,22,4,"[{""bbox"":""5:7,20:22"",""shape"":""3x3"",""colors"":""24"",""pattern"":""244/224/424""},{""bbox"":""19:21,21:23"",""shape"":""3x3"",""colors"":""12"",""pattern"":""221/212/211""},{""bbox"":""27:29,1:3"",""shape"":""3x3"",""colors"":""26"",""pattern"":""226/622/622""},{""bbox"":""27:29,6:8"",""shape"":""3x3"",""colors"":""29"",""pattern"":""292/229/222""}]",False,36
arc-gen,99,18x26,11x18,"6:16,4:21",11x18,183,15,3,"[{""bbox"":""0:2,4:6"",""shape"":""3x3"",""colors"":""27"",""pattern"":""727/222/277""},{""bbox"":""1:3,12:14"",""shape"":""3x3"",""colors"":""29"",""pattern"":""292/999/922""},{""bbox"":""9:11,23:25"",""shape"":""3x3"",""colors"":""25"",""pattern"":""222/225/525""}]",False,27
arc-gen,100,24x27,15x18,"8:22,7:24",15x18,239,30,5,"[{""bbox"":""0:2,8:10"",""shape"":""3x3"",""colors"":""28"",""pattern"":""222/882/288""},{""bbox"":""4:6,6:8"",""shape"":""3x3"",""colors"":""29"",""pattern"":""292/229/222""},{""bbox"":""8:10,3:5"",""shape"":""3x3"",""colors"":""27"",""pattern"":""227/272/722""},{""bbox"":""17:19,3:5"",""shape"":""3x3"",""colors"":""24"",""pattern"":""222/422/222""},{""bbox"":""21:23,2:4"",""shape"":""3x3"",""colors"":""12"",""pattern"":""221/121/112""}]",False,45
arc-gen,101,25x23,18x13,"1:18,8:20",18x13,203,30,5,"[{""bbox"":""1:3,2:4"",""shape"":""3x3"",""colors"":""26"",""pattern"":""262/662/662""},{""bbox"":""10:12,3:5"",""shape"":""3x3"",""colors"":""29"",""pattern"":""222/292/929""},{""bbox"":""19:21,0:2"",""shape"":""3x3"",""colors"":""23"",""pattern"":""222/322/222""},{""bbox"":""20:22,16:18"",""shape"":""3x3"",""colors"":""27"",""pattern"":""722/222/722""},{""bbox"":""22:24,11:13"",""shape"":""3x3"",""colors"":""12"",""pattern"":""222/111/212""}]",False,45
arc-gen,102,25x27,19x17,"1:19,2:18",19x17,292,30,5,"[{""bbox"":""2:4,22:24"",""shape"":""3x3"",""colors"":""23"",""pattern"":""223/222/322""},{""bbox"":""9:11,24:26"",""shape"":""3x3"",""colors"":""27"",""pattern"":""722/227/727""},{""bbox"":""21:23,4:6"",""shape"":""3x3"",""colors"":""12"",""pattern"":""222/212/121""},{""bbox"":""21:23,13:15"",""shape"":""3x3"",""colors"":""26"",""pattern"":""222/222/262""},{""bbox"":""22:24,23:25"",""shape"":""3x3"",""colors"":""29"",""pattern"":""922/292/999""}]",False,45
arc-gen,103,24x23,14x13,"1:14,7:19",14x13,163,19,3,"[{""bbox"":""8:10,2:4"",""shape"":""3x3"",""colors"":""27"",""pattern"":""722/727/772""},{""bbox"":""15:17,3:5"",""shape"":""3x3"",""colors"":""29"",""pattern"":""292/222/292""},{""bbox"":""19:21,11:13"",""shape"":""3x3"",""colors"":""28"",""pattern"":""222/222/228""}]",False,27
arc-gen,104,26x27,19x17,"4:22,8:24",19x17,297,26,4,"[{""bbox"":""7:9,1:3"",""shape"":""3x3"",""colors"":""25"",""pattern"":""225/255/222""},{""bbox"":""11:13,3:5"",""shape"":""3x3"",""colors"":""27"",""pattern"":""772/272/227""},{""bbox"":""17:19,0:2"",""shape"":""3x3"",""colors"":""28"",""pattern"":""222/228/228""},{""bbox"":""22:24,3:5"",""shape"":""3x3"",""colors"":""24"",""pattern"":""222/222/224""}]",False,36
arc-gen,105,16x24,8x16,"1:8,2:17",8x16,114,14,2,"[{""bbox"":""13:15,3:5"",""shape"":""3x3"",""colors"":""24"",""pattern"":""422/222/222""},{""bbox"":""13:15,13:15"",""shape"":""3x3"",""colors"":""29"",""pattern"":""292/922/229""}]",False,18
arc-gen,106,24x27,15x17,"3:17,3:19",15x17,225,30,5,"[{""bbox"":""0:2,23:25"",""shape"":""3x3"",""colors"":""24"",""pattern"":""242/244/222""},{""bbox"":""6:8,21:23"",""shape"":""3x3"",""colors"":""27"",""pattern"":""272/722/222""},{""bbox"":""11:13,22:24"",""shape"":""3x3"",""colors"":""25"",""pattern"":""255/225/225""},{""bbox"":""20:22,20:22"",""shape"":""3x3"",""colors"":""26"",""pattern"":""262/222/222""},{""bbox"":""21:23,1:3"",""shape"":""3x3"",""colors"":""29"",""pattern"":""229/992/929""}]",False,45
arc-gen,107,23x30,13x20,"5:17,3:22",13x20,244,16,3,"[{""bbox"":""1:3,27:29"",""shape"":""3x3"",""colors"":""26"",""pattern"":""662/226/226""},{""bbox"":""7:9,26:28"",""shape"":""3x3"",""colors"":""25"",""pattern"":""255/522/525""},{""bbox"":""13:15,24:26"",""shape"":""3x3"",""colors"":""23"",""pattern"":""223/222/322""}]",False,27
arc-gen,108,30x21,20x14,"7:26,1:14",20x14,255,25,4,"[{""bbox"":""0:2,17:19"",""shape"":""3x3"",""colors"":""25"",""pattern"":""222/522/225""},{""bbox"":""1:3,0:2"",""shape"":""3x3"",""colors"":""28"",""pattern"":""282/222/222""},{""bbox"":""2:4,4:6"",""shape"":""3x3"",""colors"":""26"",""pattern"":""622/222/266""},{""bbox"":""8:10,18:20"",""shape"":""3x3"",""colors"":""24"",""pattern"":""442/422/244""}]",False,36
arc-gen,109,28x26,18x18,"8:25,1:18",18x18,309,15,2,"[{""bbox"":""3:5,6:8"",""shape"":""3x3"",""colors"":""25"",""pattern"":""252/225/222""},{""bbox"":""12:14,21:23"",""shape"":""3x3"",""colors"":""29"",""pattern"":""292/222/222""}]",False,18
arc-gen,110,27x30,18x20,"1:18,7:26",18x20,329,30,5,"[{""bbox"":""15:17,3:5"",""shape"":""3x3"",""colors"":""24"",""pattern"":""442/222/444""},{""bbox"":""20:22,16:18"",""shape"":""3x3"",""colors"":""29"",""pattern"":""222/292/929""},{""bbox"":""21:23,25:27"",""shape"":""3x3"",""colors"":""25"",""pattern"":""222/225/222""},{""bbox"":""23:25,6:8"",""shape"":""3x3"",""colors"":""27"",""pattern"":""722/222/227""},{""bbox"":""24:26,11:13"",""shape"":""3x3"",""colors"":""26"",""pattern"":""626/226/622""}]",False,45
arc-gen,111,29x19,19x10,"3:21,4:13",19x10,177,13,2,"[{""bbox"":""19:21,0:2"",""shape"":""3x3"",""colors"":""12"",""pattern"":""112/222/222""},{""bbox"":""23:25,5:7"",""shape"":""3x3"",""colors"":""23"",""pattern"":""332/232/222""}]",False,18
arc-gen,112,17x17,11x8,"2:12,5:12",11x8,84,4,1,"[{""bbox"":""14:16,11:13"",""shape"":""3x3"",""colors"":""28"",""pattern"":""888/228/282""}]",False,9
arc-gen,113,26x24,17x15,"1:17,2:16",17x15,244,11,2,"[{""bbox"":""20:22,7:9"",""shape"":""3x3"",""colors"":""23"",""pattern"":""322/223/232""},{""bbox"":""21:23,11:13"",""shape"":""3x3"",""colors"":""12"",""pattern"":""121/211/222""}]",False,18
arc-gen,114,21x21,16x11,"2:17,7:17",16x11,171,5,1,"[{""bbox"":""14:16,1:3"",""shape"":""3x3"",""colors"":""29"",""pattern"":""299/229/922""}]",False,9
arc-gen,115,19x27,11x17,"6:16,9:25",11x17,168,19,3,"[{""bbox"":""0:2,1:3"",""shape"":""3x3"",""colors"":""26"",""pattern"":""622/266/226""},{""bbox"":""4:6,5:7"",""shape"":""3x3"",""colors"":""29"",""pattern"":""222/922/222""},{""bbox"":""7:9,0:2"",""shape"":""3x3"",""colors"":""23"",""pattern"":""223/222/332""}]",False,27
arc-gen,116,23x30,17x20,"4:20,6:25",17x20,327,13,2,"[{""bbox"":""5:7,2:4"",""shape"":""3x3"",""colors"":""23"",""pattern"":""222/222/323""},{""bbox"":""12:14,2:4"",""shape"":""3x3"",""colors"":""12"",""pattern"":""212/212/122""}]",False,18
arc-gen,117,19x22,10x17,"2:11,4:20",10x17,158,12,2,"[{""bbox"":""14:16,11:13"",""shape"":""3x3"",""colors"":""27"",""pattern"":""227/727/272""},{""bbox"":""15:17,16:18"",""shape"":""3x3"",""colors"":""23"",""pattern"":""223/222/223""}]",False,18
arc-gen,118,23x29,15x19,"7:21,2:20",15x19,266,19,3,"[{""bbox"":""1:3,18:20"",""shape"":""3x3"",""colors"":""24"",""pattern"":""422/444/222""},{""bbox"":""13:15,22:24"",""shape"":""3x3"",""colors"":""29"",""pattern"":""222/222/292""},{""bbox"":""19:21,25:27"",""shape"":""3x3"",""colors"":""12"",""pattern"":""221/122/221""}]",False,27
arc-gen,119,28x24,18x15,"7:24,8:22",18x15,240,30,5,"[{""bbox"":""1:3,15:17"",""shape"":""3x3"",""colors"":""29"",""pattern"":""992/222/922""},{""bbox"":""2:4,1:3"",""shape"":""3x3"",""colors"":""24"",""pattern"":""424/224/424""},{""bbox"":""2:4,9:11"",""shape"":""3x3"",""colors"":""28"",""pattern"":""882/882/222""},{""bbox"":""7:9,0:2"",""shape"":""3x3"",""colors"":""27"",""pattern"":""222/222/272""},{""bbox"":""15:17,0:2"",""shape"":""3x3"",""colors"":""25"",""pattern"":""222/522/252""}]",False,45
arc-gen,120,24x25,14x20,"2:15,2:21",14x20,262,18,3,"[{""bbox"":""17:19,14:16"",""shape"":""3x3"",""colors"":""28"",""pattern"":""288/228/288""},{""bbox"":""19:21,7:9"",""shape"":""3x3"",""colors"":""24"",""pattern"":""224/222/222""},{""bbox"":""19:21,19:21"",""shape"":""3x3"",""colors"":""29"",""pattern"":""229/222/992""}]",False,27
arc-gen,121,15x20,8x18,"5:12,1:18",8x18,137,7,1,"[{""bbox"":""1:3,0:2"",""shape"":""3x3"",""colors"":""26"",""pattern"":""226/222/622""}]",False,9
arc-gen,122,24x21,15x11,"8:22,4:14",15x11,149,16,3,"[{""bbox"":""0:2,7:9"",""shape"":""3x3"",""colors"":""26"",""pattern"":""226/626/226""},{""bbox"":""1:3,16:18"",""shape"":""3x3"",""colors"":""25"",""pattern"":""225/522/222""},{""bbox"":""8:10,0:2"",""shape"":""3x3"",""colors"":""27"",""pattern"":""772/222/777""}]",False,27
arc-gen,123,28x18,19x9,"8:26,7:15",19x9,154,16,3,"[{""bbox"":""2:4,7:9"",""shape"":""3x3"",""colors"":""26"",""pattern"":""222/662/666""},{""bbox"":""7:9,3:5"",""shape"":""3x3"",""colors"":""28"",""pattern"":""282/282/828""},{""bbox"":""22:24,1:3"",""shape"":""3x3"",""colors"":""29"",""pattern"":""222/292/922""}]",False,27
arc-gen,124,29x23,19x16,"6:24,6:21",19x16,273,30,5,"[{""bbox"":""0:2,6:8"",""shape"":""3x3"",""colors"":""28"",""pattern"":""222/222/228""},{""bbox"":""11:13,1:3"",""shape"":""3x3"",""colors"":""24"",""pattern"":""224/244/422""},{""bbox"":""22:24,0:2"",""shape"":""3x3"",""colors"":""25"",""pattern"":""225/252/252""},{""bbox"":""26:28,8:10"",""shape"":""3x3"",""colors"":""27"",""pattern"":""722/272/222""},{""bbox"":""26:28,16:18"",""shape"":""3x3"",""colors"":""26"",""pattern"":""666/626/222""}]",False,45
arc-gen,125,20x21,11x12,"7:17,2:13",11x12,122,10,2,"[{""bbox"":""2:4,13:15"",""shape"":""3x3"",""colors"":""12"",""pattern"":""211/221/222""},{""bbox"":""13:15,16:18"",""shape"":""3x3"",""colors"":""28"",""pattern"":""828/228/288""}]",False,18
arc-gen,126,15x19,8x16,"1:8,1:16",8x16,120,8,1,"[{""bbox"":""12:14,7:9"",""shape"":""3x3"",""colors"":""26"",""pattern"":""226/222/222""}]",False,9
arc-gen,127,18x27,12x19,"5:16,4:22",12x19,220,8,1,"[{""bbox"":""0:2,8:10"",""shape"":""3x3"",""colors"":""28"",""pattern"":""222/222/228""}]",False,9
arc-gen,128,19x27,12x17,"2:13,8:24",12x17,198,6,1,"[{""bbox"":""9:11,1:3"",""shape"":""3x3"",""colors"":""26"",""pattern"":""262/226/226""}]",False,9
arc-gen,129,22x22,16x12,"4:19,5:16",16x12,173,19,3,"[{""bbox"":""0:2,13:15"",""shape"":""3x3"",""colors"":""24"",""pattern"":""244/242/242""},{""bbox"":""13:15,0:2"",""shape"":""3x3"",""colors"":""26"",""pattern"":""226/262/262""},{""bbox"":""17:19,19:21"",""shape"":""3x3"",""colors"":""23"",""pattern"":""232/222/222""}]",False,27
arc-gen,130,17x27,8x18,"5:12,7:24",8x18,129,15,2,"[{""bbox"":""9:11,0:2"",""shape"":""3x3"",""colors"":""12"",""pattern"":""211/222/222""},{""bbox"":""14:16,2:4"",""shape"":""3x3"",""colors"":""27"",""pattern"":""227/222/222""}]",False,18
arc-gen,131,16x27,12x17,"3:14,5:21",12x17,198,6,1,"[{""bbox"":""7:9,1:3"",""shape"":""3x3"",""colors"":""25"",""pattern"":""252/222/552""}]",False,9
arc-gen,132,28x24,19x14,"4:22,1:14",19x14,236,30,5,"[{""bbox"":""0:2,6:8"",""shape"":""3x3"",""colors"":""29"",""pattern"":""229/992/229""},{""bbox"":""8:10,21:23"",""shape"":""3x3"",""colors"":""25"",""pattern"":""522/255/222""},{""bbox"":""13:15,18:20"",""shape"":""3x3"",""colors"":""27"",""pattern"":""227/222/222""},{""bbox"":""18:20,21:23"",""shape"":""3x3"",""colors"":""24"",""pattern"":""244/424/422""},{""bbox"":""24:26,9:11"",""shape"":""3x3"",""colors"":""26"",""pattern"":""626/222/222""}]",False,45
arc-gen,133,26x23,16x14,"6:21,3:16",16x14,220,4,1,"[{""bbox"":""2:4,13:15"",""shape"":""3x3"",""colors"":""24"",""pattern"":""244/444/222""}]",False,9
arc-gen,134,20x27,11x20,"4:14,1:20",11x20,190,30,5,"[{""bbox"":""6:8,23:25"",""shape"":""3x3"",""colors"":""27"",""pattern"":""722/227/277""},{""bbox"":""14:16,22:24"",""shape"":""3x3"",""colors"":""25"",""pattern"":""225/222/222""},{""bbox"":""16:18,17:19"",""shape"":""3x3"",""colors"":""12"",""pattern"":""122/112/211""},{""bbox"":""17:19,2:4"",""shape"":""3x3"",""colors"":""26"",""pattern"":""626/622/222""},{""bbox"":""17:19,11:13"",""shape"":""3x3"",""colors"":""29"",""pattern"":""229/222/922""}]",False,45
arc-gen,135,26x19,19x9,"5:23,8:16",19x9,148,23,4,"[{""bbox"":""7:9,0:2"",""shape"":""3x3"",""colors"":""25"",""pattern"":""222/225/222""},{""bbox"":""13:15,2:4"",""shape"":""3x3"",""colors"":""24"",""pattern"":""242/244/224""},{""bbox"":""19:21,0:2"",""shape"":""3x3"",""colors"":""28"",""pattern"":""882/822/222""},{""bbox"":""23:25,1:3"",""shape"":""3x3"",""colors"":""26"",""pattern"":""226/666/262""}]",False,36
arc-gen,136,24x22,14x12,"1:14,8:19",14x12,153,15,3,"[{""bbox"":""8:10,0:2"",""shape"":""3x3"",""colors"":""25"",""pattern"":""552/255/252""},{""bbox"":""13:15,1:3"",""shape"":""3x3"",""colors"":""26"",""pattern"":""662/226/222""},{""bbox"":""16:18,16:18"",""shape"":""3x3"",""colors"":""27"",""pattern"":""222/227/777""}]",False,27
arc-gen,137,18x23,10x14,"7:16,7:20",10x14,133,7,1,"[{""bbox"":""0:2,7:9"",""shape"":""3x3"",""colors"":""29"",""pattern"":""222/929/222""}]",False,9
arc-gen,138,19x27,11x18,"1:11,3:20",11x18,190,8,1,"[{""bbox"":""13:15,0:2"",""shape"":""3x3"",""colors"":""24"",""pattern"":""222/224/222""}]",False,9
arc-gen,139,23x29,15x19,"1:15,8:26",15x19,255,30,5,"[{""bbox"":""3:5,0:2"",""shape"":""3x3"",""colors"":""23"",""pattern"":""233/223/223""},{""bbox"":""9:11,0:2"",""shape"":""3x3"",""colors"":""29"",""pattern"":""292/992/299""},{""bbox"":""16:18,2:4"",""shape"":""3x3"",""colors"":""27"",""pattern"":""227/222/272""},{""bbox"":""20:22,11:13"",""shape"":""3x3"",""colors"":""25"",""pattern"":""522/252/252""},{""bbox"":""20:22,26:28"",""shape"":""3x3"",""colors"":""24"",""pattern"":""222/222/224""}]",False,45
arc-gen,140,19x26,10x18,"3:12,7:24",10x18,150,30,5,"[{""bbox"":""10:12,2:4"",""shape"":""3x3"",""colors"":""23"",""pattern"":""322/332/222""},{""bbox"":""14:16,20:22"",""shape"":""3x3"",""colors"":""24"",""pattern"":""242/222/222""},{""bbox"":""15:17,10:12"",""shape"":""3x3"",""colors"":""27"",""pattern"":""272/222/722""},{""bbox"":""15:17,15:17"",""shape"":""3x3"",""colors"":""29"",""pattern"":""229/999/222""},{""bbox"":""16:18,6:8"",""shape"":""3x3"",""colors"":""28"",""pattern"":""828/828/822""}]",False,45
arc-gen,141,24x23,17x15,"2:18,7:21",17x15,234,21,3,"[{""bbox"":""4:6,1:3"",""shape"":""3x3"",""colors"":""25"",""pattern"":""252/522/222""},{""bbox"":""18:20,1:3"",""shape"":""3x3"",""colors"":""23"",""pattern"":""222/222/232""},{""bbox"":""21:23,17:19"",""shape"":""3x3"",""colors"":""12"",""pattern"":""112/221/222""}]",False,27
arc-gen,142,24x24,15x15,"6:20,2:16",15x15,207,18,3,"[{""bbox"":""1:3,11:13"",""shape"":""3x3"",""colors"":""27"",""pattern"":""772/722/272""},{""bbox"":""3:5,21:23"",""shape"":""3x3"",""colors"":""24"",""pattern"":""222/422/422""},{""bbox"":""19:21,19:21"",""shape"":""3x3"",""colors"":""26"",""pattern"":""626/226/222""}]",False,27
arc-gen,143,23x30,15x20,"2:16,5:24",15x20,270,30,5,"[{""bbox"":""5:7,27:29"",""shape"":""3x3"",""colors"":""12"",""pattern"":""222/211/212""},{""bbox"":""15:17,26:28"",""shape"":""3x3"",""colors"":""26"",""pattern"":""222/222/226""},{""bbox"":""18:20,10:12"",""shape"":""3x3"",""colors"":""27"",""pattern"":""227/727/277""},{""bbox"":""18:20,22:24"",""shape"":""3x3"",""colors"":""24"",""pattern"":""224/422/244""},{""bbox"":""19:21,16:18"",""shape"":""3x3"",""colors"":""28"",""pattern"":""228/222/282""}]",False,45
arc-gen,144,23x28,13x19,"2:14,4:22",13x19,238,9,2,"[{""bbox"":""20:22,4:6"",""shape"":""3x3"",""colors"":""23"",""pattern"":""333/222/233""},{""bbox"":""20:22,19:21"",""shape"":""3x3"",""colors"":""25"",""pattern"":""522/525/225""}]",False,18
arc-gen,145,29x22,19x12,"6:24,6:17",19x12,220,8,1,"[{""bbox"":""4:6,19:21"",""shape"":""3x3"",""colors"":""29"",""pattern"":""292/222/222""}]",False,9
arc-gen,146,20x17,12x13,"6:17,2:14",12x13,150,6,1,"[{""bbox"":""2:4,1:3"",""shape"":""3x3"",""colors"":""12"",""pattern"":""222/122/112""}]",False,9
arc-gen,147,30x29,20x20,"5:24,5:24",20x20,370,30,5,"[{""bbox"":""0:2,0:2"",""shape"":""3x3"",""colors"":""29"",""pattern"":""922/222/222""},{""bbox"":""1:3,20:22"",""shape"":""3x3"",""colors"":""27"",""pattern"":""722/727/222""},{""bbox"":""17:19,1:3"",""shape"":""3x3"",""colors"":""25"",""pattern"":""255/225/255""},{""bbox"":""26:28,16:18"",""shape"":""3x3"",""colors"":""28"",""pattern"":""222/228/228""},{""bbox"":""27:29,5:7"",""shape"":""3x3"",""colors"":""26"",""pattern"":""622/666/222""}]",False,45
arc-gen,148,28x24,19x17,"4:22,2:18",19x17,309,14,2,"[{""bbox"":""0:2,13:15"",""shape"":""3x3"",""colors"":""28"",""pattern"":""288/222/282""},{""bbox"":""15:17,20:22"",""shape"":""3x3"",""colors"":""25"",""pattern"":""222/225/222""}]",False,18
arc-gen,149,23x24,13x16,"7:19,4:19",13x16,196,12,2,"[{""bbox"":""1:3,15:17"",""shape"":""3x3"",""colors"":""25"",""pattern"":""552/255/222""},{""bbox"":""9:11,0:2"",""shape"":""3x3"",""colors"":""27"",""pattern"":""722/222/272""}]",False,18
arc-gen,150,28x21,18x14,"1:18,3:16",18x14,237,15,2,"[{""bbox"":""3:5,18:20"",""shape"":""3x3"",""colors"":""28"",""pattern"":""222/282/282""},{""bbox"":""24:26,5:7"",""shape"":""3x3"",""colors"":""29"",""pattern"":""229/222/222""}]",False,18
arc-gen,151,14x20,8x16,"1:8,3:18",8x16,124,4,1,"[{""bbox"":""11:13,2:4"",""shape"":""3x3"",""colors"":""27"",""pattern"":""722/727/772""}]",False,9
arc-gen,152,22x22,15x15,"6:20,4:18",15x15,206,19,3,"[{""bbox"":""0:2,5:7"",""shape"":""3x3"",""colors"":""28"",""pattern"":""282/222/222""},{""bbox"":""1:3,12:14"",""shape"":""3x3"",""colors"":""12"",""pattern"":""122/222/112""},{""bbox"":""4:6,0:2"",""shape"":""3x3"",""colors"":""25"",""pattern"":""255/522/522""}]",False,27
arc-gen,153,23x30,16x20,"5:20,1:20",16x20,301,19,3,"[{""bbox"":""8:10,25:27"",""shape"":""3x3"",""colors"":""26"",""pattern"":""262/262/622""},{""bbox"":""14:16,22:24"",""shape"":""3x3"",""colors"":""24"",""pattern"":""242/444/222""},{""bbox"":""16:18,26:28"",""shape"":""3x3"",""colors"":""29"",""pattern"":""292/222/222""}]",False,27
arc-gen,154,18x24,11x15,"2:12,3:17",11x15,141,24,4,"[{""bbox"":""9:11,20:22"",""shape"":""3x3"",""colors"":""27"",""pattern"":""277/227/227""},{""bbox"":""13:15,20:22"",""shape"":""3x3"",""colors"":""24"",""pattern"":""222/422/222""},{""bbox"":""14:16,5:7"",""shape"":""3x3"",""colors"":""12"",""pattern"":""222/222/112""},{""bbox"":""14:16,15:17"",""shape"":""3x3"",""colors"":""28"",""pattern"":""228/882/882""}]",False,36
arc-gen,155,18x24,10x14,"5:14,8:21",10x14,129,11,2,"[{""bbox"":""1:3,2:4"",""shape"":""3x3"",""colors"":""24"",""pattern"":""422/444/224""},{""bbox"":""13:15,3:5"",""shape"":""3x3"",""colors"":""23"",""pattern"":""223/222/223""}]",False,18
arc-gen,156,17x29,8x20,"7:14,6:25",8x20,153,7,1,"[{""bbox"":""2:4,20:22"",""shape"":""3x3"",""colors"":""29"",""pattern"":""222/992/222""}]",False,9
arc-gen,157,22x22,16x14,"3:18,7:20",16x14,217,7,1,"[{""bbox"":""19:21,0:2"",""shape"":""3x3"",""colors"":""29"",""pattern"":""222/292/292""}]",False,9
arc-gen,158,22x24,12x16,"1:12,3:18",12x16,162,30,5,"[{""bbox"":""0:2,21:23"",""shape"":""3x3"",""colors"":""28"",""pattern"":""828/228/222""},{""bbox"":""9:11,21:23"",""shape"":""3x3"",""colors"":""27"",""pattern"":""272/222/227""},{""bbox"":""14:16,18:20"",""shape"":""3x3"",""colors"":""24"",""pattern"":""222/222/242""},{""bbox"":""16:18,2:4"",""shape"":""3x3"",""colors"":""29"",""pattern"":""992/922/229""},{""bbox"":""16:18,12:14"",""shape"":""3x3"",""colors"":""12"",""pattern"":""112/221/112""}]",False,45
arc-gen,159,24x19,14x9,"1:14,6:14",14x9,120,6,1,"[{""bbox"":""12:14,16:18"",""shape"":""3x3"",""colors"":""23"",""pattern"":""233/322/222""}]",False,9
arc-gen,160,26x19,16x11,"2:17,1:11",16x11,155,21,3,"[{""bbox"":""15:17,16:18"",""shape"":""3x3"",""colors"":""23"",""pattern"":""233/222/222""},{""bbox"":""20:22,2:4"",""shape"":""3x3"",""colors"":""12"",""pattern"":""122/211/222""},{""bbox"":""20:22,9:11"",""shape"":""3x3"",""colors"":""27"",""pattern"":""222/227/222""}]",False,27
arc-gen,161,29x30,20x20,"1:20,1:20",20x20,370,30,5,"[{""bbox"":""0:2,23:25"",""shape"":""3x3"",""colors"":""27"",""pattern"":""727/722/272""},{""bbox"":""17:19,24:26"",""shape"":""3x3"",""colors"":""28"",""pattern"":""222/822/222""},{""bbox"":""23:25,16:18"",""shape"":""3x3"",""colors"":""29"",""pattern"":""292/222/299""},{""bbox"":""25:27,11:13"",""shape"":""3x3"",""colors"":""12"",""pattern"":""222/121/222""},{""bbox"":""26:28,21:23"",""shape"":""3x3"",""colors"":""23"",""pattern"":""233/222/333""}]",False,45
arc-gen,162,23x21,17x11,"1:17,1:11",17x11,181,6,1,"[{""bbox"":""4:6,18:20"",""shape"":""3x3"",""colors"":""28"",""pattern"":""282/222/828""}]",False,9
arc-gen,163,18x23,8x16,"9:16,3:18",8x16,118,10,2,"[{""bbox"":""3:5,18:20"",""shape"":""3x3"",""colors"":""12"",""pattern"":""211/222/122""},{""bbox"":""5:7,13:15"",""shape"":""3x3"",""colors"":""25"",""pattern"":""255/552/252""}]",False,18
arc-gen,164,23x16,15x8,"7:21,7:14",15x8,104,16,3,"[{""bbox"":""2:4,11:13"",""shape"":""3x3"",""colors"":""26"",""pattern"":""662/622/266""},{""bbox"":""9:11,1:3"",""shape"":""3x3"",""colors"":""23"",""pattern"":""233/322/223""},{""bbox"":""15:17,0:2"",""shape"":""3x3"",""colors"":""24"",""pattern"":""222/224/224""}]",False,27
arc-gen,165,22x20,14x13,"4:17,5:17",14x13,163,19,3,"[{""bbox"":""0:2,4:6"",""shape"":""3x3"",""colors"":""24"",""pattern"":""224/442/244""},{""bbox"":""0:2,11:13"",""shape"":""3x3"",""colors"":""12"",""pattern"":""222/222/211""},{""bbox"":""0:2,17:19"",""shape"":""3x3"",""colors"":""26"",""pattern"":""262/222/222""}]",False,27
arc-gen,166,21x26,11x20,"6:16,5:24",11x20,189,30,5,"[{""bbox"":""1:3,6:8"",""shape"":""3x3"",""colors"":""24"",""pattern"":""222/222/422""},{""bbox"":""1:3,15:17"",""shape"":""3x3"",""colors"":""23"",""pattern"":""222/232/322""},{""bbox"":""2:4,21:23"",""shape"":""3x3"",""colors"":""25"",""pattern"":""525/225/525""},{""bbox"":""16:18,1:3"",""shape"":""3x3"",""colors"":""26"",""pattern"":""626/222/262""},{""bbox"":""18:20,10:12"",""shape"":""3x3"",""colors"":""29"",""pattern"":""222/292/999""}]",False,45
arc-gen,167,25x24,18x14,"1:18,1:14",18x14,221,30,5,"[{""bbox"":""1:3,19:21"",""shape"":""3x3"",""colors"":""29"",""pattern"":""229/292/222""},{""bbox"":""5:7,20:22"",""shape"":""3x3"",""colors"":""26"",""pattern"":""262/662/662""},{""bbox"":""9:11,20:22"",""shape"":""3x3"",""colors"":""25"",""pattern"":""222/222/252""},{""bbox"":""21:23,2:4"",""shape"":""3x3"",""colors"":""27"",""pattern"":""227/722/272""},{""bbox"":""21:23,20:22"",""shape"":""3x3"",""colors"":""12"",""pattern"":""111/222/122""}]",False,45
arc-gen,168,17x29,10x20,"6:15,7:26",10x20,177,23,4,"[{""bbox"":""0:2,3:5"",""shape"":""3x3"",""colors"":""27"",""pattern"":""272/227/227""},{""bbox"":""1:3,7:9"",""shape"":""3x3"",""colors"":""12"",""pattern"":""121/111/222""},{""bbox"":""1:3,12:14"",""shape"":""3x3"",""colors"":""24"",""pattern"":""424/442/222""},{""bbox"":""2:4,16:18"",""shape"":""3x3"",""colors"":""29"",""pattern"":""922/222/222""}]",False,36
arc-gen,169,29x23,19x13,"8:26,1:13",19x13,217,30,5,"[{""bbox"":""1:3,17:19"",""shape"":""3x3"",""colors"":""24"",""pattern"":""222/222/224""},{""bbox"":""2:4,7:9"",""shape"":""3x3"",""colors"":""12"",""pattern"":""222/211/121""},{""bbox"":""15:17,20:22"",""shape"":""3x3"",""colors"":""28"",""pattern"":""288/822/288""},{""bbox"":""21:23,19:21"",""shape"":""3x3"",""colors"":""26"",""pattern"":""622/222/226""},{""bbox"":""24:26,15:17"",""shape"":""3x3"",""colors"":""23"",""pattern"":""232/223/322""}]",False,45
arc-gen,170,21x23,11x16,"6:16,1:16",11x16,164,12,2,"[{""bbox"":""13:15,18:20"",""shape"":""3x3"",""colors"":""28"",""pattern"":""222/228/282""},{""bbox"":""18:20,19:21"",""shape"":""3x3"",""colors"":""24"",""pattern"":""242/224/442""}]",False,18
arc-gen,171,17x18,10x8,"2:11,2:9",10x8,72,8,1,"[{""bbox"":""5:7,13:15"",""shape"":""3x3"",""colors"":""26"",""pattern"":""222/222/226""}]",False,9
arc-gen,172,21x26,12x17,"2:13,2:18",12x17,187,17,3,"[{""bbox"":""3:5,21:23"",""shape"":""3x3"",""colors"":""25"",""pattern"":""552/255/222""},{""bbox"":""15:17,2:4"",""shape"":""3x3"",""colors"":""12"",""pattern"":""221/111/122""},{""bbox"":""16:18,16:18"",""shape"":""3x3"",""colors"":""27"",""pattern"":""222/222/272""}]",False,27
arc-gen,173,23x25,16x17,"1:16,7:23",16x17,255,17,3,"[{""bbox"":""1:3,3:5"",""shape"":""3x3"",""colors"":""24"",""pattern"":""222/422/222""},{""bbox"":""18:20,22:24"",""shape"":""3x3"",""colors"":""12"",""pattern"":""211/221/122""},{""bbox"":""19:21,16:18"",""shape"":""3x3"",""colors"":""28"",""pattern"":""882/822/882""}]",False,27
arc-gen,174,24x22,14x15,"9:22,5:19",14x15,184,26,4,"[{""bbox"":""0:2,2:4"",""shape"":""3x3"",""colors"":""29"",""pattern"":""299/229/292""},{""bbox"":""4:6,16:18"",""shape"":""3x3"",""colors"":""26"",""pattern"":""622/222/262""},{""bbox"":""5:7,3:5"",""shape"":""3x3"",""colors"":""23"",""pattern"":""332/322/222""},{""bbox"":""16:18,0:2"",""shape"":""3x3"",""colors"":""12"",""pattern"":""222/222/212""}]",False,36
arc-gen,175,17x18,12x9,"3:14,3:11",12x9,100,8,1,"[{""bbox"":""3:5,15:17"",""shape"":""3x3"",""colors"":""28"",""pattern"":""222/222/282""}]",False,9
arc-gen,176,24x16,16x8,"4:19,1:8",16x8,114,14,2,"[{""bbox"":""0:2,3:5"",""shape"":""3x3"",""colors"":""25"",""pattern"":""255/222/522""},{""bbox"":""4:6,12:14"",""shape"":""3x3"",""colors"":""26"",""pattern"":""622/222/222""}]",False,18
arc-gen,177,23x21,13x13,"7:19,5:17",13x13,146,23,4,"[{""bbox"":""0:2,2:4"",""shape"":""3x3"",""colors"":""26"",""pattern"":""262/626/222""},{""bbox"":""3:5,7:9"",""shape"":""3x3"",""colors"":""12"",""pattern"":""212/211/112""},{""bbox"":""13:15,1:3"",""shape"":""3x3"",""colors"":""27"",""pattern"":""222/222/227""},{""bbox"":""20:22,0:2"",""shape"":""3x3"",""colors"":""24"",""pattern"":""244/222/244""}]",False,36
arc-gen,178,17x27,10x17,"6:15,1:17",10x17,139,30,5,"[{""bbox"":""0:2,23:25"",""shape"":""3x3"",""colors"":""24"",""pattern"":""222/224/222""},{""bbox"":""2:4,12:14"",""shape"":""3x3"",""colors"":""27"",""pattern"":""227/222/272""},{""bbox"":""2:4,16:18"",""shape"":""3x3"",""colors"":""23"",""pattern"":""223/332/233""},{""bbox"":""6:8,22:24"",""shape"":""3x3"",""colors"":""26"",""pattern"":""266/226/222""},{""bbox"":""12:14,21:23"",""shape"":""3x3"",""colors"":""25"",""pattern"":""225/252/525""}]",False,45
arc-gen,179,21x24,11x15,"6:16,1:15",11x15,159,6,1,"[{""bbox"":""2:4,20:22"",""shape"":""3x3"",""colors"":""27"",""pattern"":""722/227/227""}]",False,9
arc-gen,180,19x28,9x19,"4:12,6:24",9x19,164,7,1,"[{""bbox"":""0:2,13:15"",""shape"":""3x3"",""colors"":""23"",""pattern"":""223/222/232""}]",False,9
arc-gen,181,22x25,16x16,"1:16,6:21",16x16,239,17,3,"[{""bbox"":""3:5,2:4"",""shape"":""3x3"",""colors"":""23"",""pattern"":""322/333/232""},{""bbox"":""13:15,0:2"",""shape"":""3x3"",""colors"":""28"",""pattern"":""822/822/288""},{""bbox"":""19:21,17:19"",""shape"":""3x3"",""colors"":""29"",""pattern"":""222/922/222""}]",False,27
arc-gen,182,25x24,19x15,"5:23,7:21",19x15,267,18,3,"[{""bbox"":""1:3,8:10"",""shape"":""3x3"",""colors"":""24"",""pattern"":""422/442/242""},{""bbox"":""16:18,3:5"",""shape"":""3x3"",""colors"":""26"",""pattern"":""626/226/222""},{""bbox"":""20:22,2:4"",""shape"":""3x3"",""colors"":""23"",""pattern"":""222/332/222""}]",False,27
arc-gen,183,26x28,16x18,"1:16,9:26",16x18,257,30,5,"[{""bbox"":""3:5,3:5"",""shape"":""3x3"",""colors"":""23"",""pattern"":""232/322/323""},{""bbox"":""11:13,1:3"",""shape"":""3x3"",""colors"":""26"",""pattern"":""626/222/222""},{""bbox"":""19:21,10:12"",""shape"":""3x3"",""colors"":""27"",""pattern"":""227/272/227""},{""bbox"":""21:23,5:7"",""shape"":""3x3"",""colors"":""24"",""pattern"":""422/222/222""},{""bbox"":""23:25,15:17"",""shape"":""3x3"",""colors"":""25"",""pattern"":""255/522/255""}]",False,45
arc-gen,184,23x25,13x20,"1:13,2:21",13x20,255,5,1,"[{""bbox"":""19:21,9:11"",""shape"":""3x3"",""colors"":""24"",""pattern"":""222/244/244""}]",False,9
arc-gen,185,18x18,9x8,"3:11,9:16",9x8,66,6,1,"[{""bbox"":""5:7,3:5"",""shape"":""3x3"",""colors"":""25"",""pattern"":""222/552/225""}]",False,9
arc-gen,186,30x17,20x9,"1:20,6:14",20x9,168,11,2,"[{""bbox"":""26:28,5:7"",""shape"":""3x3"",""colors"":""26"",""pattern"":""662/622/622""},{""bbox"":""27:29,0:2"",""shape"":""3x3"",""colors"":""25"",""pattern"":""225/252/225""}]",False,18
arc-gen,187,17x26,10x17,"5:14,6:22",10x17,149,21,3,"[{""bbox"":""0:2,8:10"",""shape"":""3x3"",""colors"":""25"",""pattern"":""222/522/225""},{""bbox"":""0:2,20:22"",""shape"":""3x3"",""colors"":""26"",""pattern"":""222/222/262""},{""bbox"":""13:15,0:2"",""shape"":""3x3"",""colors"":""23"",""pattern"":""322/332/222""}]",False,27
arc-gen,188,28x25,20x15,"1:20,9:23",20x15,276,23,4,"[{""bbox"":""9:11,5:7"",""shape"":""3x3"",""colors"":""24"",""pattern"":""444/242/224""},{""bbox"":""20:22,0:2"",""shape"":""3x3"",""colors"":""12"",""pattern"":""121/212/221""},{""bbox"":""24:26,10:12"",""shape"":""3x3"",""colors"":""27"",""pattern"":""227/222/772""},{""bbox"":""25:27,14:16"",""shape"":""3x3"",""colors"":""26"",""pattern"":""222/226/222""}]",False,36
arc-gen,189,22x21,12x12,"6:17,1:12",12x12,127,17,3,"[{""bbox"":""0:2,14:16"",""shape"":""3x3"",""colors"":""27"",""pattern"":""722/772/727""},{""bbox"":""7:9,16:18"",""shape"":""3x3"",""colors"":""28"",""pattern"":""282/222/288""},{""bbox"":""13:15,14:16"",""shape"":""3x3"",""colors"":""25"",""pattern"":""252/222/522""}]",False,27
arc-gen,190,19x27,12x17,"2:13,7:23",12x17,198,6,1,"[{""bbox"":""16:18,6:8"",""shape"":""3x3"",""colors"":""29"",""pattern"":""299/222/229""}]",False,9
arc-gen,191,27x25,20x15,"6:25,1:15",20x15,270,30,5,"[{""bbox"":""1:3,6:8"",""shape"":""3x3"",""colors"":""25"",""pattern"":""225/555/252""},{""bbox"":""4:6,19:21"",""shape"":""3x3"",""colors"":""26"",""pattern"":""222/222/622""},{""bbox"":""14:16,17:19"",""shape"":""3x3"",""colors"":""29"",""pattern"":""229/922/222""},{""bbox"":""18:20,19:21"",""shape"":""3x3"",""colors"":""23"",""pattern"":""322/323/223""},{""bbox"":""24:26,19:21"",""shape"":""3x3"",""colors"":""12"",""pattern"":""212/122/221""}]",False,45
arc-gen,192,26x23,20x14,"1:20,1:14",20x14,256,24,4,"[{""bbox"":""3:5,18:20"",""shape"":""3x3"",""colors"":""27"",""pattern"":""222/227/222""},{""bbox"":""10:12,17:19"",""shape"":""3x3"",""colors"":""23"",""pattern"":""222/233/222""},{""bbox"":""15:17,18:20"",""shape"":""3x3"",""colors"":""26"",""pattern"":""626/622/626""},{""bbox"":""23:25,12:14"",""shape"":""3x3"",""colors"":""28"",""pattern"":""828/228/228""}]",False,36
arc-gen,193,18x24,10x18,"7:16,5:22",10x18,166,14,2,"[{""bbox"":""1:3,5:7"",""shape"":""3x3"",""colors"":""23"",""pattern"":""222/222/322""},{""bbox"":""4:6,1:3"",""shape"":""3x3"",""colors"":""27"",""pattern"":""222/727/272""}]",False,18
arc-gen,194,25x26,15x16,"9:23,7:22",15x16,214,25,4,"[{""bbox"":""2:4,8:10"",""shape"":""3x3"",""colors"":""12"",""pattern"":""111/222/211""},{""bbox"":""5:7,1:3"",""shape"":""3x3"",""colors"":""26"",""pattern"":""262/262/622""},{""bbox"":""5:7,15:17"",""shape"":""3x3"",""colors"":""29"",""pattern"":""922/222/222""},{""bbox"":""14:16,0:2"",""shape"":""3x3"",""colors"":""25"",""pattern"":""225/252/222""}]",False,36
arc-gen,195,15x20,9x11,"1:9,2:12",9x11,80,19,3,"[{""bbox"":""7:9,14:16"",""shape"":""3x3"",""colors"":""24"",""pattern"":""222/422/222""},{""bbox"":""11:13,17:19"",""shape"":""3x3"",""colors"":""27"",""pattern"":""722/227/222""},{""bbox"":""12:14,2:4"",""shape"":""3x3"",""colors"":""23"",""pattern"":""322/333/223""}]",False,27
arc-gen,196,24x22,18x12,"2:19,1:12",18x12,198,18,3,"[{""bbox"":""4:6,19:21"",""shape"":""3x3"",""colors"":""23"",""pattern"":""322/222/232""},{""bbox"":""20:22,18:20"",""shape"":""3x3"",""colors"":""12"",""pattern"":""212/122/112""},{""bbox"":""21:23,13:15"",""shape"":""3x3"",""colors"":""27"",""pattern"":""727/222/722""}]",False,27
arc-gen,197,19x20,12x13,"5:16,6:18",12x13,144,12,2,"[{""bbox"":""2:4,0:2"",""shape"":""3x3"",""colors"":""12"",""pattern"":""112/222/111""},{""bbox"":""13:15,1:3"",""shape"":""3x3"",""colors"":""23"",""pattern"":""222/222/322""}]",False,18
arc-gen,198,20x23,10x13,"2:11,3:15",10x13,124,6,1,"[{""bbox"":""11:13,18:20"",""shape"":""3x3"",""colors"":""28"",""pattern"":""282/222/882""}]",False,9
arc-gen,199,21x22,15x12,"2:16,9:20",15x12,164,16,3,"[{""bbox"":""4:6,1:3"",""shape"":""3x3"",""colors"":""28"",""pattern"":""288/222/222""},{""bbox"":""9:11,1:3"",""shape"":""3x3"",""colors"":""24"",""pattern"":""444/242/422""},{""bbox"":""10:12,5:7"",""shape"":""3x3"",""colors"":""29"",""pattern"":""292/929/922""}]",False,27
arc-gen,200,27x28,17x18,"9:25,4:21",17x18,282,24,4,"[{""bbox"":""0:2,0:2"",""shape"":""3x3"",""colors"":""24"",""pattern"":""222/222/242""},{""bbox"":""1:3,18:20"",""shape"":""3x3"",""colors"":""25"",""pattern"":""522/225/222""},{""bbox"":""3:5,6:8"",""shape"":""3x3"",""colors"":""12"",""pattern"":""111/122/222""},{""bbox"":""17:19,0:2"",""shape"":""3x3"",""colors"":""26"",""pattern"":""266/226/662""}]",False,36
arc-gen,201,26x17,16x10,"4:19,1:10",16x10,146,13,2,"[{""bbox"":""11:13,14:16"",""shape"":""3x3"",""colors"":""26"",""pattern"":""226/262/622""},{""bbox"":""17:19,14:16"",""shape"":""3x3"",""colors"":""27"",""pattern"":""227/227/222""}]",False,18
arc-gen,202,30x24,20x14,"1:20,2:15",20x14,250,30,5,"[{""bbox"":""1:3,17:19"",""shape"":""3x3"",""colors"":""12"",""pattern"":""112/222/211""},{""bbox"":""5:7,19:21"",""shape"":""3x3"",""colors"":""28"",""pattern"":""282/882/222""},{""bbox"":""14:16,21:23"",""shape"":""3x3"",""colors"":""26"",""pattern"":""222/622/222""},{""bbox"":""23:25,7:9"",""shape"":""3x3"",""colors"":""29"",""pattern"":""292/992/992""},{""bbox"":""25:27,19:21"",""shape"":""3x3"",""colors"":""25"",""pattern"":""222/525/222""}]",False,45
arc-gen,203,21x23,15x15,"5:19,2:16",15x15,195,30,5,"[{""bbox"":""0:2,12:14"",""shape"":""3x3"",""colors"":""23"",""pattern"":""222/222/322""},{""bbox"":""1:3,2:4"",""shape"":""3x3"",""colors"":""12"",""pattern"":""222/121/112""},{""bbox"":""1:3,6:8"",""shape"":""3x3"",""colors"":""25"",""pattern"":""225/522/225""},{""bbox"":""1:3,18:20"",""shape"":""3x3"",""colors"":""27"",""pattern"":""727/227/727""},{""bbox"":""10:12,20:22"",""shape"":""3x3"",""colors"":""26"",""pattern"":""662/222/222""}]",False,45
arc-gen,204,27x26,17x16,"7:23,6:21",17x16,242,30,5,"[{""bbox"":""0:2,16:18"",""shape"":""3x3"",""colors"":""28"",""pattern"":""222/228/828""},{""bbox"":""1:3,21:23"",""shape"":""3x3"",""colors"":""29"",""pattern"":""222/929/222""},{""bbox"":""2:4,10:12"",""shape"":""3x3"",""colors"":""23"",""pattern"":""332/223/323""},{""bbox"":""3:5,4:6"",""shape"":""3x3"",""colors"":""27"",""pattern"":""277/222/772""},{""bbox"":""21:23,23:25"",""shape"":""3x3"",""colors"":""25"",""pattern"":""252/222/222""}]",False,45
arc-gen,205,26x18,19x8,"6:24,9:16",19x8,143,9,2,"[{""bbox"":""5:7,2:4"",""shape"":""3x3"",""colors"":""27"",""pattern"":""727/277/272""},{""bbox"":""12:14,4:6"",""shape"":""3x3"",""colors"":""24"",""pattern"":""422/244/422""}]",False,18
arc-gen,206,14x23,8x13,"1:8,9:21",8x13,87,17,3,"[{""bbox"":""0:2,1:3"",""shape"":""3x3"",""colors"":""25"",""pattern"":""522/222/522""},{""bbox"":""5:7,4:6"",""shape"":""3x3"",""colors"":""26"",""pattern"":""262/222/266""},{""bbox"":""11:13,8:10"",""shape"":""3x3"",""colors"":""27"",""pattern"":""227/727/727""}]",False,27
arc-gen,207,24x20,18x11,"1:18,8:18",18x11,173,25,4,"[{""bbox"":""7:9,3:5"",""shape"":""3x3"",""colors"":""27"",""pattern"":""227/722/222""},{""bbox"":""11:13,4:6"",""shape"":""3x3"",""colors"":""12"",""pattern"":""212/222/222""},{""bbox"":""20:22,16:18"",""shape"":""3x3"",""colors"":""24"",""pattern"":""242/442/442""},{""bbox"":""21:23,8:10"",""shape"":""3x3"",""colors"":""26"",""pattern"":""262/266/222""}]",False,36
arc-gen,208,26x27,20x17,"5:24,9:25",20x17,314,26,4,"[{""bbox"":""1:3,15:17"",""shape"":""3x3"",""colors"":""29"",""pattern"":""992/222/992""},{""bbox"":""5:7,5:7"",""shape"":""3x3"",""colors"":""12"",""pattern"":""221/222/122""},{""bbox"":""15:17,0:2"",""shape"":""3x3"",""colors"":""26"",""pattern"":""226/266/222""},{""bbox"":""19:21,0:2"",""shape"":""3x3"",""colors"":""23"",""pattern"":""222/223/222""}]",False,36
arc-gen,209,26x29,18x19,"7:24,4:22",18x19,312,30,5,"[{""bbox"":""0:2,7:9"",""shape"":""3x3"",""colors"":""27"",""pattern"":""727/772/722""},{""bbox"":""0:2,14:16"",""shape"":""3x3"",""colors"":""24"",""pattern"":""242/222/424""},{""bbox"":""3:5,23:25"",""shape"":""3x3"",""colors"":""23"",""pattern"":""322/222/223""},{""bbox"":""9:11,24:26"",""shape"":""3x3"",""colors"":""28"",""pattern"":""882/282/822""},{""bbox"":""14:16,26:28"",""shape"":""3x3"",""colors"":""12"",""pattern"":""221/222/222""}]",False,45
arc-gen,210,28x17,18x10,"6:23,6:15",18x10,169,10,2,"[{""bbox"":""1:3,10:12"",""shape"":""3x3"",""colors"":""25"",""pattern"":""225/252/225""},{""bbox"":""3:5,0:2"",""shape"":""3x3"",""colors"":""28"",""pattern"":""882/282/882""}]",False,18
arc-gen,211,29x30,19x20,"9:27,1:20",19x20,355,25,4,"[{""bbox"":""2:4,16:18"",""shape"":""3x3"",""colors"":""23"",""pattern"":""233/232/233""},{""bbox"":""3:5,12:14"",""shape"":""3x3"",""colors"":""24"",""pattern"":""222/242/242""},{""bbox"":""4:6,0:2"",""shape"":""3x3"",""colors"":""25"",""pattern"":""552/222/225""},{""bbox"":""5:7,4:6"",""shape"":""3x3"",""colors"":""26"",""pattern"":""226/222/222""}]",False,36
arc-gen,212,21x28,12x19,"7:18,8:26",12x19,210,18,3,"[{""bbox"":""2:4,7:9"",""shape"":""3x3"",""colors"":""26"",""pattern"":""622/226/222""},{""bbox"":""2:4,24:26"",""shape"":""3x3"",""colors"":""24"",""pattern"":""244/242/242""},{""bbox"":""18:20,2:4"",""shape"":""3x3"",""colors"":""28"",""pattern"":""222/828/282""}]",False,27
arc-gen,213,20x19,11x11,"3:13,5:15",11x11,116,5,1,"[{""bbox"":""9:11,0:2"",""shape"":""3x3"",""colors"":""28"",""pattern"":""822/228/288""}]",False,9
arc-gen,214,27x29,20x19,"2:21,9:27",20x19,368,12,2,"[{""bbox"":""8:10,2:4"",""shape"":""3x3"",""colors"":""26"",""pattern"":""262/222/226""},{""bbox"":""23:25,9:11"",""shape"":""3x3"",""colors"":""27"",""pattern"":""772/727/222""}]",False,18
arc-gen,215,26x23,17x16,"8:24,2:17",17x16,250,22,4,"[{""bbox"":""0:2,6:8"",""shape"":""3x3"",""colors"":""12"",""pattern"":""122/222/122""},{""bbox"":""4:6,18:20"",""shape"":""3x3"",""colors"":""28"",""pattern"":""822/882/222""},{""bbox"":""16:18,20:22"",""shape"":""3x3"",""colors"":""26"",""pattern"":""666/222/262""},{""bbox"":""23:25,20:22"",""shape"":""3x3"",""colors"":""29"",""pattern"":""929/299/292""}]",False,36
arc-gen,216,19x25,9x15,"4:12,4:18",9x15,115,19,3,"[{""bbox"":""5:7,22:24"",""shape"":""3x3"",""colors"":""29"",""pattern"":""222/929/992""},{""bbox"":""12:14,0:2"",""shape"":""3x3"",""colors"":""28"",""pattern"":""222/822/222""},{""bbox"":""16:18,22:24"",""shape"":""3x3"",""colors"":""27"",""pattern"":""227/272/722""}]",False,27
arc-gen,217,24x27,15x17,"1:15,2:18",15x17,231,24,4,"[{""bbox"":""6:8,21:23"",""shape"":""3x3"",""colors"":""28"",""pattern"":""228/222/822""},{""bbox"":""10:12,22:24"",""shape"":""3x3"",""colors"":""12"",""pattern"":""212/221/121""},{""bbox"":""20:22,12:14"",""shape"":""3x3"",""colors"":""27"",""pattern"":""222/222/272""},{""bbox"":""21:23,5:7"",""shape"":""3x3"",""colors"":""23"",""pattern"":""232/233/332""}]",False,36
arc-gen,218,17x28,11x20,"5:15,7:26",11x20,190,30,5,"[{""bbox"":""0:2,5:7"",""shape"":""3x3"",""colors"":""28"",""pattern"":""822/282/282""},{""bbox"":""1:3,9:11"",""shape"":""3x3"",""colors"":""26"",""pattern"":""262/226/666""},{""bbox"":""1:3,14:16"",""shape"":""3x3"",""colors"":""25"",""pattern"":""222/222/252""},{""bbox"":""6:8,0:2"",""shape"":""3x3"",""colors"":""27"",""pattern"":""727/222/222""},{""bbox"":""11:13,0:2"",""shape"":""3x3"",""colors"":""24"",""pattern"":""224/242/442""}]",False,45
arc-gen,219,26x26,18x16,"1:18,7:22",18x16,270,18,3,"[{""bbox"":""10:12,0:2"",""shape"":""3x3"",""colors"":""24"",""pattern"":""224/422/242""},{""bbox"":""21:23,9:11"",""shape"":""3x3"",""colors"":""27"",""pattern"":""727/222/777""},{""bbox"":""22:24,23:25"",""shape"":""3x3"",""colors"":""28"",""pattern"":""222/228/222""}]",False,27
arc-gen,220,19x29,10x19,"5:14,3:21",10x19,165,25,4,"[{""bbox"":""0:2,3:5"",""shape"":""3x3"",""colors"":""27"",""pattern"":""222/722/227""},{""bbox"":""2:4,26:28"",""shape"":""3x3"",""colors"":""28"",""pattern"":""228/222/222""},{""bbox"":""12:14,25:27"",""shape"":""3x3"",""colors"":""12"",""pattern"":""111/222/112""},{""bbox"":""16:18,11:13"",""shape"":""3x3"",""colors"":""23"",""pattern"":""232/322/223""}]",False,36
arc-gen,221,30x20,20x11,"3:22,2:12",20x11,208,12,2,"[{""bbox"":""8:10,15:17"",""shape"":""3x3"",""colors"":""25"",""pattern"":""522/252/552""},{""bbox"":""24:26,11:13"",""shape"":""3x3"",""colors"":""24"",""pattern"":""422/222/242""}]",False,18
arc-gen,222,21x23,15x15,"1:15,1:15",15x15,207,18,3,"[{""bbox"":""4:6,18:20"",""shape"":""3x3"",""colors"":""28"",""pattern"":""222/822/222""},{""bbox"":""12:14,19:21"",""shape"":""3x3"",""colors"":""23"",""pattern"":""322/323/233""},{""bbox"":""18:20,3:5"",""shape"":""3x3"",""colors"":""24"",""pattern"":""422/222/424""}]",False,27
arc-gen,223,28x25,18x15,"4:21,6:20",18x15,245,24,4,"[{""bbox"":""0:2,4:6"",""shape"":""3x3"",""colors"":""24"",""pattern"":""244/422/224""},{""bbox"":""13:15,22:24"",""shape"":""3x3"",""colors"":""29"",""pattern"":""292/222/222""},{""bbox"":""17:19,2:4"",""shape"":""3x3"",""colors"":""28"",""pattern"":""222/282/822""},{""bbox"":""25:27,2:4"",""shape"":""3x3"",""colors"":""12"",""pattern"":""112/112/221""}]",False,36
arc-gen,224,24x26,16x16,"7:22,1:16",16x16,231,25,4,"[{""bbox"":""0:2,6:8"",""shape"":""3x3"",""colors"":""23"",""pattern"":""223/223/222""},{""bbox"":""7:9,21:23"",""shape"":""3x3"",""colors"":""27"",""pattern"":""227/277/277""},{""bbox"":""11:13,21:23"",""shape"":""3x3"",""colors"":""25"",""pattern"":""222/222/225""},{""bbox"":""18:20,19:21"",""shape"":""3x3"",""colors"":""26"",""pattern"":""622/222/266""}]",False,36
arc-gen,225,20x22,12x14,"6:17,7:20",12x14,162,6,1,"[{""bbox"":""1:3,19:21"",""shape"":""3x3"",""colors"":""23"",""pattern"":""232/223/232""}]",False,9
arc-gen,226,27x17,18x10,"6:23,1:10",18x10,155,25,4,"[{""bbox"":""0:2,1:3"",""shape"":""3x3"",""colors"":""28"",""pattern"":""228/228/822""},{""bbox"":""1:3,12:14"",""shape"":""3x3"",""colors"":""24"",""pattern"":""222/244/444""},{""bbox"":""15:17,14:16"",""shape"":""3x3"",""colors"":""25"",""pattern"":""222/255/222""},{""bbox"":""20:22,12:14"",""shape"":""3x3"",""colors"":""27"",""pattern"":""222/222/272""}]",False,36
arc-gen,227,26x19,18x10,"6:23,8:17",18x10,162,18,3,"[{""bbox"":""0:2,6:8"",""shape"":""3x3"",""colors"":""12"",""pattern"":""221/112/221""},{""bbox"":""16:18,4:6"",""shape"":""3x3"",""colors"":""23"",""pattern"":""332/222/322""},{""bbox"":""20:22,1:3"",""shape"":""3x3"",""colors"":""24"",""pattern"":""222/422/224""}]",False,27
arc-gen,228,19x16,10x10,"3:12,5:14",10x10,92,8,1,"[{""bbox"":""16:18,5:7"",""shape"":""3x3"",""colors"":""25"",""pattern"":""225/222/222""}]",False,9
arc-gen,229,23x27,13x20,"5:17,1:20",13x20,236,24,4,"[{""bbox"":""0:2,4:6"",""shape"":""3x3"",""colors"":""27"",""pattern"":""722/222/222""},{""bbox"":""1:3,8:10"",""shape"":""3x3"",""colors"":""29"",""pattern"":""929/929/222""},{""bbox"":""10:12,24:26"",""shape"":""3x3"",""colors"":""25"",""pattern"":""222/225/522""},{""bbox"":""20:22,3:5"",""shape"":""3x3"",""colors"":""24"",""pattern"":""222/424/444""}]",False,36
arc-gen,230,21x29,11x20,"1:11,6:25",11x20,190,30,5,"[{""bbox"":""6:8,1:3"",""shape"":""3x3"",""colors"":""24"",""pattern"":""422/244/222""},{""bbox"":""13:15,23:25"",""shape"":""3x3"",""colors"":""25"",""pattern"":""225/552/252""},{""bbox"":""15:17,4:6"",""shape"":""3x3"",""colors"":""12"",""pattern"":""112/211/212""},{""bbox"":""15:17,13:15"",""shape"":""3x3"",""colors"":""29"",""pattern"":""292/222/222""},{""bbox"":""16:18,0:2"",""shape"":""3x3"",""colors"":""23"",""pattern"":""223/223/222""}]",False,45
arc-gen,231,27x22,18x12,"5:22,2:13",18x12,186,30,5,"[{""bbox"":""0:2,10:12"",""shape"":""3x3"",""colors"":""12"",""pattern"":""211/222/221""},{""bbox"":""0:2,14:16"",""shape"":""3x3"",""colors"":""29"",""pattern"":""222/222/229""},{""bbox"":""12:14,17:19"",""shape"":""3x3"",""colors"":""24"",""pattern"":""442/244/224""},{""bbox"":""24:26,5:7"",""shape"":""3x3"",""colors"":""26"",""pattern"":""222/622/622""},{""bbox"":""24:26,13:15"",""shape"":""3x3"",""colors"":""25"",""pattern"":""252/255/225""}]",False,45
arc-gen,232,27x24,17x15,"5:21,2:16",17x15,230,25,4,"[{""bbox"":""5:7,20:22"",""shape"":""3x3"",""colors"":""29"",""pattern"":""292/922/292""},{""bbox"":""12:14,20:22"",""shape"":""3x3"",""colors"":""26"",""pattern"":""226/222/622""},{""bbox"":""17:19,19:21"",""shape"":""3x3"",""colors"":""25"",""pattern"":""225/222/222""},{""bbox"":""21:23,20:22"",""shape"":""3x3"",""colors"":""12"",""pattern"":""222/111/211""}]",False,36
arc-gen,233,19x24,13x14,"1:13,3:16",13x14,171,11,2,"[{""bbox"":""8:10,19:21"",""shape"":""3x3"",""colors"":""23"",""pattern"":""232/223/323""},{""bbox"":""15:17,11:13"",""shape"":""3x3"",""colors"":""28"",""pattern"":""828/228/222""}]",False,18
arc-gen,234,26x13,18x9,"4:21,1:9",18x9,151,11,2,"[{""bbox"":""0:2,7:9"",""shape"":""3x3"",""colors"":""25"",""pattern"":""252/225/252""},{""bbox"":""23:25,5:7"",""shape"":""3x3"",""colors"":""24"",""pattern"":""242/242/424""}]",False,18
arc-gen,235,26x28,17x19,"1:17,5:23",17x19,293,30,5,"[{""bbox"":""8:10,1:3"",""shape"":""3x3"",""colors"":""29"",""pattern"":""292/929/292""},{""bbox"":""19:21,1:3"",""shape"":""3x3"",""colors"":""25"",""pattern"":""225/222/222""},{""bbox"":""19:21,20:22"",""shape"":""3x3"",""colors"":""28"",""pattern"":""282/288/288""},{""bbox"":""20:22,13:15"",""shape"":""3x3"",""colors"":""27"",""pattern"":""222/222/277""},{""bbox"":""23:25,9:11"",""shape"":""3x3"",""colors"":""12"",""pattern"":""212/122/221""}]",False,45
arc-gen,236,28x26,19x16,"1:19,2:17",19x16,286,18,3,"[{""bbox"":""14:16,20:22"",""shape"":""3x3"",""colors"":""26"",""pattern"":""222/266/622""},{""bbox"":""18:20,19:21"",""shape"":""3x3"",""colors"":""25"",""pattern"":""252/252/525""},{""bbox"":""23:25,19:21"",""shape"":""3x3"",""colors"":""28"",""pattern"":""228/222/822""}]",False,27
arc-gen,237,22x19,12x9,"4:15,8:16",12x9,89,19,3,"[{""bbox"":""0:2,10:12"",""shape"":""3x3"",""colors"":""28"",""pattern"":""228/282/282""},{""bbox"":""0:2,16:18"",""shape"":""3x3"",""colors"":""26"",""pattern"":""226/222/222""},{""bbox"":""19:21,1:3"",""shape"":""3x3"",""colors"":""12"",""pattern"":""112/122/122""}]",False,27
arc-gen,238,25x21,15x11,"4:18,6:16",15x11,153,12,2,"[{""bbox"":""0:2,17:19"",""shape"":""3x3"",""colors"":""29"",""pattern"":""222/222/922""},{""bbox"":""21:23,5:7"",""shape"":""3x3"",""colors"":""23"",""pattern"":""323/232/332""}]",False,18
arc-gen,239,26x18,16x9,"9:24,5:13",16x9,136,8,1,"[{""bbox"":""1:3,14:16"",""shape"":""3x3"",""colors"":""29"",""pattern"":""229/222/222""}]",False,9
arc-gen,240,30x22,20x12,"1:20,7:18",20x12,210,30,5,"[{""bbox"":""0:2,1:3"",""shape"":""3x3"",""colors"":""27"",""pattern"":""272/722/272""},{""bbox"":""21:23,0:2"",""shape"":""3x3"",""colors"":""26"",""pattern"":""222/222/622""},{""bbox"":""25:27,15:17"",""shape"":""3x3"",""colors"":""28"",""pattern"":""222/228/822""},{""bbox"":""26:28,11:13"",""shape"":""3x3"",""colors"":""29"",""pattern"":""992/992/922""},{""bbox"":""26:28,19:21"",""shape"":""3x3"",""colors"":""24"",""pattern"":""442/244/222""}]",False,45
arc-gen,241,28x27,18x19,"9:26,7:25",18x19,312,30,5,"[{""bbox"":""0:2,21:23"",""shape"":""3x3"",""colors"":""27"",""pattern"":""222/272/277""},{""bbox"":""2:4,17:19"",""shape"":""3x3"",""colors"":""25"",""pattern"":""222/222/252""},{""bbox"":""5:7,2:4"",""shape"":""3x3"",""colors"":""28"",""pattern"":""282/828/828""},{""bbox"":""9:11,3:5"",""shape"":""3x3"",""colors"":""24"",""pattern"":""224/244/242""},{""bbox"":""13:15,2:4"",""shape"":""3x3"",""colors"":""12"",""pattern"":""211/222/222""}]",False,45
arc-gen,242,21x26,12x16,"7:18,6:21",12x16,166,26,4,"[{""bbox"":""1:3,16:18"",""shape"":""3x3"",""colors"":""12"",""pattern"":""122/122/212""},{""bbox"":""2:4,20:22"",""shape"":""3x3"",""colors"":""26"",""pattern"":""222/226/666""},{""bbox"":""6:8,1:3"",""shape"":""3x3"",""colors"":""28"",""pattern"":""222/222/228""},{""bbox"":""11:13,2:4"",""shape"":""3x3"",""colors"":""29"",""pattern"":""292/222/922""}]",False,36
arc-gen,243,24x20,16x11,"6:21,2:12",16x11,146,30,5,"[{""bbox"":""0:2,15:17"",""shape"":""3x3"",""colors"":""29"",""pattern"":""229/992/222""},{""bbox"":""1:3,4:6"",""shape"":""3x3"",""colors"":""12"",""pattern"":""212/112/212""},{""bbox"":""2:4,9:11"",""shape"":""3x3"",""colors"":""26"",""pattern"":""222/622/222""},{""bbox"":""5:7,15:17"",""shape"":""3x3"",""colors"":""27"",""pattern"":""777/272/722""},{""bbox"":""16:18,16:18"",""shape"":""3x3"",""colors"":""25"",""pattern"":""525/222/222""}]",False,45
arc-gen,244,27x29,17x20,"9:25,7:26",17x20,310,30,5,"[{""bbox"":""2:4,13:15"",""shape"":""3x3"",""colors"":""26"",""pattern"":""266/262/222""},{""bbox"":""4:6,24:26"",""shape"":""3x3"",""colors"":""23"",""pattern"":""223/332/233""},{""bbox"":""6:8,1:3"",""shape"":""3x3"",""colors"":""27"",""pattern"":""272/222/222""},{""bbox"":""14:16,0:2"",""shape"":""3x3"",""colors"":""28"",""pattern"":""822/222/822""},{""bbox"":""22:24,0:2"",""shape"":""3x3"",""colors"":""29"",""pattern"":""292/299/292""}]",False,45
arc-gen,245,29x20,20x14,"2:21,5:18",20x14,265,15,2,"[{""bbox"":""17:19,1:3"",""shape"":""3x3"",""colors"":""24"",""pattern"":""224/222/242""},{""bbox"":""26:28,14:16"",""shape"":""3x3"",""colors"":""29"",""pattern"":""222/222/229""}]",False,18
arc-gen,246,24x25,14x17,"9:22,3:19",14x17,208,30,5,"[{""bbox"":""0:2,5:7"",""shape"":""3x3"",""colors"":""26"",""pattern"":""226/266/226""},{""bbox"":""0:2,21:23"",""shape"":""3x3"",""colors"":""24"",""pattern"":""224/222/222""},{""bbox"":""1:3,1:3"",""shape"":""3x3"",""colors"":""23"",""pattern"":""332/322/332""},{""bbox"":""2:4,11:13"",""shape"":""3x3"",""colors"":""29"",""pattern"":""222/922/922""},{""bbox"":""16:18,22:24"",""shape"":""3x3"",""colors"":""12"",""pattern"":""212/121/222""}]",False,45
arc-gen,247,25x30,16x20,"1:16,6:25",16x20,290,30,5,"[{""bbox"":""3:5,0:2"",""shape"":""3x3"",""colors"":""28"",""pattern"":""882/222/228""},{""bbox"":""9:11,27:29"",""shape"":""3x3"",""colors"":""25"",""pattern"":""522/525/522""},{""bbox"":""20:22,16:18"",""shape"":""3x3"",""colors"":""27"",""pattern"":""227/222/222""},{""bbox"":""21:23,21:23"",""shape"":""3x3"",""colors"":""26"",""pattern"":""626/662/622""},{""bbox"":""22:24,11:13"",""shape"":""3x3"",""colors"":""12"",""pattern"":""221/221/222""}]",False,45
arc-gen,248,21x24,13x14,"1:13,1:14",13x14,156,26,4,"[{""bbox"":""6:8,19:21"",""shape"":""3x3"",""colors"":""25"",""pattern"":""225/225/522""},{""bbox"":""16:18,1:3"",""shape"":""3x3"",""colors"":""26"",""pattern"":""262/222/622""},{""bbox"":""16:18,6:8"",""shape"":""3x3"",""colors"":""29"",""pattern"":""292/222/222""},{""bbox"":""17:19,10:12"",""shape"":""3x3"",""colors"":""28"",""pattern"":""882/822/822""}]",False,36
arc-gen,249,20x28,13x20,"6:18,7:26",13x20,229,30,5,"[{""bbox"":""0:2,0:2"",""shape"":""3x3"",""colors"":""28"",""pattern"":""822/228/288""},{""bbox"":""0:2,14:16"",""shape"":""3x3"",""colors"":""26"",""pattern"":""226/622/262""},{""bbox"":""0:2,20:22"",""shape"":""3x3"",""colors"":""27"",""pattern"":""227/272/222""},{""bbox"":""5:7,0:2"",""shape"":""3x3"",""colors"":""29"",""pattern"":""229/222/222""},{""bbox"":""15:17,2:4"",""shape"":""3x3"",""colors"":""25"",""pattern"":""225/552/255""}]",False,45
arc-gen,250,25x23,17x14,"2:18,2:15",17x14,220,18,3,"[{""bbox"":""15:17,20:22"",""shape"":""3x3"",""colors"":""12"",""pattern"":""212/122/221""},{""bbox"":""22:24,6:8"",""shape"":""3x3"",""colors"":""25"",""pattern"":""222/555/225""},{""bbox"":""22:24,13:15"",""shape"":""3x3"",""colors"":""26"",""pattern"":""222/226/622""}]",False,27
arc-gen,251,18x27,11x17,"1:11,9:25",11x17,165,22,4,"[{""bbox"":""1:3,1:3"",""shape"":""3x3"",""colors"":""23"",""pattern"":""223/232/232""},{""bbox"":""4:6,5:7"",""shape"":""3x3"",""colors"":""29"",""pattern"":""222/222/992""},{""bbox"":""13:15,5:7"",""shape"":""3x3"",""colors"":""24"",""pattern"":""424/224/422""},{""bbox"":""15:17,12:14"",""shape"":""3x3"",""colors"":""12"",""pattern"":""211/122/211""}]",False,36
arc-gen,252,24x27,14x18,"4:17,7:24",14x18,222,30,5,"[{""bbox"":""0:2,10:12"",""shape"":""3x3"",""colors"":""23"",""pattern"":""222/322/332""},{""bbox"":""0:2,17:19"",""shape"":""3x3"",""colors"":""28"",""pattern"":""228/288/288""},{""bbox"":""12:14,0:2"",""shape"":""3x3"",""colors"":""24"",""pattern"":""242/222/224""},{""bbox"":""19:21,22:24"",""shape"":""3x3"",""colors"":""26"",""pattern"":""222/222/226""},{""bbox"":""21:23,10:12"",""shape"":""3x3"",""colors"":""12"",""pattern"":""222/112/211""}]",False,45
arc-gen,253,23x20,13x12,"6:18,7:18",13x12,133,23,4,"[{""bbox"":""0:2,16:18"",""shape"":""3x3"",""colors"":""24"",""pattern"":""222/222/224""},{""bbox"":""2:4,11:13"",""shape"":""3x3"",""colors"":""27"",""pattern"":""272/222/772""},{""bbox"":""4:6,3:5"",""shape"":""3x3"",""colors"":""25"",""pattern"":""222/555/225""},{""bbox"":""20:22,6:8"",""shape"":""3x3"",""colors"":""29"",""pattern"":""929/992/922""}]",False,36
arc-gen,254,17x28,9x19,"1:9,1:19",9x19,154,17,3,"[{""bbox"":""0:2,25:27"",""shape"":""3x3"",""colors"":""27"",""pattern"":""222/277/222""},{""bbox"":""4:6,21:23"",""shape"":""3x3"",""colors"":""29"",""pattern"":""229/292/999""},{""bbox"":""11:13,21:23"",""shape"":""3x3"",""colors"":""24"",""pattern"":""222/422/424""}]",False,27
arc-gen,255,29x25,19x18,"8:26,6:23",19x18,318,24,4,"[{""bbox"":""1:3,10:12"",""shape"":""3x3"",""colors"":""26"",""pattern"":""262/626/626""},{""bbox"":""2:4,17:19"",""shape"":""3x3"",""colors"":""25"",""pattern"":""225/225/222""},{""bbox"":""4:6,6:8"",""shape"":""3x3"",""colors"":""29"",""pattern"":""992/292/229""},{""bbox"":""10:12,1:3"",""shape"":""3x3"",""colors"":""24"",""pattern"":""222/222/422""}]",False,36
arc-gen,256,30x23,20x16,"1:20,6:21",20x16,301,19,3,"[{""bbox"":""9:11,0:2"",""shape"":""3x3"",""colors"":""26"",""pattern"":""226/222/222""},{""bbox"":""23:25,20:22"",""shape"":""3x3"",""colors"":""23"",""pattern"":""223/322/223""},{""bbox"":""26:28,1:3"",""shape"":""3x3"",""colors"":""28"",""pattern"":""222/228/888""}]",False,27
arc-gen,257,25x25,15x16,"7:21,7:22",15x16,210,30,5,"[{""bbox"":""0:2,21:23"",""shape"":""3x3"",""colors"":""26"",""pattern"":""226/662/222""},{""bbox"":""1:3,12:14"",""shape"":""3x3"",""colors"":""23"",""pattern"":""222/223/222""},{""bbox"":""3:5,8:10"",""shape"":""3x3"",""colors"":""28"",""pattern"":""282/228/828""},{""bbox"":""7:9,3:5"",""shape"":""3x3"",""colors"":""25"",""pattern"":""222/225/252""},{""bbox"":""12:14,0:2"",""shape"":""3x3"",""colors"":""12"",""pattern"":""212/112/121""}]",False,45
arc-gen,258,24x24,18x15,"5:22,8:22",18x15,240,30,5,"[{""bbox"":""0:2,1:3"",""shape"":""3x3"",""colors"":""24"",""pattern"":""422/222/422""},{""bbox"":""1:3,8:10"",""shape"":""3x3"",""colors"":""12"",""pattern"":""221/212/212""},{""bbox"":""1:3,14:16"",""shape"":""3x3"",""colors"":""28"",""pattern"":""828/822/882""},{""bbox"":""16:18,0:2"",""shape"":""3x3"",""colors"":""26"",""pattern"":""222/662/626""},{""bbox"":""21:23,3:5"",""shape"":""3x3"",""colors"":""27"",""pattern"":""222/227/222""}]",False,45
arc-gen,259,27x20,17x10,"5:21,8:17",17x10,145,25,4,"[{""bbox"":""1:3,0:2"",""shape"":""3x3"",""colors"":""29"",""pattern"":""922/222/229""},{""bbox"":""7:9,3:5"",""shape"":""3x3"",""colors"":""27"",""pattern"":""222/727/777""},{""bbox"":""23:25,9:11"",""shape"":""3x3"",""colors"":""24"",""pattern"":""242/442/222""},{""bbox"":""24:26,4:6"",""shape"":""3x3"",""colors"":""25"",""pattern"":""222/222/225""}]",False,36
arc-gen,260,25x28,18x18,"1:18,3:20",18x18,307,17,3,"[{""bbox"":""2:4,24:26"",""shape"":""3x3"",""colors"":""26"",""pattern"":""622/662/626""},{""bbox"":""8:10,24:26"",""shape"":""3x3"",""colors"":""23"",""pattern"":""322/322/223""},{""bbox"":""20:22,23:25"",""shape"":""3x3"",""colors"":""25"",""pattern"":""252/222/252""}]",False,27
arc-gen,261,24x22,15x12,"8:22,1:12",15x12,150,30,5,"[{""bbox"":""1:3,9:11"",""shape"":""3x3"",""colors"":""12"",""pattern"":""121/122/211""},{""bbox"":""9:11,14:16"",""shape"":""3x3"",""colors"":""25"",""pattern"":""255/552/222""},{""bbox"":""10:12,18:20"",""shape"":""3x3"",""colors"":""29"",""pattern"":""229/222/222""},{""bbox"":""15:17,18:20"",""shape"":""3x3"",""colors"":""24"",""pattern"":""224/442/222""},{""bbox"":""19:21,15:17"",""shape"":""3x3"",""colors"":""27"",""pattern"":""222/772/222""}]",False,45
