task,priority,base_cost,base_points,source,source_kind,source_member,sha256,bytes,valid,candidate_cost,candidate_points,delta_cost,delta_points,beats_current,reason
task133,P0_lt16,21278,15.034571,work/public-kernel-outputs/latest_lucifer_1101/submission.zip::task133.onnx,zip,task133.onnx,ea6097d14eec19feb2993341b51acb371a66c8386c805363a09316d5e0e0a079,6439,False,,,,,False,NotImplemented: [ONNXRuntimeError] : 9 : NOT_IMPLEMENTED : Could not find an implementation for Equal(13) node with name 'safe_name_79'
task133,P0_lt16,21278,15.034571,work/new_public_kernel_outputs/20260612/seddiktrk_surgical_onnx_precision_parameter_reduction/submission.zip::submission/overrides/task133.onnx,zip,submission/overrides/task133.onnx,9edf1c3c55da43a4713afa308b0dcec5affdbcfc32263e788c14b8caa98cea89,24471,False,,,,,False,NotImplemented: [ONNXRuntimeError] : 9 : NOT_IMPLEMENTED : Could not find an implementation for Sub(14) node with name 'safe_name_196'
task133,P0_lt16,21278,15.034571,work/more_public_sources_flat/thbdh5765_6285_35_lb_neurogolf_verified_merge/task133__0.onnx,file,,6db33efb986ee37b64870f231654ffc0790e47476c44aea9056b44d2330c8e44,24587,False,,,,,False,NotImplemented: [ONNXRuntimeError] : 9 : NOT_IMPLEMENTED : Could not find an implementation for Sub(14) node with name 'safe_name_200'
task133,P0_lt16,21278,15.034571,work/after7113_extract/vyankteshdwivedi_neurogolf_6425_76/task133.onnx,file,,02b198c34479cff2ba43353044b9166469f082c2f857a386aabcab90c75ee456,37050,False,,,,,False,NotImplemented: [ONNXRuntimeError] : 9 : NOT_IMPLEMENTED : Could not find an implementation for Mul(14) node with name 'safe_name_62'
task133,P0_lt16,21278,15.034571,work/public-datasets/massi_6208/task133.onnx,file,,3a19c0cdbb2bcc44c378990c45cd8ca20a72e248d91e4fc9c75bedfc5076a62c,65902,True,713472,11.522101528038489,692194,-3.512469471961511,False,
task133,P0_lt16,21278,15.034571,work/hf-neurogolf/submission/task133.onnx,file,,3e16d045b7b76fba661905ab539eb33e81b249035a3aa90b8084b88a646518dc,67995,False,99703,13.49004895423196,,,False,
task133,P0_lt16,21278,15.034571,work/final-direct-official-high-v10/task133.onnx,file,,073ba6898ff7a31c61b65b66c9fa8c48699a278b7520015e981f4909b9f13232,189849,True,193923,12.824783547959548,172645,-2.2097874520404517,False,
task133,P0_lt16,21278,15.034571,work/comprehensive-blend/task133.onnx,file,,956a4bf42a8ec400cc80fa65db7ce0e26dca9775734341d99d7a63ea9b091223,190049,False,,,,,False,ValueError: official scorer rejected model
task133,P0_lt16,21278,15.034571,work/public-kernel-outputs/nadeem_6130/submission.zip::task133.onnx,zip,task133.onnx,213c2bae5bb0b97aaa99643649e15929d8b57921fd5adf171965fcb8d76cf58f,193220,True,9133122,8.972581856263645,9111844,-6.061989143736355,False,
task133,P0_lt16,21278,15.034571,work/after7113_extract/mirzayasirabdullah07_top_score_neurogolf_championship_notebook/task133.onnx,file,,6ccb57c3810dc0c3b6f064c5e119e90c2385d4820e00ac2839ca00b113ab2b02,193328,True,9133202,8.972573096975243,9111924,-6.061997903024757,False,
task133,P0_lt16,21278,15.034571,work/candidate_sources/haoran_6100_h_fp16_surgery/task133.onnx,file,,1d1fd655f965c8f9e4691880edbf5d7c22dae218eeb4d9a174fb4178f4b10caf,440296,False,,,,,False,ValueError: official scorer rejected model
task133,P0_lt16,21278,15.034571,work/candidate_sources/haoran_6100_h_fp16_surgery_v2/task133.onnx,file,,e74dcc7f56c5c26ebee25067208e4c2934f9a482f01c025977b276d59b593639,441097,False,,,,,False,ValueError: official scorer rejected model
task133,P0_lt16,21278,15.034571,work/beicicc-6233.zip::submission/task133.onnx,zip,submission/task133.onnx,2901a7219bca2ce7cafd1cc93ee3d72731badd6e990760243434fd7aff63d34b,775725,False,,,,,False,ValueError: official scorer rejected model
task133,P0_lt16,21278,15.034571,work/more_public_sources_flat/rajathrpai_neurogolf_2026_6276_41_hybrid_submission/task133__0.onnx,file,,68e935d47ff7110c296807cc69b18b2efbc09be9b69b5f9ed14c010b2ea21c94,783434,True,9344642,8.949686311118306,9323364,-6.084884688881694,False,
task002,P0_lt16,14285,15.433035,work/public-kernel-outputs/latest_lucifer_1101/submission.zip::task002.onnx,zip,task002.onnx,2ffdd0d1008d7305a95cec168c495fa6e58dfafa2196f72f083eb0bbec26c256,5873,True,14285,15.433034685335127,0,-3.1466487371289986e-07,False,
task002,P0_lt16,14285,15.433035,work/candidate_sources/haoran_6100_h_fp16_surgery/task002.onnx,file,,6d149facc6725c9935d0b6d71bc2c336f97c7770e678c9108cddcc212bc35812,11771,True,115693,13.341304589944965,101408,-2.0917304100550353,False,
task002,P0_lt16,14285,15.433035,work/candidate_sources/haoran_6100_h_fp16_surgery_v2/task002.onnx,file,,6fa5d8fff14a402289457133d2a7109699b64eadf75db6c4d387b28b79f9e73d,11774,True,115693,13.341304589944965,101408,-2.0917304100550353,False,
task002,P0_lt16,14285,15.433035,work/tasklib.zip::submission/task002.onnx,zip,submission/task002.onnx,f5310af76c4c138f07be633a42602dd5725c54deaf1607da1d26c44c41047af6,12396,True,501391,11.874858485195494,487106,-3.558176514804506,False,
task002,P0_lt16,14285,15.433035,work/public-datasets/jvlegend_v136/task002.onnx,file,,8cdfa6107e30e80e0a3ca9f4b00d9ce6b4eab7f2bdc2ed5e644f6539ac620e8a,12563,False,,,,,False,ValueError: official scorer rejected model
task002,P0_lt16,14285,15.433035,work/final-v164-direct-ryosuke726683-on-v159/task002.onnx,file,,d97c7d47649ea943c35c7062a4e257c0fe467a4fc308c6df870ddabf94f39e94,12833,True,14285,15.433034685335127,0,-3.1466487371289986e-07,False,
task002,P0_lt16,14285,15.433035,work/final-v128-frank723731-plus-prv4/task002.onnx,file,,371d6bb5ff9574aa4ba3ce02e970d77b1dc9532e1bde3147897ab6b3097c51cd,12838,True,14610,15.410538495255254,325,-0.02249650474474585,False,
task002,P0_lt16,14285,15.433035,work/final-v139-latest-urad-frank-on-v138/task002.onnx,file,,f1e1cdaea62876e375e022659e2b750adff8dacd29f672c0b388988e2fb93707,12848,True,14608,15.41067539716525,323,-0.022359602834750802,False,
task002,P0_lt16,14285,15.433035,work/final-v38-bool-cast-mul-fuse/task002.onnx,file,,29fca4004a31fc342e10cc20d4178b056029e7509519d7b78c461d75ed1ad8f1,12901,True,97212,13.515350560381508,82927,-1.9176844396184922,False,
task002,P0_lt16,14285,15.433035,work/final-v150-leading-squeeze-on-v149/task002.onnx,file,,45a5e0ebf301b5e7dd2645176f7efb0886a8f5fd1fb6bcfe900bc21bb6165e23,13153,True,14605,15.41088078517816,320,-0.022154214821840768,False,
task002,P0_lt16,14285,15.433035,work/neurogolf2026-6254.zip::submission/task002.onnx,zip,submission/task002.onnx,061d2e2653a43e3b6ab1a7b4546a48b6ffa65b23790106ab1742676020c96040,14560,True,97293,13.514517676859928,83008,-1.9185173231400725,False,
task002,P0_lt16,14285,15.433035,work/more_public_sources_flat/rajathrpai_neurogolf_2026_6276_41_hybrid_submission/task002__0.onnx,file,,4c3205c0141934e8750b205f87c8622ebfd80d2fce3c665797e3b1dd39c1d0b5,15506,True,97693,13.5104148124377,83408,-1.9226201875623001,False,
task002,P0_lt16,14285,15.433035,work/beicicc-6233.zip::submission/task002.onnx,zip,submission/task002.onnx,cb69f2b8ee02634094e75d09ee4ac24fa6718b082878554d7ab2168ee26b605e,61376,False,,,,,False,ValueError: official scorer rejected model
task002,P0_lt16,14285,15.433035,work/public-datasets/afr1ste_6323/task002.onnx,file,,127637e76e0a3235665d0d537e01a581e59e05ee48e60a0d7fbcc7df2ba2b1d6,61376,False,,,,,False,ValueError: official scorer rejected model
task002,P0_lt16,14285,15.433035,work/hf-neurogolf/submission/task002.onnx,file,,745ce11fee1cce13bf94f55557e30fe81ce670102827eaec5608c52fbafc2642,250395,False,145303,13.1134235037174,,,False,
task243,P0_lt16,13654,15.478212,work/public-kernel-outputs/dimple_neurogolf/submission.zip::task243.onnx,zip,task243.onnx,e789223ce2fed68fd343ba33df67c9ce94107dd803dfd1ca4e368afa0b1eb349,24522,True,711932,11.524262319784818,698278,-3.9539496802151817,False,
task243,P0_lt16,13654,15.478212,work/hf-neurogolf/submission/task243.onnx,file,,25421ae4df451587a34d7785de1276f005b6406d5b54ada6c23c0cac16531c57,32795,False,90903,13.582451717078698,,,False,
task243,P0_lt16,13654,15.478212,work/public-kernel-outputs/latest_lucifer_1101/submission.zip::task243.onnx,zip,task243.onnx,07dd384f090b8c0420a7f0e53ced4ff3c486d48ca42c0c74399bf15bc4f1d827,98760,False,,,,,False,NotImplemented: [ONNXRuntimeError] : 9 : NOT_IMPLEMENTED : Could not find an implementation for Greater(13) node with name 'safe_name_2580'
task243,P0_lt16,13654,15.478212,work/final-v169-direct-latest-1243-on-v168/task243.onnx,file,,8f718482451557217dc0791fa8e21266c70a6162a2b0ef050b7e44869c77fb4d,118579,False,,,,,False,NotImplemented: [ONNXRuntimeError] : 9 : NOT_IMPLEMENTED : Could not find an implementation for Greater(13) node with name 'safe_name_1911'
task243,P0_lt16,13654,15.478212,work/final-v128-frank723731-plus-prv4/task243.onnx,file,,1cc16c6523a0607d472f454765742c9aa5e6efc48893ba3af3211682528e87b9,159448,False,,,,,False,NotImplemented: [ONNXRuntimeError] : 9 : NOT_IMPLEMENTED : Could not find an implementation for Greater(13) node with name 'safe_name_3463'
task243,P0_lt16,13654,15.478212,work/next_outputs/udit_7237_17/submission.zip::task243.onnx,zip,task243.onnx,204687e8923acd9f354867d1201b94a2e485594a218008f1450799c84d1ed17c,159522,False,,,,,False,NotImplemented: [ONNXRuntimeError] : 9 : NOT_IMPLEMENTED : Could not find an implementation for Greater(13) node with name 'safe_name_3465'
task243,P0_lt16,13654,15.478212,work/final-v164-direct-ryosuke726683-on-v159/task243.onnx,file,,bad5aefd81990fbf76ab66bfd8342fac9f4b0d83bee298f5fa6f2cfbf2beaceb,161283,False,,,,,False,NotImplemented: [ONNXRuntimeError] : 9 : NOT_IMPLEMENTED : Could not find an implementation for Greater(13) node with name 'safe_name_2580'
task243,P0_lt16,13654,15.478212,work/final-v150-leading-squeeze-on-v149/task243.onnx,file,,10c049d4ae67804670fb66ede6cc3e225a9a4d32bac786918b803a68e807c9e3,276300,False,,,,,False,NotImplemented: [ONNXRuntimeError] : 9 : NOT_IMPLEMENTED : Could not find an implementation for Greater(13) node with name 'safe_name_2654'
task173,P0_lt16,13383,15.498259,work/public-kernel-outputs/latest_lucifer_1101/submission.zip::task173.onnx,zip,task173.onnx,e44f3c3126e8b6898660a50f8ed5a98f1d18d88eeac39f4e05740a37721924b6,3806,False,,,,,False,NotImplemented: [ONNXRuntimeError] : 9 : NOT_IMPLEMENTED : Could not find an implementation for Equal(13) node with name 'safe_name_53'
task173,P0_lt16,13383,15.498259,work/final-v95-small-safe-on-v94/task173.onnx,file,,76f0ebec99db8d3def2d9c984be6f676334aee606adc067bb8349e2c30f97f03,27121,True,91752,13.573155435955641,78369,-1.925103564044358,False,
task173,P0_lt16,13383,15.498259,work/v99-greater-on-bg-candidates/task173.onnx,file,,646df08e90a7d1a6d4e6f9ea0a4ff12f58ff3aae33e63b175b3eb5d5b73b6ffa,27425,True,91752,13.573155435955641,78369,-1.925103564044358,False,
task173,P0_lt16,13383,15.498259,work/v89-mechanical-on-v88-candidates/basic/task173.onnx,file,,40a628add2c435c08d3afde9375a277130270a10bde453cf3e335caeaa97a74f,27506,True,92424,13.565858035837145,79041,-1.932400964162854,False,
task173,P0_lt16,13383,15.498259,work/final-v93-bypass-expand-tile-on-v92/task173.onnx,file,,9160820ccdd6b0e08be8067e4fdd7dac645c7f5250dd73d6d8841164781e1283,27509,True,92424,13.565858035837145,79041,-1.932400964162854,False,
task173,P0_lt16,13383,15.498259,work/final-v86-bypass-expand-tile-probe/task173.onnx,file,,afd4facf9e9e5a6875da1cd2e9c68e7d7741b7c811a3bfc78bcc611b63c887a5,27732,True,94244,13.54635755719361,80861,-1.9519014428063883,False,
task173,P0_lt16,13383,15.498259,work/v92-greater-half-on-v91-candidates/task173.onnx,file,,89cdb7eadd1a869b977789f608c65918df4154b727f9d7590144f0768bb8c465,27813,True,92424,13.565858035837145,79041,-1.932400964162854,False,
task173,P0_lt16,13383,15.498259,work/final-v87-greater-half-probe/task173.onnx,file,,b268e6be28a82e384e23f019544119cd258c97cbe60e23546dc737e436ca224b,27892,True,94228,13.546527343687503,80845,-1.9517316563124965,False,
task173,P0_lt16,13383,15.498259,work/v94-zero-arith-on-v93-candidates/task173.onnx,file,,dd86d3dfbd3388f4031e6ca38808349228a3698e920a592466abfb06b963f945,28333,False,,,,,False,ValueError: official scorer rejected model
task173,P0_lt16,13383,15.498259,work/hf-neurogolf/submission/task173.onnx,file,,f760cf926463e2bdde8fb2adcccc9fc3cdc78b6b7c90b61719d1ed863acf5686,67995,False,99703,13.49004895423196,,,False,
task145,P0_lt16,12855,15.538512,work/public-kernel-outputs/latest_lucifer_1101/submission.zip::task145.onnx,zip,task145.onnx,7bd757710a6b8f0b411c386d80430dcd0e75232f62b48ce1df686085fb3265e7,1628,False,,,,,False,ValidationError: Your model ir_version 13 is higher than the checker's (12).
task145,P0_lt16,12855,15.538512,work/public-kernel-outputs/latest_jcoletti_merged91/submission.zip::task145.onnx,zip,task145.onnx,caf1e6488d2ce94e82d9c4e5b005b66e8e6320b0a89bb2b8981f6b8bfcd4edbc,2551,False,,,,,False,ValidationError: Your model ir_version 13 is higher than the checker's (12).
task145,P0_lt16,12855,15.538512,work/neurogolf2026-6254.zip::submission/task145.onnx,zip,submission/task145.onnx,22681d1e38fd9b4a50619a4900134ac568081a0007d313598a2d4a001a12a65b,31434,True,73357,13.796906788126128,60502,-1.741605211873873,False,
task145,P0_lt16,12855,15.538512,work/onnxsim-optimizations/task145.onnx,file,,0d6aa35186453aacdf53518d2729e64dd6fa946a10282329604f68fc97df35d8,31540,True,69757,13.847226946929018,56902,-1.6912850530709829,False,
task145,P0_lt16,12855,15.538512,work/datasets/afr5501/task145.onnx,file,,d72dceb6194309a6a7be7e21b71731600fb57f953d5c72cd03c9105fe1ea1d74,32048,True,134980,13.187118101702602,122125,-2.351393898297399,False,
task145,P0_lt16,12855,15.538512,work/beicicc-6233.zip::submission/task145.onnx,zip,submission/task145.onnx,664226f27699574b2e59ac06ed953280c9c2e190f2b3b54ca09c592e10ee327f,32694,False,,,,,False,ValueError: official scorer rejected model
task145,P0_lt16,12855,15.538512,work/datasets/google_neurogolf_public/task145.onnx,file,,e371880e7966ef2724c327cebb6e4cd5c5a37cf1cc4161e844afc9970f2efc9b,113375,True,608061,11.68196951513694,595206,-3.856542484863061,False,
task145,P0_lt16,12855,15.538512,work/hf-neurogolf/submission/task145.onnx,file,,946457a0dc6d7db159a1e0f35f6611177cb119a4cf73bec3465424d8fb9d4761,144795,False,118903,13.313936686352635,,,False,
task074,P0_lt16,9050,15.88948,work/public-kernel-outputs/latest_lucifer_1101/submission.zip::task074.onnx,zip,task074.onnx,6f1686a116a3d95b349c0ddbbd3739b4daeed72bda5365fde531b73b35035d34,1581,False,,,,,False,NotImplemented: [ONNXRuntimeError] : 9 : NOT_IMPLEMENTED : Could not find an implementation for Equal(13) node with name 'output'
task074,P0_lt16,9050,15.88948,work/final-v169-direct-latest-1243-on-v168/task074.onnx,file,,7c6770b01fbde8054bb2ca483221f1a13b69f7c8eb4888411f6bc833894b89f8,15145,False,,,,,False,NotImplemented: [ONNXRuntimeError] : 9 : NOT_IMPLEMENTED : Could not find an implementation for Equal(13) node with name 'output'
task074,P0_lt16,9050,15.88948,work/hf-neurogolf/submission/task074.onnx,file,,9489fec671ca87678e47232d604430c52af6c9b436ebe60828c6e79a3b3ec18b,116106,False,144111,13.121660885047959,,,False,
task219,P0_lt16,8739,15.924449,work/public-kernel-outputs/latest_lucifer_1101/submission.zip::task219.onnx,zip,task219.onnx,3007c4b869c46b3c167e6b20c2ec6f1181b5317502288c5d49331299dfee39b8,7209,False,,,,,False,NotImplemented: [ONNXRuntimeError] : 9 : NOT_IMPLEMENTED : Could not find an implementation for Mul(14) node with name 'safe_name_32'
task219,P0_lt16,8739,15.924449,work/final-v38-bool-cast-mul-fuse/task219.onnx,file,,4f91abe20b895cebde0ec162583b00af353c16ac441b0178bc7440ffb41a069c,17629,True,79301,13.718993982116091,70562,-2.2054550178839083,False,
task219,P0_lt16,8739,15.924449,work/final-v26-vyank-v23/task219.onnx,file,,48c1707fc8ef49428a22da605111bc2383903684df9dba72d2e4f83b1395ac0b,17754,True,82301,13.68186146274037,73562,-2.242587537259629,False,
task219,P0_lt16,8739,15.924449,work/slice-bypass-v28-candidates/task219.onnx,file,,9b7b1be9ff0e124df15c950dec231170a209c3b6a3b049d803fca35ca750b4da,17999,True,82304,13.681825011842763,73565,-2.242623988157236,False,
task219,P0_lt16,8739,15.924449,work/mechanical-optimizations/initializer/task219.onnx,file,,1f27b85814f4ad6ab1d630ec8d7457d09e84f884ec52819ded54b618498ccd3f,18356,True,82450,13.680052672012255,73711,-2.2443963279877437,False,
task219,P0_lt16,8739,15.924449,work/more_public_sources_flat/galaxy2025_neurogolf_public_artifact_v1/task219__0.onnx,file,,5a2a516ffbefad5f13a40e3f7a1af5e8f57f5c7747fd33e1c9600114f9afa027,18362,True,84727,13.652810398019943,75988,-2.2716386019800563,False,
task219,P0_lt16,8739,15.924449,work/after7113_extract/kokinnwakashuu_neurogolf_6503_44_task149_cost136/task219.onnx,file,,bd45721ac88833923584d41c91f4b022b0102e443d3c7dd5ec6d7e2a3d4afbb7,18964,True,84876,13.65105335317601,76137,-2.273395646823989,False,
task219,P0_lt16,8739,15.924449,work/artifacts/6255-dead-pruned/task219.onnx,file,,dcb6483f7b6e1e773f3d7e0c8ee79fe817f0fa14654cb3b60c1c4b37069b2cf6,21774,True,85058,13.64891134428329,76319,-2.2755376557167093,False,
task219,P0_lt16,8739,15.924449,work/neurogolf2026-6254.zip::submission/task219.onnx,zip,submission/task219.onnx,d57f742eeae01c44819c92cb474062dbcba00db96b32ed99363a677479b2e02f,21947,True,85184,13.647431098245217,76445,-2.277017901754782,False,
task219,P0_lt16,8739,15.924449,work/artifacts/relaxed-dead-pruned/task219.onnx,file,,ce45d7747d204927101f5dad90ab3055a75f94863bd02b1dcc4b4060164e4a51,21964,True,85039,13.649134746225464,76300,-2.2753142537745354,False,
task219,P0_lt16,8739,15.924449,work/artifacts/6254-relaxed-downgrade/task219.onnx,file,,2fc5a56e011b72cf63ca2ebc777ac2e0bb6cad0bdcd4c136e97a935a1eb503cb,21999,True,85159,13.64772462366369,76420,-2.2767243763363094,False,
task219,P0_lt16,8739,15.924449,work/after7113_extract/kokinnwakashuu_neurogolf_6425_11_self_task286_reach38/task219.onnx,file,,ccf607dd4565f43798e7b470ff1dab8b6322012bf2b13e537d53dccaab8c3276,25122,True,57114,14.04719545052064,48375,-1.8772535494793594,False,
task219,P0_lt16,8739,15.924449,work/user_6300_zip1/task219.onnx,file,,854acd1a2ce7c7a40d2980e91261ba780fe1e7e0ed23faeae604c9986206456e,26635,True,79327,13.718666171134009,70588,-2.20578282886599,False,
task219,P0_lt16,8739,15.924449,work/onnxsim-optimizations/task219.onnx,file,,2c4c60365daa12b8e365bbe2e95486754460e317fcd58afe923e7bbf7f22f525,27666,True,82450,13.680052672012255,73711,-2.2443963279877437,False,
task219,P0_lt16,8739,15.924449,work/more_public_sources_flat/kojimar_6275_09_lb_audited_neurogolf_onnx_overrides/task219__0.onnx,file,,5e8a8092eeb5b9a68eaa90b9aaea48eee4dfcab6c84225502a6a6871b7177e19,28326,True,84727,13.652810398019943,75988,-2.2716386019800563,False,
task219,P0_lt16,8739,15.924449,work/more_public_sources_flat/wguesdon_6315_04_lb_neurogolf_audited_base_grafts/task219__0.onnx,file,,75529408e13311385d7919c819ea86751f7bb99102a511b469f645a2fa71e957,32405,True,62085,13.963740307149058,53346,-1.9607086928509414,False,
task219,P0_lt16,8739,15.924449,work/beicicc-6233.zip::submission/task219.onnx,zip,submission/task219.onnx,9c6f278a7dc89c634ecb7dd95bcc9d1ef17fe88dad190e5ffc24f4b2beed8f66,59685,True,48138,14.218172835018288,39399,-1.7062761649817109,False,
task219,P0_lt16,8739,15.924449,work/public-datasets/afr1ste_6323/task219.onnx,file,,6e5cd657b62c80511d57e08b97cb9d15da29a2d7bfb76e458b83a869ec05a64b,59685,True,48138,14.218172835018288,39399,-1.7062761649817109,False,
task219,P0_lt16,8739,15.924449,work/after7113_extract/zoli800_neurogolf_6446_65_submit/task219.onnx,file,,8c653d3429a92dc01f8f3270eb8747b2fe91e89848c1e9fbc8fc12e11675ef29,59697,True,47688,14.227564927100238,38949,-1.6968840728997616,False,
task219,P0_lt16,8739,15.924449,work/comprehensive-blend/task219.onnx,file,,230cc70d088166ef2116ca0743dcc82e2af61a8fbd1195dffd286ca58048ae20,59955,False,,,,,False,ValueError: official scorer rejected model
task219,P0_lt16,8739,15.924449,work/public-datasets/massi_6208/task219.onnx,file,,11a758e659d2bb09904d1bd48165847c4bb78f8ac4e5485a3e23c3b668674398,66945,True,12736775,8.6399959636544,12728036,-7.2844530363455995,False,
task219,P0_lt16,8739,15.924449,work/more_public_sources_flat/rajathrpai_neurogolf_2026_6276_41_hybrid_submission/task219__0.onnx,file,,f042340d7b269af4b35437a41d3094074b91fd8778477f3b3fcd20966a535f12,87016,True,15842765,8.421776512802126,15834026,-7.502672487197874,False,
task219,P0_lt16,8739,15.924449,work/final-v125-v122-mechanical-highcost/task219.onnx,file,,3b1fb3ec6c0b971ea2141708bcc1f07a996cdc1ef2d22c35e3d2892deda1da2f,109214,True,32687,14.605267275676825,23948,-1.3191817243231743,False,
task219,P0_lt16,8739,15.924449,work/hf-neurogolf/submission/task219.onnx,file,,28ef4475baba9436ac58000a6b36e16656e1f237db9ebe754569dcbe2c792ba1,144906,False,55311,14.0792729172615,,,False,
task157,P1_16_16p7,6847,16.168434,work/public-kernel-outputs/latest_lucifer_1101/submission.zip::task157.onnx,zip,task157.onnx,09df747c244388baca7ff5c942564603b050c4ef94824a97a97c76bf203c64bc,16719,False,,,,,False,NotImplemented: [ONNXRuntimeError] : 9 : NOT_IMPLEMENTED : Could not find an implementation for Sub(14) node with name 'safe_name_57'
task157,P1_16_16p7,6847,16.168434,work/final-v169-direct-latest-1243-on-v168/task157.onnx,file,,954190a7749ebd5e20e0584f14707f2b8b155364e0dd2b25ee572c80139ab215,39061,False,,,,,False,NotImplemented: [ONNXRuntimeError] : 9 : NOT_IMPLEMENTED : Could not find an implementation for Sub(14) node with name 'safe_name_57'
task157,P1_16_16p7,6847,16.168434,work/final-v56-singleton-reduce/task157.onnx,file,,b48d21350b1f0e3aa5a3362d74825cb13b040af84f6f73e938a460cf208e4214,115678,True,72916,13.802936627347188,66069,-2.365497372652813,False,
task157,P1_16_16p7,6847,16.168434,work/final-v55-sub-same-zero/task157.onnx,file,,4fe2fc5a2580d1fcc2a652ec6674291ae08bda0a0d117485539e4cc4ed66de6e,115729,True,72931,13.80273093233731,66084,-2.3657030676626913,False,
task157,P1_16_16p7,6847,16.168434,work/greater-half-cast-v58-candidates/task157.onnx,file,,fc4fa8320a8d0623d3a433e7d9b5242af9a8444db4ed7a7e9aed3f8261327131,116318,True,72916,13.802936627347188,66069,-2.365497372652813,False,
task157,P1_16_16p7,6847,16.168434,work/v82-greater-half-candidates/task157.onnx,file,,e6ff12f6fc7e2dc9392ea209ce459d2c72cbe270204d440e2b2f5d3b39c0b6e1,117583,True,71003,13.829522591348075,64156,-2.338911408651926,False,
task157,P1_16_16p7,6847,16.168434,work/final-v39-bool-cast-compare-elim/task157.onnx,file,,7f4ddfaf3b7f812b6453686def8a3696dde3a6fdd75272b395f700e6c7403ccb,117879,True,72991,13.801908575141255,66144,-2.3665254248587466,False,
task157,P1_16_16p7,6847,16.168434,work/where-zero-mask-mul-v43-candidates/task157.onnx,file,,81da5a1c3bfdc3b62da248bef8e85744ceb30622f8cf79fb944636b9ba7f1e64,119788,True,78133,13.733832218203819,71286,-2.4346017817961823,False,
task157,P1_16_16p7,6847,16.168434,work/broadcast-grid-v44-candidates/task157.onnx,file,,6023138285e991b7779fb6f49e77ae31000debc080b6df43c7db4517a5f06cdc,120171,True,73595,13.793667632373314,66748,-2.3747663676266875,False,
task157,P1_16_16p7,6847,16.168434,work/final-v43-bool-source-cast-chain/task157.onnx,file,,2826430e95ae3f64f4ac235d04ccc1dac91c0e1d63c31ab8ec22338bdcff7371,120519,True,74888,13.77625105694842,68041,-2.3921829430515817,False,
task157,P1_16_16p7,6847,16.168434,work/neurogolf-mechanical-opt-v4-output/submission.zip::task157.onnx,zip,task157.onnx,8e480dbad2a582835029f39a496faccac1e48183a5a470bd90285e4e0d27096d,121366,True,75369,13.769848671128969,68522,-2.3985853288710324,False,
task157,P1_16_16p7,6847,16.168434,work/neurogolf-mechanical-opt-v3-output/submission.zip::task157.onnx,zip,task157.onnx,bc5c79138ba10ab1539bc57b511ebcc1a2840f9014fb7dccc74b9ea022beb60b,133934,True,80133,13.708556966767349,73286,-2.4598770332326527,False,
task157,P1_16_16p7,6847,16.168434,work/more_public_sources_flat/rajathrpai_neurogolf_2026_6276_41_hybrid_submission/task157__1.onnx,file,,a4fb71244d2151ad5b9f27f7f1cd97316e4e5d9e3ddbeae6d17910f8f316fbfa,151146,True,77894,13.736895792930342,71047,-2.431538207069659,False,
task157,P1_16_16p7,6847,16.168434,work/more_public_sources_flat/galaxy2025_neurogolf_public_artifact_v1/task157__0.onnx,file,,6b4449b1ac2e0cdb2ea2cb62efbbe15c820fedbf0a5f440ef20f37e9774e1630,151197,True,77909,13.736703242080278,71062,-2.4317307579197234,False,
task157,P1_16_16p7,6847,16.168434,work/more_public_sources_flat/wguesdon_6315_04_lb_neurogolf_audited_base_grafts/task157__0.onnx,file,,eaaa0932b1330417f3a0b96dde65344b4bdd2c261b680051b4a6db449a5b9ecd,151204,True,75794,13.764225587175336,68947,-2.4042084128246657,False,
task157,P1_16_16p7,6847,16.168434,work/after7113_extract/misakamikoto66_neurogolf_6426_3_lb/task157.onnx,file,,65b272981875d8872ae13f5574b79ffe456e5dddecc5c760f5bc387a4dbb4fca,152203,True,83552,13.666775528501145,76705,-2.501658471498857,False,
task157,P1_16_16p7,6847,16.168434,work/public-kernel-outputs/seddik_surgical_precision/submission.zip::submission/task157.onnx,zip,submission/task157.onnx,ea7e76e6ef82249a9c8d82dfe41b8de4ba264708825b62ab9c47410d59becc52,153044,True,84590,13.654428664701939,77743,-2.5140053352980622,False,
task157,P1_16_16p7,6847,16.168434,work/artifacts/6255-dead-pruned/task157.onnx,file,,d46ccbd617ef4277e976c83452b79f2f0202ffadaad7175f7e45a6c84f03c508,153459,False,,,,,False,TimeoutExpired: worker exceeded 8s
task157,P1_16_16p7,6847,16.168434,work/new_kernel_outputs/biohack_best_blend/_src_A/task157.onnx,file,,a2093b4aa73b78a0a4b54dd0a04cb6ecbd06eb634748993da9a6ef43e3d2bd77,154377,False,,,,,False,TimeoutExpired: worker exceeded 8s
task157,P1_16_16p7,6847,16.168434,work/neurogolf2026-6254.zip::submission/task157.onnx,zip,submission/task157.onnx,54ccca78d90672c897765f456d3c87999218406775f9513916d10c9f994a4e95,154538,False,,,,,False,TimeoutExpired: worker exceeded 8s
task157,P1_16_16p7,6847,16.168434,work/artifacts/relaxed-dead-pruned/task157.onnx,file,,83e9e6dfb7cd2e06bdb7a356cb025011932ad921a1ec99b335fa7c464d6ece5b,157055,False,,,,,False,TimeoutExpired: worker exceeded 8s
task157,P1_16_16p7,6847,16.168434,work/final-v125-v122-mechanical-highcost/task157.onnx,file,,6af183317f5473e6090b8872587a8a5ca7b896907faca2bf4aaff60ff3559ee4,175629,False,,,,,False,NotImplemented: [ONNXRuntimeError] : 9 : NOT_IMPLEMENTED : Could not find an implementation for Equal(11) node with name 'output'
task157,P1_16_16p7,6847,16.168434,work/artifacts/6254-relaxed-downgrade/task157.onnx,file,,53a2ca7e19792b2aaf0cef5cac3ba505a166c2dff876149e22585c22c7ac5402,158000,False,,,,,False,TimeoutExpired: worker exceeded 8s
task157,P1_16_16p7,6847,16.168434,work/more_public_sources_flat/biohack44_surgical_onnx_new_version_with_best_public/task157__0.onnx,file,,de5bc7ee80c1e75480b1d1450b170c926aa76282d4bdb6a396bb6bf62fba743f,182274,False,,,,,False,TimeoutExpired: worker exceeded 8s
task157,P1_16_16p7,6847,16.168434,work/user_6300_zip1/task157.onnx,file,,48d89f22feacbd2ad1a72e59d63eeb2e96e22859ca8090896909016fb9aaa9ab,203910,False,,,,,False,TimeoutExpired: worker exceeded 8s
task157,P1_16_16p7,6847,16.168434,work/default-attr-strip-v26-candidates/task157.onnx,file,,47449737c99f98b940f84bb5c99cb0e68d9b4fa6b63820dd6790a20164d2c2d1,204108,False,,,,,False,TimeoutExpired: worker exceeded 8s
task157,P1_16_16p7,6847,16.168434,work/after7113_extract/kokinnwakashuu_neurogolf_6503_44_task149_cost136/task157.onnx,file,,5a3af87ba37e4fcaed34f03f021951a1b80b254c6a3de13950c478f5b32f02c2,225860,False,,,,,False,JSONDecodeError: Expecting ':' delimiter: line 361646 column 215 (char 131416071)
task157,P1_16_16p7,6847,16.168434,work/after7113_extract/zoli800_neurogolf_6446_65_submit/task157.onnx,file,,45c593594f7923be3de9b1a7a6c09bdc6cde91c4d6c5be084619f776419104ad,225969,False,,,,,False,"JSONDecodeError: Expecting ',' delimiter: line 382565 column 760 (char 139022337)"
task157,P1_16_16p7,6847,16.168434,work/vyank-rewrite-candidates-v23/cast/task157.onnx,file,,f91c7925f21306992b34242525389680e2ae0d7debd370036f58dd1b974e0376,207786,False,,,,,False,TimeoutExpired: worker exceeded 8s
task157,P1_16_16p7,6847,16.168434,work/final-v38-bool-cast-mul-fuse/task157.onnx,file,,a812e0b6ce3ddb50623ba9a6dbcac0fa4320c65b34781c1b5ea743bc5c8f253f,207813,False,,,,,False,TimeoutExpired: worker exceeded 8s
task157,P1_16_16p7,6847,16.168434,work/public-kernel-outputs/nadeem_6151/submission.zip::task157.onnx,zip,task157.onnx,3bc1c470fcf83af4b923ce94380c5256685383a573b947ef6ad357a8d5129ba3,828976,True,3925071,9.817105001792987,3918224,-6.3513289982070145,False,
task157,P1_16_16p7,6847,16.168434,work/new_public_kernel_outputs/vyank_6322/submission.zip::task157.onnx,zip,task157.onnx,1b128412d5722a51bed307391a4e6d17f9bf663822a2b80e817b7a8f0465b14f,267547,False,,,,,False,TimeoutExpired: worker exceeded 8s
task157,P1_16_16p7,6847,16.168434,work/public-datasets/massi_6208/task157.onnx,file,,88c618ee2ff392b93479695abaf12ade89d2addb28d7504fc69740836baff4f1,327441,True,2460871,10.28397408971704,2454024,-5.884459910282962,False,
task157,P1_16_16p7,6847,16.168434,work/candidate_sources/kojimar_6272_audited/submission.zip::task157.onnx,zip,task157.onnx,bebc598c0846d1daa6940fcd47c8470f393323b28894fde4c852a4ce5041e600,267944,False,,,,,False,TimeoutExpired: worker exceeded 8s
task157,P1_16_16p7,6847,16.168434,work/public-kernel-outputs/nadeem_6130/submission.zip::task157.onnx,zip,task157.onnx,20c573a5e20d58d39e9c07522e7c0ad806feaee309d6d5e8ba72edfa4fdb6780,836161,False,,,,,False,"JSONDecodeError: Expecting ',' delimiter: line 32912 column 173 (char 12058727)"
task157,P1_16_16p7,6847,16.168434,work/after7113_extract/mirzayasirabdullah07_top_score_neurogolf_championship_notebook/task157.onnx,file,,57d3ee8bf81ce7d8c5d1f382d7e1e46e9e587086b75c2017436ebf983c8a3049,836955,False,,,,,False,"JSONDecodeError: Expecting ',' delimiter: line 32912 column 173 (char 12058727)"
task157,P1_16_16p7,6847,16.168434,work/candidate_sources/haoran_6100_h_fp16_surgery/task157.onnx,file,,80811d840aede8bc348d9b1c217ee772110abd819457373cfb33a330729ecaa7,850945,False,,,,,False,FileNotFoundError: [Errno 2] No such file or directory: '/var/folders/tg/xfgjm71j7lg0z169dw9zz4t40000gn/T/ng_157_2026-07-09_20-59-25.json'
task089,P1_16_16p7,6739,16.184333,work/public-kernel-outputs/latest_lucifer_1101/submission.zip::task089.onnx,zip,task089.onnx,6e9ffeb3fde4c61762c188ed5f4b9eeaec83149c3feb56367504c24f6ba4847f,2990,False,,,,,False,NotImplemented: [ONNXRuntimeError] : 9 : NOT_IMPLEMENTED : Could not find an implementation for Equal(13) node with name 'safe_name_25'
task157,P1_16_16p7,6847,16.168434,work/public-kernel-outputs/biohack_6115/submission.zip::task157.onnx,zip,task157.onnx,34ef777a1dc35565da267a07ea3d84dee3d40dff63cc4bc435b4acc237f52e35,829625,True,3959264,9.808431292629043,3952417,-6.360002707370958,False,
task089,P1_16_16p7,6739,16.184333,work/artifacts/6254-relaxed-downgrade/task089.onnx,file,,bbca93bc904ef5d486364ab2458ff4e4ec72a66394d8459ebead6e8b8cb77b49,16825,True,49950,14.1812222159233,43211,-2.003110784076698,False,
task089,P1_16_16p7,6739,16.184333,work/onnxsim-optimizations/task089.onnx,file,,670b637f02754f636645678b97f7b57a336ce45e9b2d8e43a4c79fe50feb80e2,17737,True,49703,14.186179427563964,42964,-1.9981535724360349,False,
task089,P1_16_16p7,6739,16.184333,work/hf-neurogolf/submission/task089.onnx,file,,8a186d13a61e376607d85c57b552817c006d2b107931f9c887501884f0b79b6c,48906,False,33743,14.573471732618623,,,False,
task157,P1_16_16p7,6847,16.168434,work/more_public_sources_flat/rajathrpai_neurogolf_2026_6276_41_hybrid_submission/task157__0.onnx,file,,8de07e25cad3bdc5d73b8f953328c5e49784eb81e63eef116156e8d761d82fb5,857911,True,7708481,9.142168290732078,7701634,-7.026265709267923,False,
task089,P1_16_16p7,6739,16.184333,work/candidate_sources/beicicc_6645_repaired_current/task089.onnx,file,,a6d0f7445b653889b0c93d8e79070a6de3403b2b75d3d20165b97e9461a2a80d,64882,False,,,,,False,ValueError: official scorer rejected model
task089,P1_16_16p7,6739,16.184333,work/neurogolf2026-6254.zip::submission/task089.onnx,zip,submission/task089.onnx,0a479a40d999937f174a12134d5f78bb97ea8a6c108f09e8f44398fe6cbbcd40,17792,True,50042,14.179382068192274,43303,-2.004950931807725,False,
task157,P1_16_16p7,6847,16.168434,work/candidate_sources/haoran_6100_h_fp16_surgery_v2/task157.onnx,file,,d907e3c338dc5ae97bb9a4e0146b4e82406b67accf43b7c4522937a66a1b0b36,851186,True,3963271,9.807419747626927,3956424,-6.361014252373074,False,
task089,P1_16_16p7,6739,16.184333,work/comprehensive-blend/task089.onnx,file,,62a89c9364f5aba05984243d4a417b3b62ca03c79e3c153184c3c7d697437e55,80249,False,,,,,False,ValueError: official scorer rejected model
task089,P1_16_16p7,6739,16.184333,work/datasets/afr5501/task089.onnx,file,,c9122c27ee076140e696a2ba698df1271709f271ff94fe78987927d38418f07e,110495,False,,,,,False,FileNotFoundError: [Errno 2] No such file or directory: '/var/folders/tg/xfgjm71j7lg0z169dw9zz4t40000gn/T/ng_089_2026-07-09_20-59-31.json'
task089,P1_16_16p7,6739,16.184333,work/beicicc-6233.zip::submission/task089.onnx,zip,submission/task089.onnx,a9eedff92ab27402e91d6350dabfa57684e06e7245c9b0952cdf354d90e1f62d,111046,False,,,,,False,ValueError: official scorer rejected model
task182,P1_16_16p7,6095,16.284776,work/public-kernel-outputs/latest_lucifer_1101/submission.zip::task182.onnx,zip,task182.onnx,005c708841ec4d116a9e03981e61bc9824e4b08fd7bfe7363bdd4938bbbd73ab,1580,False,,,,,False,NotImplemented: [ONNXRuntimeError] : 9 : NOT_IMPLEMENTED : Could not find an implementation for Greater(13) node with name 'safe_name_31'
task089,P1_16_16p7,6739,16.184333,work/datasets/google_neurogolf_public/task089.onnx,file,,253ce5a45227177964d4b9c4ca2a8f23547f227556ebe45435d7f9039758e7f6,73004,False,,,,,False,JSONDecodeError: Expecting ':' delimiter: line 525629 column 129 (char 191434753)
task182,P1_16_16p7,6095,16.284776,work/user_6300_zip1/task182.onnx,file,,42774d36b7516027374222dd03588085e031c87d23dabee8e902c7af0eefde4c,16365,True,47587,14.229685106325308,41492,-2.055090893674693,False,
task182,P1_16_16p7,6095,16.284776,work/user_6300_zip2/task182.onnx,file,,a7e17f32f7c409474a6eb9e2ec3a052b27a9f38123e8cdbb69083cd8312f93eb,16397,True,47587,14.229685106325308,41492,-2.055090893674693,False,
task182,P1_16_16p7,6095,16.284776,work/more_public_sources_flat/wguesdon_6315_04_lb_neurogolf_audited_base_grafts/task182__0.onnx,file,,ac66100a38fea7434d77281bd097aeef12f2aec315a35796a7e7566e7d2a3ade,19158,True,47619,14.22901287975965,41524,-2.0557631202403517,False,
task089,P1_16_16p7,6739,16.184333,work/public-datasets/afr1ste_6323/task089.onnx,file,,29258171e36b52ceebc09bccccd7d32ff09a1ea8d3161cd0dbc38e7ef5b0132f,155745,False,,,,,False,ValueError: official scorer rejected model
task182,P1_16_16p7,6095,16.284776,work/candidate_sources/haoran_6100_h_fp16_surgery/task182.onnx,file,,aea9548f5c0d7be1a23c929f5b26bdf0c7e5ddb25acd63d6fc48a33220d41b07,44481,False,,,,,False,Fail: [ONNXRuntimeError] : 1 : FAIL : Type Error: Type (tensor(float)) of output arg (InsertedPrecisionFreeCast_safe_name_141) of node (safe_name_141) does not match expected type (tensor(float16)).
task089,P1_16_16p7,6739,16.184333,work/final-v51-open-artifact/task089.onnx,file,,34c5b299a79b05bb058d83436078c2378b317bb6697d4b218e78fcc88da2c8ef,153907,False,,,,,False,JSONDecodeError: Expecting ':' delimiter: line 154944 column 539 (char 56823809)
task182,P1_16_16p7,6095,16.284776,work/candidate_sources/haoran_6100_h_fp16_surgery_v2/task182.onnx,file,,ee99f38ec3c985aad38c9c9ce6a6f3dece1d9aaf3622075ab5787ab5d8abd11e,44999,False,,,,,False,Fail: [ONNXRuntimeError] : 1 : FAIL : Type Error: Type (tensor(float)) of output arg (InsertedPrecisionFreeCast_safe_name_145) of node (safe_name_145) does not match expected type (tensor(float16)).
task182,P1_16_16p7,6095,16.284776,work/public-datasets/massi_6208/task182.onnx,file,,b8c2312076501eb99bd7fa1160482f67da919ddaaf6817dc9a7374d7b94a44b8,30831,True,205792,12.76537877106541,199697,-3.51939722893459,False,
task182,P1_16_16p7,6095,16.284776,work/beicicc-6233.zip::submission/task182.onnx,zip,submission/task182.onnx,6430177a485077df26f7228bf5abd08b125a6519df50586120155badb197e82c,57608,False,,,,,False,ValueError: official scorer rejected model
task182,P1_16_16p7,6095,16.284776,work/hf-neurogolf/submission/task182.onnx,file,,8f7d3a4f72b72b19d5f03568764bf6d82e94164ed8820314b78350179af1cf5a,90506,False,73711,13.792092679228459,,,False,
task182,P1_16_16p7,6095,16.284776,work/datasets/google_neurogolf_public/task182.onnx,file,,866e24aaba6bb5e36eb692bacfacab94d31043711646a8001f9d87a97c6c46ca,462321,True,209249,12.748719790632219,203154,-3.536056209367782,False,
task182,P1_16_16p7,6095,16.284776,work/kaggle-downloaded-datasets/kojimar_neurogolf-5800-55-minimal-onnx-blend-assets/base_submission/task182.onnx,file,,31e954dcf0d0caba69408eb17e9be89b49d1d5290e98b9bda53301efa2d3e283,462403,True,197258,12.807732204446385,191163,-3.477043795553616,False,
task182,P1_16_16p7,6095,16.284776,work/beicicc-6645-dataset-v11-output/submission.zip::task182.onnx,zip,task182.onnx,eb5d5a5661791cd2ae5c0c24fc10e9dd064337e0b9cf895f1552593ba70a1f34,462531,False,,,,,False,ValueError: official scorer rejected model
task182,P1_16_16p7,6095,16.284776,work/datasets/afr5501/task182.onnx,file,,ff7714f8ca7e9ce19b7320aa01ee3b3db47fe38eef18d9bd5042f657f152d339,77908,False,,,,,False,ValueError: official scorer rejected model
task029,P1_16_16p7,5288,16.426805,work/public-kernel-outputs/latest_lucifer_1101/submission.zip::task029.onnx,zip,task029.onnx,ed134939e0cf1fb67ff6c06d2d193ef37880c278f78dec77644e7ed18da0ccd2,2066,False,,,,,False,JSONDecodeError: Expecting value: line 1 column 1 (char 0)
task182,P1_16_16p7,6095,16.284776,work/more_public_sources_flat/rajathrpai_neurogolf_2026_6276_41_hybrid_submission/task182__0.onnx,file,,dcdd8e87825de820e1c2c5ded8e53bb19ca19fc6e1d104df3c6894630ad00ab4,70465,False,,,,,False,JSONDecodeError: Expecting ':' delimiter: line 390590 column 75 (char 142774279)
task182,P1_16_16p7,6095,16.284776,work/after7113_extract/mirzayasirabdullah07_top_score_neurogolf_championship_notebook/task182.onnx,file,,60cb00d6415f1155bbc14c47d411fb7490e91a2ddb2b03ae8f6c9616cbf0363b,71393,False,,,,,False,JSONDecodeError: Expecting ':' delimiter: line 390164 column 156 (char 142618626)
task251,P1_16_16p7,4920,16.498936,work/public-kernel-outputs/latest_lucifer_1101/submission.zip::task251.onnx,zip,task251.onnx,c7f12c2c14b470fc9e7e81681df0f1c90899ed1c9cc466434600836bae067bdf,1662,False,,,,,False,NotImplemented: [ONNXRuntimeError] : 9 : NOT_IMPLEMENTED : Could not find an implementation for Sub(14) node with name 'safe_name_12'
task251,P1_16_16p7,4920,16.498936,work/hf-neurogolf/submission/task251.onnx,file,,5d896da8a82854590e15324dedea0295d8749112fcfafd5280a8f17721c6b297,32795,False,90903,13.582451717078698,,,False,
task363,P1_16_16p7,4612,16.563583,work/final-v170-anas-on-v169/task363.onnx,file,,24df0930a5542b1776bd9a07f34178812d6d545e65dffb274e65c732e037f01f,2266,False,,,,,False,NotImplemented: [ONNXRuntimeError] : 9 : NOT_IMPLEMENTED : Could not find an implementation for Equal(13) node with name 'safe_name_44'
task363,P1_16_16p7,4612,16.563583,work/public-kernel-outputs/latest_biohack_best_1023/_src_A/task363.onnx,file,,beb08977e59d522d9981636bc96b162ca4f26bf63380a9cef8d11eebba8a8881,2952,False,,,,,False,NotImplemented: [ONNXRuntimeError] : 9 : NOT_IMPLEMENTED : Could not find an implementation for Equal(13) node with name 'safe_name_44'
task363,P1_16_16p7,4612,16.563583,work/final-v168-rescan-latest-on-v167/task363.onnx,file,,b6ef27e3aa02b6d21371818fcd692c21adf2727977cce7934d74e7ac09b7db3f,3082,False,,,,,False,NotImplemented: [ONNXRuntimeError] : 9 : NOT_IMPLEMENTED : Could not find an implementation for Equal(13) node with name 'safe_name_45'
task363,P1_16_16p7,4612,16.563583,work/datasets/google_neurogolf_public/task363.onnx,file,,96f558d6a0dd4a5140d6dcf92a1ff5f1251f4cb00dc75ab306f619ad09cd6b7e,27194,True,54243,14.098770769180737,49631,-2.4648122308192644,False,
task363,P1_16_16p7,4612,16.563583,work/comprehensive-blend/task363.onnx,file,,8307f5b52c7a8d8d5e59a50321629cd642d57e95abc97975938259266316027f,27494,False,,,,,False,ValueError: official scorer rejected model
task363,P1_16_16p7,4612,16.563583,work/beicicc-6233.zip::submission/task363.onnx,zip,submission/task363.onnx,182f978db088493fb4c09b1cb53f190818da34e4689a12ded49f6b4e950e82e1,27803,False,,,,,False,ValueError: official scorer rejected model
task363,P1_16_16p7,4612,16.563583,work/datasets/afr5501/task363.onnx,file,,d1badded34870b0177b4e224a576e1a3bd4975f9d8be29c51c6f08ff4f62bc0d,27811,True,54241,14.098807640977503,49629,-2.4647753590224983,False,
task363,P1_16_16p7,4612,16.563583,work/hf-neurogolf/submission/task363.onnx,file,,de2d72d05ede0317948a760cedfc805e2c91bd8c583c0195165bbb1b2ffcd877,32906,False,20911,15.0519693847132,,,False,
task029,P1_16_16p7,5288,16.426805,work/beicicc-6233.zip::submission/task029.onnx,zip,submission/task029.onnx,f72af260d16b3b953205e5f96b8ba9ae68b04398490c5e4b9080deec9830c5ef,56459,False,,,,,False,ValueError: official scorer rejected model
task029,P1_16_16p7,5288,16.426805,work/public-datasets/afr1ste_6323/task029.onnx,file,,25ab0c0893d681ca4456d7020af1bdae2dcb23cccd19946bfe1407bb7af2d570,56459,False,,,,,False,ValueError: official scorer rejected model
task359,P1_16_16p7,4342,16.62391,work/public-kernel-outputs/latest_lucifer_1101/submission.zip::task359.onnx,zip,task359.onnx,2d27bc8bba0e1c5dd0284d6a309932562e5d2b673b33f04bd695508560cf359d,874,False,,,,,False,NotImplemented: [ONNXRuntimeError] : 9 : NOT_IMPLEMENTED : Could not find an implementation for Max(13) node with name 'safe_name_23'
task359,P1_16_16p7,4342,16.62391,work/public-kernel-outputs/latest_jcoletti_merged91/submission.zip::task359.onnx,zip,task359.onnx,2be50b03bf8846a2d0eb897830f80a822cc3e9bd64da46796c0755047cbf908d,1135,False,,,,,False,NotImplemented: [ONNXRuntimeError] : 9 : NOT_IMPLEMENTED : Could not find an implementation for Max(13) node with name 'safe_name_23'
task363,P1_16_16p7,4612,16.563583,work/after7113_extract/mirzayasirabdullah07_top_score_neurogolf_championship_notebook/task363.onnx,file,,ddc52c6fc6314991dd163c7bca23994b8a9d1f05ff9f98ccffbe545c58aec827,169031,False,,,,,False,JSONDecodeError: Extra data: line 207235 column 1 (char 75720244)
task363,P1_16_16p7,4612,16.563583,work/more_public_sources_flat/rajathrpai_neurogolf_2026_6276_41_hybrid_submission/task363__0.onnx,file,,b8bb005f95baf0f7f1187a369a57d564e14b956a7cd8fefaad5c607a51213fb3,170389,False,,,,,False,JSONDecodeError: Extra data: line 207235 column 1 (char 75720244)
task359,P1_16_16p7,4342,16.62391,work/tasklib.zip::submission/task359.onnx,zip,submission/task359.onnx,672998fe0ded0713d4592fd75c24107e036fb67b7b8704edaccec73eb0717c61,22832,True,284392,12.441891152879634,280050,-4.182018847120364,False,
task358,P1_16_16p7,4027,16.699223,work/public-kernel-outputs/latest_lucifer_1101/submission.zip::task358.onnx,zip,task358.onnx,20c53d00a6fb5c4dd8950c3e8d968c0e359da85e1602c1f0a2263f9f379a2d09,2389,False,,,,,False,NotImplemented: [ONNXRuntimeError] : 9 : NOT_IMPLEMENTED : Could not find an implementation for Max(13) node with name 'safe_name_60'
task359,P1_16_16p7,4342,16.62391,work/hf-neurogolf/submission/task359.onnx,file,,fed1f29eb8e246c4d0b1a9866b3dacdaaf0d03a6b97398111d4e0ccbf269f3d5,336849,False,166913,12.97477200243075,,,False,
task358,P1_16_16p7,4027,16.699223,work/public-datasets/afr1ste_6323/task358.onnx,file,,a382f18e9e8b2d0db2b491a43060359c959b6cc854654e041ba828e7f632a416,7990,False,,,,,False,ValueError: official scorer rejected model
task358,P1_16_16p7,4027,16.699223,work/kaggle-downloaded-datasets/franksunp_neurogolf-blended-best-models/task358.onnx,file,,4d6e1801b0c7e623b85ea9ba006a8e65110a556f6d64d4a6835e2db4805b330e,8393,False,,,,,False,JSONDecodeError: Extra data: line 62545 column 1 (char 22819948)
task358,P1_16_16p7,4027,16.699223,work/after7113_extract/kokinnwakashuu_neurogolf_6503_44_task149_cost136/task358.onnx,file,,5092f8fac37b9a2a762b629768e397da3f0d72fa126494706bd9b9fc431f29c5,8547,True,41208,14.373612308754579,37181,-2.325610691245421,False,
task358,P1_16_16p7,4027,16.699223,work/final-v38-bool-cast-mul-fuse/task358.onnx,file,,d5be7832f18b0c1f7bd7dc74535c2e9bc1c62f44ae720b10302faf9b71fbed7b,10730,False,,,,,False,FileNotFoundError: [Errno 2] No such file or directory: '/var/folders/tg/xfgjm71j7lg0z169dw9zz4t40000gn/T/ng_358_2026-07-09_20-59-48.json'
task358,P1_16_16p7,4027,16.699223,work/artifacts/6254-relaxed-downgrade/task358.onnx,file,,b68b6a78485c97378bbbd497d9d7ca68a62a3003ba29f2a632abaf6021501225,10677,True,113997,13.356072588759108,109970,-3.3431504112408916,False,
task358,P1_16_16p7,4027,16.699223,work/final-biohack-superior-blend-new-official/task358.onnx,file,,0d7fb16add136afdbf237c35e2ced3c28e9f36f9e75bc94eb7fd6f0703067cda,10756,False,,,,,False,JSONDecodeError: Expecting ':' delimiter: line 123598 column 789 (char 45428739)
task358,P1_16_16p7,4027,16.699223,work/user_6300_zip1/task358.onnx,file,,dd4511f6db965e78fe4d08cafc7fc1cb557a3d0ef4590edc7d81cebe756af111,10936,True,110561,13.38667731617689,106534,-3.31254568382311,False,
task107,P2_16p7_17p5,3681,16.78906,work/public-kernel-outputs/latest_lucifer_1101/submission.zip::task107.onnx,zip,task107.onnx,7ec56ddb057a0bbd076e340c5cc54b775aa3daaa27655b36044e05d681c11ea1,3007,False,,,,,False,NotImplemented: [ONNXRuntimeError] : 9 : NOT_IMPLEMENTED : Could not find an implementation for Equal(13) node with name 'safe_name_38'
task358,P1_16_16p7,4027,16.699223,work/hf-neurogolf/submission/task358.onnx,file,,7f74a7bd576901f50aff0831eaeb3ab6aa9b1a88a186cf2572abb72be566b69b,115995,False,111703,13.376401157648937,,,False,
task107,P2_16p7_17p5,3681,16.78906,work/public-kernel-outputs/latest_anas_1211/submission.zip::task107.onnx,zip,task107.onnx,311632114eabea33337ec47858169839dd1e526276e43376a8b40f9cfd0451ab,3918,False,,,,,False,ValidationError: Your model ir_version 13 is higher than the checker's (12).
task358,P1_16_16p7,4027,16.699223,work/neurogolf2026-6254.zip::submission/task358.onnx,zip,submission/task358.onnx,50650df0548143121954ee03c9db4532be39a4a56b686e8bf4987af48b47c2cf,10944,True,114021,13.355862079061728,109994,-3.343360920938272,False,
task107,P2_16p7_17p5,3681,16.78906,work/candidate_sources/haoran_6100_h_fp16_surgery/task107.onnx,file,,d2054c1e3653428a8a89d14da8621ebdd8bca736a2fcc79702ab667e0e2e6bb0,29765,False,,,,,False,JSONDecodeError: Expecting property name enclosed in double quotes: line 21375 column 67 (char 7839744)
task107,P2_16p7_17p5,3681,16.78906,work/candidate_sources/haoran_6100_h_fp16_surgery_v2/task107.onnx,file,,356fa1aab077f4660f74ad875ffd9f04efdc0cd69624bc273be70510bf926325,29789,False,,,,,False,JSONDecodeError: Expecting property name enclosed in double quotes: line 21375 column 67 (char 7839744)
task107,P2_16p7_17p5,3681,16.78906,work/final-v95-small-safe-on-v94/task107.onnx,file,,14bf3f590261ceb5996e12d824202a2960f7a7b0915e08e91ee48ddc232d0b22,30216,False,,,,,False,JSONDecodeError: Extra data: line 65175 column 2 (char 23936001)
task107,P2_16p7_17p5,3681,16.78906,work/after7113_extract/kokinnwakashuu_neurogolf_6503_44_task149_cost136/task107.onnx,file,,37276e5b51bfc1969a1be4234a5f0195d4822bde4cc1c07e7a40a55e5bad30c6,30390,False,,,,,False,JSONDecodeError: Expecting ':' delimiter: line 54064 column 665 (char 19800067)
task107,P2_16p7_17p5,3681,16.78906,work/after7113_extract/zoli800_neurogolf_6446_65_submit/task107.onnx,file,,4802cde71a4013cd54cceaa783460aa44e0230a8eccfe96ce4dea695095bb9f0,30438,True,60961,13.982010405574545,57280,-2.807049594425454,False,
task107,P2_16p7_17p5,3681,16.78906,work/after7113_extract/seddiktrk_neurogolf_2026_index_surgery/task107.onnx,file,,5ba6a6e9f6acef0c4e34d7528f6bc504b4e402a0a44697f32d9a7827b64f8d61,30573,True,62204,13.961825414658772,58523,-2.827234585341227,False,
task107,P2_16p7_17p5,3681,16.78906,work/neurogolf2026-6254.zip::submission/task107.onnx,zip,submission/task107.onnx,486d43b947a10c096cd5abb2121faf5664c1d92f9d0196957cff677676caa5cf,31191,False,,,,,False,FileNotFoundError: [Errno 2] No such file or directory: '/var/folders/tg/xfgjm71j7lg0z169dw9zz4t40000gn/T/ng_107_2026-07-09_20-59-51.json'
task107,P2_16p7_17p5,3681,16.78906,work/datasets/google_neurogolf_public/task107.onnx,file,,327040ec77c90c8e04165536c8797f6dfa2c58567c9b9e5e1f2211a150e48467,57400,False,,,,,False,JSONDecodeError: Expecting value: line 1 column 1 (char 0)
task107,P2_16p7_17p5,3681,16.78906,work/artifacts/6254-opset9/task107.onnx,file,,7bc45bb7f9adcc30730976ad8d5a3683b78b2c8e145ff18203967ffcb6906c24,31191,True,73131,13.799992367549814,69450,-2.989067632450185,False,
task107,P2_16p7_17p5,3681,16.78906,work/comprehensive-blend/task107.onnx,file,,af7814167d95e2f9a1d6ef98a0f8fa75bd8a21055f06df9166bdf68954b010b6,57891,False,,,,,False,ValueError: official scorer rejected model
task107,P2_16p7_17p5,3681,16.78906,work/beicicc-6233.zip::submission/task107.onnx,zip,submission/task107.onnx,01780d4c2be1ab9df58042a69275c9a39dd8cd490c990975421a449cd3eadea9,58097,False,,,,,False,ValueError: official scorer rejected model
task107,P2_16p7_17p5,3681,16.78906,work/public-datasets/afr1ste_6323/task107.onnx,file,,a4446295b475ba42f72b14429d44c15e66a7cb777bb6d4585c1a816573f6932e,58097,False,,,,,False,ValueError: official scorer rejected model
task107,P2_16p7_17p5,3681,16.78906,work/datasets/afr5501/task107.onnx,file,,21e1e1d4b15626cd0a7fc600889c06f57fe6efdd17f4e7bc13e687d3a18ebf01,58321,False,,,,,False,FileNotFoundError: [Errno 2] No such file or directory: '/var/folders/tg/xfgjm71j7lg0z169dw9zz4t40000gn/T/ng_107_2026-07-09_20-59-52.json'
task363,P1_16_16p7,4612,16.563583,work/public-datasets/afr1ste_6323/task363.onnx,file,,e0a691472127d7a645871493a51409d1cfd30129fbe289a1489762cae4ff402f,306734,False,,,,,False,TimeoutExpired: worker exceeded 8s
task137,P2_16p7_17p5,3526,16.832081,work/public-kernel-outputs/latest_lucifer_1101/submission.zip::task137.onnx,zip,task137.onnx,fe02df7f1ef7fb92c736dda26f3f2029db2ffb169f7a02fa0879b6ee1c14e9ce,1532,False,,,,,False,NotImplemented: [ONNXRuntimeError] : 9 : NOT_IMPLEMENTED : Could not find an implementation for Max(13) node with name 'safe_name_38'
task137,P2_16p7_17p5,3526,16.832081,work/public-kernel-outputs/latest_jcoletti_merged91/submission.zip::task137.onnx,zip,task137.onnx,351cf9f60b8ff832cd8914dccb19cd2198dbef4445f4401abea12d8485d1f2de,1945,False,,,,,False,NotImplemented: [ONNXRuntimeError] : 9 : NOT_IMPLEMENTED : Could not find an implementation for Max(13) node with name 'safe_name_38'
task055,P2_16p7_17p5,3141,16.947704,work/public-kernel-outputs/latest_lucifer_1101/submission.zip::task055.onnx,zip,task055.onnx,7a84f208eb397b4bbd8ac3c4b57434c246f3dba0be22afaa74d0c1b113cd9e93,1017,True,1856,17.473821086653853,-1285,0.5261170866538514,False,
task055,P2_16p7_17p5,3141,16.947704,work/beicicc-6233.zip::submission/task055.onnx,zip,submission/task055.onnx,f41d8da12373c5c6df1c1b77a890b6d9b882ac0236fbf4c4edc8292551a1f830,17394,False,,,,,False,ValueError: official scorer rejected model
task055,P2_16p7_17p5,3141,16.947704,work/public-datasets/jvlegend_v136/task055.onnx,file,,d1db66147c9391e00e3dbe267579a44bedbc796375c4f1139d813d5e72597cbc,20952,False,,,,,False,JSONDecodeError: Expecting value: line 1 column 1 (char 0)
task055,P2_16p7_17p5,3141,16.947704,work/onnxsim-optimizations/task055.onnx,file,,430e19e8ea1f397cde323f8fded4e6a63f3bf696c254332cd66fffcd9ed69969,20195,False,,,,,False,FileNotFoundError: [Errno 2] No such file or directory: '/var/folders/tg/xfgjm71j7lg0z169dw9zz4t40000gn/T/ng_055_2026-07-09_20-59-53.json'
task055,P2_16p7_17p5,3141,16.947704,work/more_public_sources_flat/rajathrpai_neurogolf_2026_6276_41_hybrid_submission/task055__0.onnx,file,,194c76a7c1f255cb8d516d9ba1ac658ddc6f99f862956432b21d038cfd5f4c1c,21458,False,,,,,False,FileNotFoundError: [Errno 2] No such file or directory: '/var/folders/tg/xfgjm71j7lg0z169dw9zz4t40000gn/T/ng_055_2026-07-09_20-59-53.json'
task390,P2_16p7_17p5,3082,16.966666,work/public-kernel-outputs/latest_lucifer_1101/submission.zip::task390.onnx,zip,task390.onnx,934c9e4d7ffdc270857fdb1af666551e187e3d93fe1ee3013fa62e1f5ea858a7,2772,False,,,,,False,NotImplemented: [ONNXRuntimeError] : 9 : NOT_IMPLEMENTED : Could not find an implementation for Equal(13) node with name 'safe_name_52'
task055,P2_16p7_17p5,3141,16.947704,work/hf-neurogolf/submission/task055.onnx,file,,cde039222892f4531a8730eacbd508d3a33ea83f238846a0c5d5a8fcf829948c,144795,False,118903,13.313936686352635,,,False,
task390,P2_16p7_17p5,3082,16.966666,work/hf-neurogolf/submission/task390.onnx,file,,a1db18bc7f1fa2a8a7ed8ddfd12371783eb78cf1a67356cf35153ada5ec79b40,68106,False,45711,14.269905751862536,,,False,
task105,P2_16p7_17p5,2941,17.013495,work/final-v170-anas-on-v169/task105.onnx,file,,f5f6649540db2dc038e9d55f79abf829e00071e1da06fc661d63988e947a2686,2898,True,2849,17.045276665502094,-92,0.031781665502094825,True,
task105,P2_16p7_17p5,2941,17.013495,work/public-kernel-outputs/latest_biohack_best_1023/_src_A/task105.onnx,file,,d2f514d17c52556c0dd7af470e74d4e994de6731433101ef61539cc44e7c7188,5886,False,,,,,False,JSONDecodeError: Extra data: line 59589 column 1 (char 21242669)
task105,P2_16p7_17p5,2941,17.013495,work/final-v168-rescan-latest-on-v167/task105.onnx,file,,cff4595a0517ade9860631d33054032fa6e4f4388453fa572c5dc25af12140d1,6334,False,,,,,False,FileNotFoundError: [Errno 2] No such file or directory: '/var/folders/tg/xfgjm71j7lg0z169dw9zz4t40000gn/T/ng_105_2026-07-09_20-59-54.json'
task105,P2_16p7_17p5,2941,17.013495,work/candidate_sources/haoran_6100_h_fp16_surgery/task105.onnx,file,,5f942d2bae567459d93f2fcb59e8a36c3212b2bcea5ea85e79705397d5b0d4cd,18715,False,,,,,False,JSONDecodeError: Expecting property name enclosed in double quotes: line 22757 column 1 (char 8106006)
task105,P2_16p7_17p5,2941,17.013495,work/datasets/google_neurogolf_public/task105.onnx,file,,a33003f1c1912d117879f757ab99e3f91f6b432293ab2da33b77f500d72c59ab,33357,False,,,,,False,FileNotFoundError: [Errno 2] No such file or directory: '/var/folders/tg/xfgjm71j7lg0z169dw9zz4t40000gn/T/ng_105_2026-07-09_20-59-54.json'
task105,P2_16p7_17p5,2941,17.013495,work/datasets/afr5501/task105.onnx,file,,3c41ccff9fb6a457c26ebc6ff35a27739c5dcb3cfde378c6c21cf90cd4394112,35058,False,,,,,False,FileNotFoundError: [Errno 2] No such file or directory: '/var/folders/tg/xfgjm71j7lg0z169dw9zz4t40000gn/T/ng_105_2026-07-09_20-59-54.json'
task105,P2_16p7_17p5,2941,17.013495,work/more_public_sources_flat/rajathrpai_neurogolf_2026_6276_41_hybrid_submission/task105__0.onnx,file,,87b8eaf3ff5a294ef03d408dd6cbe46010df8557a3d774b1e98c171c7f5afe4a,35291,False,,,,,False,FileNotFoundError: [Errno 2] No such file or directory: '/var/folders/tg/xfgjm71j7lg0z169dw9zz4t40000gn/T/ng_105_2026-07-09_20-59-54.json'
task105,P2_16p7_17p5,2941,17.013495,work/hf-neurogolf/submission/task105.onnx,file,,7e180f74cb7edb3c21b7bb86d0d1c235e419ae0ba29692565f50d215b711a277,67995,False,,,,,False,JSONDecodeError: Extra data: line 4527 column 1 (char 1521141)
task154,P2_16p7_17p5,2743,17.083193,work/public-kernel-outputs/latest_lucifer_1101/submission.zip::task154.onnx,zip,task154.onnx,8ff86bd5f2f197f592f7cea17d32b30030fa3bd8952bd4d3bc57dad9a154cfb4,1585,False,,,,,False,NotImplemented: [ONNXRuntimeError] : 9 : NOT_IMPLEMENTED : Could not find an implementation for Max(13) node with name 'safe_name_55'
task246,P2_16p7_17p5,2634,17.123741,work/public-kernel-outputs/latest_lucifer_1101/submission.zip::task246.onnx,zip,task246.onnx,cd23dd188e887a85730fde7679be54cfeed88788afdb64fe78b2aa1a53cac193,1318,False,,,,,False,NotImplemented: [ONNXRuntimeError] : 9 : NOT_IMPLEMENTED : Could not find an implementation for Min(13) node with name 'safe_name_23'
task154,P2_16p7_17p5,2743,17.083193,work/hf-neurogolf/submission/task154.onnx,file,,55cb2c20d79656536fb8da953b51627df9617596970ec9f304283a8e5a9f45ce,48906,False,40911,14.380845745474057,,,False,
task246,P2_16p7_17p5,2634,17.123741,work/hf-neurogolf/submission/task246.onnx,file,,8bd999a6f770bdc40cb2d872ad50abc50b86eee666c1dbb04bcde14d080be020,115995,False,111703,13.376401157648937,,,False,
task264,P2_16p7_17p5,2329,17.246806,work/public-kernel-outputs/latest_lucifer_1101/submission.zip::task264.onnx,zip,task264.onnx,b811c91c3db6c9eb1779af5889f335fc790e0d4e7f13650493db4483d5ecb663,7258,False,,,,,False,NotImplemented: [ONNXRuntimeError] : 9 : NOT_IMPLEMENTED : Could not find an implementation for Equal(13) node with name 'safe_name_30'
task264,P2_16p7_17p5,2329,17.246806,work/after7113_extract/vyankteshdwivedi_neurogolf_6425_76/task264.onnx,file,,ef0fc3d49381cdcd200b50004559de7dca24b10a570f382a12cfe440d8cb3d08,23060,False,,,,,False,NotImplemented: [ONNXRuntimeError] : 9 : NOT_IMPLEMENTED : Could not find an implementation for Max(13) node with name 'safe_name_56'
task256,P2_16p7_17p5,2251,17.28087,work/public-kernel-outputs/latest_lucifer_1101/submission.zip::task256.onnx,zip,task256.onnx,4e2b5bebf06c74acc06114cc01f91b3843016f919abd223410a39f9a14c81db1,1033,True,2114,17.343662833569816,-137,0.0627928335698158,False,
task256,P2_16p7_17p5,2251,17.28087,work/datasets/afr5501/task256.onnx,file,,1ffe3a1afaf620c454f057d228aa6d61e02151f24652d0bf21cbf74439c7f209,27674,False,,,,,False,ValueError: official scorer rejected model
task256,P2_16p7_17p5,2251,17.28087,work/tasklib.zip::submission/task256.onnx,zip,submission/task256.onnx,cf7567ab47f66fb5d3aca883d67048613f31c30a05af94fae2370ae0f75b572e,27978,False,,,,,False,FileNotFoundError: [Errno 2] No such file or directory: '/var/folders/tg/xfgjm71j7lg0z169dw9zz4t40000gn/T/ng_256_2026-07-09_20-59-55.json'
task256,P2_16p7_17p5,2251,17.28087,work/beicicc-6233.zip::submission/task256.onnx,zip,submission/task256.onnx,c63a305110398daee971a5fe64ef51d26e9deed881b368d028da5ebb7a59f3ad,28549,False,,,,,False,ValueError: official scorer rejected model
task256,P2_16p7_17p5,2251,17.28087,work/public-datasets/afr1ste_6323/task256.onnx,file,,0e3f9461d92d828f9387357d0c36047092e614f144bee0fff0dc46ccfccec862,28549,False,,,,,False,ValueError: official scorer rejected model
task256,P2_16p7_17p5,2251,17.28087,work/hf-neurogolf/submission/task256.onnx,file,,992bad1b416d5ae6ffa4d80aec5110f4ea12f3e0778e33f5a28cdcd36288c6b7,32795,False,,,,,False,JSONDecodeError: Extra data: line 4527 column 1 (char 1520317)
task030,P2_16p7_17p5,2144,17.329571,work/public-kernel-outputs/latest_lucifer_1101/submission.zip::task030.onnx,zip,task030.onnx,40dc75bab93d7bd6f72562aaa8399b713e2400fab2419107405f785ce822041b,1526,False,,,,,False,NotImplemented: [ONNXRuntimeError] : 9 : NOT_IMPLEMENTED : Could not find an implementation for Sub(14) node with name 'safe_name_29'
task030,P2_16p7_17p5,2144,17.329571,work/hf-neurogolf/submission/task030.onnx,file,,4959dec343e4edfcc3ddfd5ccfd9a9b1ed74755a6a3072b8d3f2c680d509dadc,19995,False,87703,13.618288614699134,,,False,
task287,P2_16p7_17p5,1994,17.402102,work/public-kernel-outputs/latest_lucifer_1101/submission.zip::task287.onnx,zip,task287.onnx,322630cb0fbf017d21511c6a4deee4026a3f9d5055c2bf769d8a4515f0fa5f32,3830,True,910,18.186555400489105,-1084,0.784453400489106,False,
task099,P2_16p7_17p5,1899,17.450917,work/public-kernel-outputs/latest_lucifer_1101/submission.zip::task099.onnx,zip,task099.onnx,5ceb8f62d45bcf00bf70aeb4535f5927aa12b603ca5338214bb06459e23b219d,2451,False,,,,,False,NotImplemented: [ONNXRuntimeError] : 9 : NOT_IMPLEMENTED : Could not find an implementation for Add(14) node with name 'safe_name_21'
task099,P2_16p7_17p5,1899,17.450917,work/neurogolf2026-6254.zip::submission/task099.onnx,zip,submission/task099.onnx,1e320d88cf0eac19c3c20b9c005a4be28ac50d4bf0a39015404f9deb22a0c31e,19839,True,4910,16.500970779211436,3011,-0.9499462207885649,False,
task099,P2_16p7_17p5,1899,17.450917,work/final-all-sources-v5-incremental/task099.onnx,file,,0f0be9c0bcc58858e5b710ac1df99ef2b3d031fd48ec301d1e7d14d7f93a86db,19893,False,,,,,False,JSONDecodeError: Extra data: line 1330 column 1 (char 358590)
task099,P2_16p7_17p5,1899,17.450917,work/hf-neurogolf/submission/task099.onnx,file,,28547e0d4716bd6a671e4af4525613337962c4c9f07c201d185e5d0e614abc01,20106,False,17711,15.218058805543368,,,False,
task287,P2_16p7_17p5,1994,17.402102,work/hf-neurogolf/submission/task287.onnx,file,,e55bb4300028482ba2236a684e7b23b9123a54cfed4a95dd5a834f29cb643a93,336849,False,,,,,False,FileNotFoundError: [Errno 2] No such file or directory: '/var/folders/tg/xfgjm71j7lg0z169dw9zz4t40000gn/T/ng_287_2026-07-09_20-59-56.json'
task041,P3_ge17p5,1787,17.511706,work/public-kernel-outputs/latest_lucifer_1101/submission.zip::task041.onnx,zip,task041.onnx,36f56211de628906d2a54a007f2ef029c6b43f710182e285b8e030fb3fa7e1e4,967,False,,,,,False,NotImplemented: [ONNXRuntimeError] : 9 : NOT_IMPLEMENTED : Could not find an implementation for Equal(13) node with name 'output'
task041,P3_ge17p5,1787,17.511706,work/datasets/afr5501/task041.onnx,file,,f8c670a0b66bcc771405c3a4360b6aadd74e54740436f9a4002a5534446851f8,20603,False,,,,,False,ValidationError: Your model ir_version 13 is higher than the checker's (12).
task045,P3_ge17p5,1673,17.577626,work/public-kernel-outputs/latest_lucifer_1101/submission.zip::task045.onnx,zip,task045.onnx,02417a668fba241d258cdc771150472cb935343241c77926c7992391b16892bd,1857,False,,,,,False,"JSONDecodeError: Expecting ',' delimiter: line 12197 column 60 (char 4362255)"
task045,P3_ge17p5,1673,17.577626,work/tasklib.zip::submission/task045.onnx,zip,submission/task045.onnx,8a9c35b81775884a1c289cadea5602babd38370b25a7a7e4b6d1b2b4964af567,17460,False,,,,,False,JSONDecodeError: Expecting value: line 1 column 1 (char 0)
task045,P3_ge17p5,1673,17.577626,work/hf-neurogolf/submission/task045.onnx,file,,dddd4a0170aae2ad7e63f825e4c3cf8c61c9689a6d0eade7a3bde8f94867ef3c,32906,False,,,,,False,FileNotFoundError: [Errno 2] No such file or directory: '/var/folders/tg/xfgjm71j7lg0z169dw9zz4t40000gn/T/ng_045_2026-07-09_20-59-56.json'
task036,P3_ge17p5,1610,17.616011,work/public-kernel-outputs/latest_lucifer_1101/submission.zip::task036.onnx,zip,task036.onnx,32722727a95167da762c2d0fa68388d03b285913be775e421229e1284c846035,2223,False,,,,,False,NotImplemented: [ONNXRuntimeError] : 9 : NOT_IMPLEMENTED : Could not find an implementation for Less(13) node with name 'safe_name_63'
task226,P3_ge17p5,1534,17.664366,work/public-kernel-outputs/latest_lucifer_1101/submission.zip::task226.onnx,zip,task226.onnx,d295b5306ef7dd4d895fc57df5da16b1850f42e393bd5096c4e096c864bd9195,1321,False,,,,,False,NotImplemented: [ONNXRuntimeError] : 9 : NOT_IMPLEMENTED : Could not find an implementation for Sub(14) node with name 'safe_name_9'
task226,P3_ge17p5,1534,17.664366,work/hf-neurogolf/submission/task226.onnx,file,,f25cb809baa0d208e954931860f701e0b50d938686698518af89a150b0df553c,68106,False,29711,14.700727373409014,,,False,
task217,P3_ge17p5,1470,17.706982,work/public-kernel-outputs/latest_lucifer_1101/submission.zip::task217.onnx,zip,task217.onnx,868818b72ab132cf0ff1f056174ec4d6123ee59abea0ba2e5b86b15cf6b5c8a4,711,False,,,,,False,NotImplemented: [ONNXRuntimeError] : 9 : NOT_IMPLEMENTED : Could not find an implementation for Equal(11) node with name 'safe_name_9'
task217,P3_ge17p5,1470,17.706982,work/hf-neurogolf/submission/task217.onnx,file,,2522b2ae067ad498fd09f7ba43e2aecb31eb41c171b4eb49e8193cc7c2225ab8,68106,False,27279,14.786127545605977,,,False,
task232,P3_ge17p5,1410,17.748655,work/public-kernel-outputs/latest_lucifer_1101/submission.zip::task232.onnx,zip,task232.onnx,576385dff83563ade76188921797769d631fde0a267aaeea08bc9bfed5eee716,5813,True,1410,17.748655016627787,0,1.6627787147172057e-08,False,
task160,P3_ge17p5,1334,17.804063,work/public-kernel-outputs/latest_lucifer_1101/submission.zip::task160.onnx,zip,task160.onnx,3724b86822c82103c4d012c87443e83ba72b9f935389fc3a7a5fd89f6d48edce,779,True,1334,17.804062773524432,0,-2.264755671887997e-07,False,
task041,P3_ge17p5,1787,17.511706,work/tasklib.zip::submission/task041.onnx,zip,submission/task041.onnx,c5c5d7f7683adb8800ecbd0c71fc464bcc560a3b1c5eb49b5eda7919bd5f4567,51887,True,489186,11.899501935766438,487399,-5.612204064233563,False,
task232,P3_ge17p5,1410,17.748655,work/tasklib.zip::submission/task232.onnx,zip,submission/task232.onnx,3b114ae2971fba7a546f0c0d55ee83098eb50682682abc40dbbda70657ae8b46,18189,False,,,,,False,FileNotFoundError: [Errno 2] No such file or directory: '/var/folders/tg/xfgjm71j7lg0z169dw9zz4t40000gn/T/ng_232_2026-07-09_20-59-57.json'
task232,P3_ge17p5,1410,17.748655,work/hf-neurogolf/submission/task232.onnx,file,,ab62fb5f3293144136986a572e65a307a9f6ae910877bec345b3c35e98527d11,48795,False,94903,13.539389403678243,,,False,
task020,P3_ge17p5,1256,17.864313,work/public-kernel-outputs/latest_lucifer_1101/submission.zip::task020.onnx,zip,task020.onnx,33230196145a46329b2b496ffee1b74d95d82ad5065f5d183a1b4b98d9412d1f,1731,False,,,,,False,ValueError: official scorer rejected model
task020,P3_ge17p5,1256,17.864313,work/candidate_sources/haoran_6100_h_fp16_surgery/task020.onnx,file,,07bf251bd9e38530958530cb390c11aefa8b517046fbab4647244d2ebda02e60,21168,False,,,,,False,JSONDecodeError: Extra data: line 201633 column 1 (char 74289765)
task020,P3_ge17p5,1256,17.864313,work/final-v60-bool-cast-inverse-compare/task020.onnx,file,,f2be543dd681fd19a80ed8fc25fe81ca115e140bcc07f3916485e0cde04273b0,19648,False,,,,,False,JSONDecodeError: Extra data: line 201633 column 1 (char 74289765)
task020,P3_ge17p5,1256,17.864313,work/final-v56-singleton-reduce/task020.onnx,file,,a84cc462e251b86ba793c289a60372b411667778aaaf99c0db962c656af266e0,19672,False,,,,,False,JSONDecodeError: Extra data: line 201633 column 1 (char 74289765)
task020,P3_ge17p5,1256,17.864313,work/candidate_sources/haoran_6100_h_fp16_surgery_v2/task020.onnx,file,,8b731ef7b4df36c26c806aa40d79de8911210cb8f35a7974adb3df4c595dbf87,21171,True,108133,13.408882770063522,106877,-4.455430229936477,False,
task400,P3_ge17p5,1181,17.925883,work/public-kernel-outputs/latest_lucifer_1101/submission.zip::task400.onnx,zip,task400.onnx,efccf40c6f4b57129cce6e8aadd54d357bd0b2ceb6b1fa620f23736ea843aa55,580,False,,,,,False,ValueError: official scorer rejected model
task400,P3_ge17p5,1181,17.925883,work/hf-neurogolf/submission/task400.onnx,file,,36f836d4d2fd3b45883e69a389f90eeff1f10edef2d5d2da0a4a88c8297bf1a1,20241,False,,,,,False,FileNotFoundError: [Errno 2] No such file or directory: '/var/folders/tg/xfgjm71j7lg0z169dw9zz4t40000gn/T/ng_400_2026-07-09_20-59-59.json'
task115,P3_ge17p5,1043,18.050144,work/tasklib.zip::submission/task115.onnx,zip,submission/task115.onnx,e58827280c3d5b4f2061e0b4fea64794fd616413b57694452e49feec9a45ade6,94978,False,,,,,False,NotImplemented: [ONNXRuntimeError] : 9 : NOT_IMPLEMENTED : Could not find an implementation for ArgMax(12) node with name 'safe_name_303'
task115,P3_ge17p5,1043,18.050144,work/public-kernel-outputs/latest_lucifer_1101/submission.zip::task115.onnx,zip,task115.onnx,b4cebac4e44dbdf5bb966f443e9f0e77ffdeb619fd77df82ff4bfa9ef867a3f9,1594,True,1014,18.078341815848873,-29,0.028197815848873375,False,
task010,P3_ge17p5,1002,18.090247,work/public-kernel-outputs/latest_lucifer_1101/submission.zip::task010.onnx,zip,task010.onnx,99e316d815a62df4c75aabf04798d8261c8c1b80a455777a43a155fc8d2145b0,1393,False,,,,,False,NotImplemented: [ONNXRuntimeError] : 9 : NOT_IMPLEMENTED : Could not find an implementation for Greater(9) node with name 'safe_name_16'
task010,P3_ge17p5,1002,18.090247,work/hf-neurogolf/submission/task010.onnx,file,,a8a15a4cb7ac9602085a3ae8c3900263b64f5069caf25207490544171c426f3c,32906,False,18479,15.175609768822575,,,False,
task032,P3_ge17p5,910,18.186555,work/public-kernel-outputs/latest_lucifer_1101/submission.zip::task032.onnx,zip,task032.onnx,411e1a268128a50616973dac012b02846167e8ce6f9525c21576dd38290e6528,3836,True,910,18.186555400489105,0,4.0048910676659943e-07,False,
task331,P3_ge17p5,910,18.186555,work/public-kernel-outputs/latest_lucifer_1101/submission.zip::task331.onnx,zip,task331.onnx,9ab897446f65e49f1af0d24eea883828f85276e9769025f179ba77302086b37d,3836,True,910,18.186555400489105,0,4.0048910676659943e-07,False,
task020,P3_ge17p5,1256,17.864313,work/final-all-sources-v5-incremental/task020.onnx,file,,db45c448f5f30de4e4da76328f46da517130b92ef6fd41387db6e7df448c04e4,21201,False,,,,,False,"JSONDecodeError: Expecting ',' delimiter: line 90735 column 141 (char 33468416)"
task032,P3_ge17p5,910,18.186555,work/tasklib.zip::submission/task032.onnx,zip,submission/task032.onnx,a3f77d393650c4b783c9929a3d14ea8013e438da38f448f2a5b57c6df12913f4,128710,True,532474,11.814710650917405,531564,-6.371844349082593,False,
task032,P3_ge17p5,910,18.186555,work/public-datasets/jvlegend_v136/task032.onnx,file,,eb2115a520580bdd37835a262f36565d3e815964ed0890cd76e03d0dc618cc9b,129005,False,,,,,False,ValueError: official scorer rejected model
task114,P3_ge17p5,900,18.197605,work/public-kernel-outputs/latest_lucifer_1101/submission.zip::task114.onnx,zip,task114.onnx,f513ddb7eb36c103329d37b053ec2f483e49a782b4d483183152e1271722e032,3820,True,900,18.197605236675688,0,2.3667568882501655e-07,False,
task047,P3_ge17p5,862,18.240745,work/public-kernel-outputs/latest_lucifer_1101/submission.zip::task047.onnx,zip,task047.onnx,98654238698b28664841d9471433bcbf82721b33e79b7c8cb8a3ae96f90bc7f4,1013,True,862,18.240744729336306,0,-2.7066369412409585e-07,False,
task047,P3_ge17p5,862,18.240745,work/hf-neurogolf/submission/task047.onnx,file,,da63ea367a912eb381d5ca9b921f7e0b6004c8d7bc8bf6d4b6434ee6cb5bdc3a,48906,False,22479,14.979663180967579,,,False,
task153,P3_ge17p5,793,18.324177,work/public-kernel-outputs/latest_lucifer_1101/submission.zip::task153.onnx,zip,task153.onnx,e461a0c63584faf680902acf86a1dbffb030f8099d0d2f814c41a932c82466c2,1913,False,,,,,False,ValueError: official scorer rejected model
task020,P3_ge17p5,1256,17.864313,work/neurogolf2026-6254.zip::submission/task020.onnx,zip,submission/task020.onnx,4abb72f71f86d299893dcb1ee3be5937bc57ae169a6d1c33af77157df2be6f0d,31378,False,,,,,False,JSONDecodeError: Extra data: line 202431 column 1 (char 74723882)
task047,P3_ge17p5,862,18.240745,work/tasklib.zip::submission/task047.onnx,zip,submission/task047.onnx,2e447b4a48ffa6fcf1fc7a6a1457c5c096d4138443219c0f2a21c79ae5b5f541,22209,False,,,,,False,FileNotFoundError: [Errno 2] No such file or directory: '/var/folders/tg/xfgjm71j7lg0z169dw9zz4t40000gn/T/ng_047_2026-07-09_21-00-01.json'
task153,P3_ge17p5,793,18.324177,work/hf-neurogolf/submission/task153.onnx,file,,b9880126292248a51e24bead5caeeb348072220151be3f2581ac62f0b05d4369,177095,False,,,,,False,FileNotFoundError: [Errno 2] No such file or directory: '/var/folders/tg/xfgjm71j7lg0z169dw9zz4t40000gn/T/ng_153_2026-07-09_21-00-01.json'
task153,P3_ge17p5,793,18.324177,work/solver-conv-built/task153.onnx,file,,5f9ebd66918a0b71728d5d1fe25d0094ada2c164bf7fd22f9bb24f49c1987bcb,177247,False,53027,14.121443503220904,,,False,
task153,P3_ge17p5,793,18.324177,work/beicicc-6233.zip::submission/task153.onnx,zip,submission/task153.onnx,07fb0f90acdbcdb5fcb7afee898ecd932f5f232bae0dd5f011281e52f04b4d8d,377910,False,,,,,False,ValueError: official scorer rejected model
task200,P3_ge17p5,753,18.375935,work/public-kernel-outputs/latest_lucifer_1101/submission.zip::task200.onnx,zip,task200.onnx,44fbdb1b852ae087b487f8f1413538d0d4f33c45c2bcab9e14019f6cbdb2040e,956,True,623,18.565453481212547,-130,0.18951848121254855,False,
task200,P3_ge17p5,753,18.375935,work/hf-neurogolf/submission/task200.onnx,file,,07132e0abb244502f46b8638a21943e300e828b3bf897f293476f6563014a2d4,144906,False,48911,14.202242400958985,,,False,
task200,P3_ge17p5,753,18.375935,work/public-datasets/afr1ste_6323/task200.onnx,file,,df3340f719ed4971a34eb304bc50d8788e71bc1b88e267c7741eccda1da24915,776792,False,,,,,False,ValueError: official scorer rejected model
task200,P3_ge17p5,753,18.375935,work/more_public_sources_flat/rajathrpai_neurogolf_2026_6276_41_hybrid_submission/task200__0.onnx,file,,482115bfb18db4522a170dd8ba33c36168e9a736e30503cc563848f1bf553809,797905,True,2358850,10.326315229897247,2358097,-8.049619770102751,False,
task263,P3_ge17p5,670,18.492722,work/public-kernel-outputs/latest_lucifer_1101/submission.zip::task263.onnx,zip,task263.onnx,2d7becd8f31c140c4b3bee52b23b83bb758dce04ecdaae818f45d23e966bee70,1850,False,,,,,False,NotImplemented: [ONNXRuntimeError] : 9 : NOT_IMPLEMENTED : Could not find an implementation for Equal(11) node with name 'safe_name_28'
task153,P3_ge17p5,793,18.324177,work/datasets/afr5501/task153.onnx,file,,377560b75a205326a262e2d622388ec47c1a41df77649ed59b6737fbf414bc37,377199,False,,,,,False,TimeoutExpired: worker exceeded 8s
task153,P3_ge17p5,793,18.324177,work/candidate_sources/haoran_6100_h_fp16_surgery/task153.onnx,file,,417ce39f78db6cfe118deb3fdd612cf13e98016cdde0105ae21d4220dac88222,851779,False,,,,,False,TimeoutExpired: worker exceeded 8s
task106,P3_ge17p5,626,18.56065,work/public-kernel-outputs/latest_lucifer_1101/submission.zip::task106.onnx,zip,task106.onnx,b1d2ee9af369ddb15d17b17eb912c6fd3a8ac686c98859cafb3ee13902c242ba,1044,True,626,18.560649628899903,0,-3.7110009643015474e-07,False,
task153,P3_ge17p5,793,18.324177,work/more_public_sources_flat/rajathrpai_neurogolf_2026_6276_41_hybrid_submission/task153__0.onnx,file,,b2307be1bc7eb9a0e15efefc5438f1cda22102d49135eeb5bf029b59db2730bf,862351,False,,,,,False,TimeoutExpired: worker exceeded 8s
task106,P3_ge17p5,626,18.56065,work/datasets/afr5501/task106.onnx,file,,f1a7509ba5948fe0e7c8d7cdfc735c01d446c66c7a67552fc4f624e31cdadb45,25272,False,,,,,False,ValidationError: Your model ir_version 13 is higher than the checker's (12).
task106,P3_ge17p5,626,18.56065,work/tasklib.zip::submission/task106.onnx,zip,submission/task106.onnx,9bc7d2a260518b5b600ecb274a9883d0d26c4a10deb3e76c0babff8f072efbe0,74116,True,111822,13.37533639969128,111196,-5.185313600308719,False,
task147,P3_ge17p5,532,18.723357,work/public-kernel-outputs/latest_lucifer_1101/submission.zip::task147.onnx,zip,task147.onnx,ec181e58c967c9a882ef697cbbb3927585bd2cbe5da72ace33875c9cd106b212,490,True,532,18.723356510658355,0,-4.893416445383991e-07,False,
task384,P3_ge17p5,481,18.824133,work/public-kernel-outputs/latest_lucifer_1101/submission.zip::task384.onnx,zip,task384.onnx,1dc16a458de6df29138ee231f8b867685f5d181051372666a795ee8089870963,1335,False,,,,,False,NotImplemented: [ONNXRuntimeError] : 9 : NOT_IMPLEMENTED : Could not find an implementation for Mul(14) node with name 'safe_name_19'
task384,P3_ge17p5,481,18.824133,work/tasklib.zip::submission/task384.onnx,zip,submission/task384.onnx,a06ac2de985135337dbfc628441096a5a6433e1abbe0f61f0e945cd9afa1616b,45321,False,118120,13.320543664142141,,,False,
task282,P3_ge17p5,446,18.899681,work/public-kernel-outputs/latest_lucifer_1101/submission.zip::task282.onnx,zip,task282.onnx,b7eaadf6a15c6d34e5e67e4036fae776945963426b69abce6ed1dd18452fdb34,445,True,446,18.899681047979936,0,4.7979934691966264e-08,False,
task127,P3_ge17p5,396,19.018586,work/public-kernel-outputs/latest_lucifer_1101/submission.zip::task127.onnx,zip,task127.onnx,e79954adc1f5c4ce09c479feced4aa9aaefeb4417f3ae65c2a3dcf9efed223d4,623,True,396,19.01858578874552,0,-2.1125448057546237e-07,False,
task095,P3_ge17p5,345,19.156456,work/public-kernel-outputs/latest_lucifer_1101/submission.zip::task095.onnx,zip,task095.onnx,85db6a9d48dd4f818f797335f9b525bc3bab9a04179d4153e1876fcd0bc98152,389,False,,,,,False,NotImplemented: [ONNXRuntimeError] : 9 : NOT_IMPLEMENTED : Could not find an implementation for ConvInteger(10) node with name 'output'
task296,P3_ge17p5,314,19.250607,work/public-kernel-outputs/latest_lucifer_1101/submission.zip::task296.onnx,zip,task296.onnx,2dce9ef6d81dd6acbfd6c6661868b6b23c4f52fc1f51746de7157fd6a94c9320,1845,False,,,,,False,NotImplemented: [ONNXRuntimeError] : 9 : NOT_IMPLEMENTED : Could not find an implementation for Equal(13) node with name 'safe_name_64'
task127,P3_ge17p5,396,19.018586,work/hf-neurogolf/submission/task127.onnx,file,,bdf370497a2729774e5d854e2bf61959c3ad90ad680de052c0b1a5f05e63f6e4,250395,False,145303,13.1134235037174,,,False,
task296,P3_ge17p5,314,19.250607,work/tasklib.zip::submission/task296.onnx,zip,submission/task296.onnx,4490cfe83ad647358470559363a35501628b4e37c587c07b37d6bca3c58db40c,33862,True,278362,12.46332229612666,278048,-6.787284703873338,False,
task296,P3_ge17p5,314,19.250607,work/public-datasets/afr1ste_6323/task296.onnx,file,,14b424791c0bea591df39ca4feb96e1efe4a1bafebf7ae1e891c037066c09210,34082,False,,,,,False,ValueError: official scorer rejected model
task296,P3_ge17p5,314,19.250607,work/public-datasets/jvlegend_v136/task296.onnx,file,,02ced688de9ab8340b4be47afe4f9cc2c67d5903865fcf403091923db17015ba,34157,False,,,,,False,ValueError: official scorer rejected model
task357,P3_ge17p5,291,19.326677,work/public-kernel-outputs/latest_lucifer_1101/submission.zip::task357.onnx,zip,task357.onnx,258a1b61bb8cdbd9c2d5180069453c8537c073ac678a418e1c2f07d3ac7a8178,586,False,,,,,False,NotImplemented: [ONNXRuntimeError] : 9 : NOT_IMPLEMENTED : Could not find an implementation for Div(14) node with name 'safe_name_8'
task357,P3_ge17p5,291,19.326677,work/tasklib.zip::submission/task357.onnx,zip,submission/task357.onnx,11538fa3216e97f4c4af86717a4cff090094233345ba0103a0ac08976e6b0443,69488,True,100089,13.486184930844939,99798,-5.8404920691550615,False,
task357,P3_ge17p5,291,19.326677,work/public-datasets/jvlegend_v136/task357.onnx,file,,1912fc0d7f12eccb4c36dfeb02953452b4447ac9b4c6e20d26da098af7e874cf,69946,False,,,,,False,ValueError: official scorer rejected model
task357,P3_ge17p5,291,19.326677,work/public-datasets/afr1ste_6323/task357.onnx,file,,c637035ebd21f24eb25c507c812da3740aa213f19a6bae49328d114f455e854a,93581,False,,,,,False,ValueError: official scorer rejected model
task353,P3_ge17p5,244,19.502832,work/public-kernel-outputs/latest_lucifer_1101/submission.zip::task353.onnx,zip,task353.onnx,65fcd4dd55f5511f5afc5918368c206ecd9372cde81177c0e2cbaa4d5304e82b,1021,False,,,,,False,NotImplemented: [ONNXRuntimeError] : 9 : NOT_IMPLEMENTED : Could not find an implementation for Add(14) node with name 'safe_name_15'
task353,P3_ge17p5,244,19.502832,work/hf-neurogolf/submission/task353.onnx,file,,53de28153114a6c06eb0f331839a64db404b6601d6a72f330eda888108bc1ee1,32795,False,90903,13.582451717078698,,,False,
task386,P3_ge17p5,211,19.648142,work/public-kernel-outputs/latest_lucifer_1101/submission.zip::task386.onnx,zip,task386.onnx,633480c6c990ad2ad6888571cbb0feeac66648d85262036002501aecd3273bd3,435,False,,,,,False,JSONDecodeError: Expecting property name enclosed in double quotes: line 881 column 1 (char 294934)
task386,P3_ge17p5,211,19.648142,work/hf-neurogolf/submission/task386.onnx,file,,f4d1ff564443569750c4afae238084b8e0bb57aebb68e2ebdfbac6808279e683,20241,False,,,,,False,JSONDecodeError: Extra data: line 5365 column 1 (char 1805377)
task082,P3_ge17p5,190,19.752976,work/public-kernel-outputs/latest_lucifer_1101/submission.zip::task082.onnx,zip,task082.onnx,1087ad8979edd6558896768743b8571f69cca8c19758c5e3863c08239ba5c06f,947,True,190,19.752975927839515,0,-7.216048558689181e-08,False,
task229,P3_ge17p5,200,19.701683,work/public-kernel-outputs/latest_lucifer_1101/submission.zip::task229.onnx,zip,task229.onnx,00b4ee87fd4880ca2f4de45b95afa645bb9868991e2df48aea81ed70e525fdfa,1025,False,,,,,False,JSONDecodeError: Extra data: line 1340 column 1 (char 385772)
task229,P3_ge17p5,200,19.701683,work/datasets/logic_for_each_arc_task/submission/task229.onnx,file,,a01d9f1ec8c26e53026b50fa04a233df841b11894dba1aac2f1e93341fe54437,60634,False,,,,,False,FileNotFoundError: [Errno 2] No such file or directory: '/var/folders/tg/xfgjm71j7lg0z169dw9zz4t40000gn/T/ng_229_2026-07-09_21-00-11.json'
task028,P3_ge17p5,168,19.876036,work/public-kernel-outputs/latest_lucifer_1101/submission.zip::task028.onnx,zip,task028.onnx,b82fa2ebe3c36a2c9c8b4a1ac17a3f4ce55167323434bba19969c15a0782ffb0,889,False,,,,,False,JSONDecodeError: Expecting ':' delimiter: line 593 column 558 (char 204804)
task028,P3_ge17p5,168,19.876036,work/more_public_sources_flat/rajathrpai_neurogolf_2026_6276_41_hybrid_submission/task028__0.onnx,file,,ff8e899132d21f24310c765b663d1fef6199fd6490f672beeac53d97a10db770,51218,False,,,,,False,FileNotFoundError: [Errno 2] No such file or directory: '/var/folders/tg/xfgjm71j7lg0z169dw9zz4t40000gn/T/ng_028_2026-07-09_21-00-11.json'
task082,P3_ge17p5,190,19.752976,work/hf-neurogolf/submission/task082.onnx,file,,70ed20679625bfbfa9b153aef73c1a5810a7e860fd53a5f0a5f9b35e6c08a6ce,48795,False,94903,13.539389403678243,,,False,
task229,P3_ge17p5,200,19.701683,work/hf-neurogolf/submission/task229.onnx,file,,4c8f9bbcea387a54e3abae2ecc2fe21619e460b0313020e229e22bf493dd4a67,336849,False,,,,,False,FileNotFoundError: [Errno 2] No such file or directory: '/var/folders/tg/xfgjm71j7lg0z169dw9zz4t40000gn/T/ng_229_2026-07-09_21-00-11.json'
task028,P3_ge17p5,168,19.876036,work/hf-neurogolf/submission/task028.onnx,file,,f53221dda7bdd491c6d8e132a9ccd1d4edfe0d0e811d144cba6651de183286f7,68106,False,29711,14.700727373409014,,,False,
task167,P3_ge17p5,146,20.016393,work/public-kernel-outputs/latest_lucifer_1101/submission.zip::task167.onnx,zip,task167.onnx,62261dfc73464925a3bcf3b87b2ab973b5dbcdf3fd9b2301f47362a7b4848b3a,634,False,,,,,False,JSONDecodeError: Extra data: line 7777 column 2 (char 2792630)
task167,P3_ge17p5,146,20.016393,work/datasets/afr5501/task167.onnx,file,,4e753fc68cfa77714dd9667c848401d41d35338f867c6e7202f3db7ecd96f060,16445,False,,,,,False,JSONDecodeError: Extra data: line 7777 column 2 (char 2792630)
task167,P3_ge17p5,146,20.016393,work/beicicc-6233.zip::submission/task167.onnx,zip,submission/task167.onnx,5a8f450e417e53504dc11edc15f277e4a229d1269d7067240423845647320d8e,30230,False,,,,,False,ValidationError: Your model ir_version 13 is higher than the checker's (12).
task167,P3_ge17p5,146,20.016393,work/public-datasets/afr1ste_6323/task167.onnx,file,,45a7d6c75b2ca8f7ffadf9b9310aad4c8f59b56597becfa1a176ea6cc4f57aaf,30230,False,,,,,False,ValueError: official scorer rejected model
task155,P3_ge17p5,138,20.072746,work/public-kernel-outputs/latest_lucifer_1101/submission.zip::task155.onnx,zip,task155.onnx,ede6e6aac22eace53e19799b9213fa9a816196b61f5ad9161169a366dd29777c,321,False,,,,,False,ValueError: official scorer rejected model
task236,P3_ge17p5,126,20.163718,work/public-kernel-outputs/latest_lucifer_1101/submission.zip::task236.onnx,zip,task236.onnx,54b5fd100d280752899016838786b4407905e910710a1f573bca3f7e043710a8,458,False,,,,,False,NotImplemented: [ONNXRuntimeError] : 9 : NOT_IMPLEMENTED : Could not find an implementation for ConvInteger(10) node with name 'output'
task167,P3_ge17p5,146,20.016393,work/tasklib.zip::submission/task167.onnx,zip,submission/task167.onnx,4822727f2ee85018df1d8116b29e5cdef28f9037a36e095cdb1616f5e7f649c3,60602,True,123551,13.275590694726885,123405,-6.740802305273116,False,
task236,P3_ge17p5,126,20.163718,work/hf-neurogolf/submission/task236.onnx,file,,2f8286ef90b379329d704127681ac9c58be1ffd78c6d706c289f0fe92da6df11,20241,False,9207,15.872280656712155,,,False,
task314,P3_ge17p5,100,20.39483,work/public-kernel-outputs/latest_lucifer_1101/submission.zip::task314.onnx,zip,task314.onnx,5b9ff666187bc579f0f8dbf900d1335aee63be21624c1e1be8064066138903d6,607,True,100,20.394829814011906,0,-1.8598809248260295e-07,False,
task155,P3_ge17p5,138,20.072746,work/hf-neurogolf/submission/task155.onnx,file,,a600fab66aaa92bf370a5a98c3ce4c655345f2fc9b358b3848220cdd25cfbae1,336849,False,166913,12.97477200243075,,,False,
task314,P3_ge17p5,100,20.39483,work/hf-neurogolf/submission/task314.onnx,file,,ddfa54ce97ed83245e33c6e67616d2191504a5123a652e720055a1092bc805c9,20106,False,13103,15.519403509395415,,,False,
task314,P3_ge17p5,100,20.39483,work/default-attr-strip-v26-candidates/task314.onnx,file,,ceede6c9e29b9d92e0541cc715fd4a67b7f5a5226cc6e45f5d4093b9093c274b,18193,False,,,,,False,JSONDecodeError: Expecting ':' delimiter: line 16307 column 271 (char 5980160)
task314,P3_ge17p5,100,20.39483,work/final-v38-bool-cast-mul-fuse/task314.onnx,file,,b7dffe018f0c1701627a3c7110fd134094ae308a904d9130e9ff8275ce0776b7,18622,False,,,,,False,JSONDecodeError: Expecting value: line 1 column 1 (char 0)
task314,P3_ge17p5,100,20.39483,work/more_public_sources_flat/rajathrpai_neurogolf_2026_6276_41_hybrid_submission/task314__0.onnx,file,,c5e30ef3e59d2973ed66b4202d3784913f7d6936ce28ce71437eb9d398cfc298,28414,False,,,,,False,FileNotFoundError: [Errno 2] No such file or directory: '/var/folders/tg/xfgjm71j7lg0z169dw9zz4t40000gn/T/ng_314_2026-07-09_21-00-13.json'
task314,P3_ge17p5,100,20.39483,work/neurogolf2026-6254.zip::submission/task314.onnx,zip,submission/task314.onnx,6de48aa8380bfa9f60145881280cb81f0649f178f1a74456c5c40334004417b4,24532,False,,,,,False,FileNotFoundError: [Errno 2] No such file or directory: '/var/folders/tg/xfgjm71j7lg0z169dw9zz4t40000gn/T/ng_314_2026-07-09_21-00-13.json'
task292,P3_ge17p5,80,20.617973,work/public-kernel-outputs/latest_lucifer_1101/submission.zip::task292.onnx,zip,task292.onnx,6293e12c71cd98b2f92d0d3ee855d24c608f2603341cd0b0e58db399ef5e4005,513,True,80,20.61797336532612,0,3.653261195779578e-07,False,
task292,P3_ge17p5,80,20.617973,work/tasklib.zip::submission/task292.onnx,zip,submission/task292.onnx,1e3a273b57f88fca09f3d6b8e99536eec6cb75a11144db64de8fed092ec28c8c,25040,True,161393,13.008402336630597,161313,-7.609570663369402,False,
task292,P3_ge17p5,80,20.617973,work/public-datasets/afr1ste_6323/task292.onnx,file,,ac58d8f67063474a7bc378dedf9568f992d6f83a9f58823a0bf02c2b7971b335,230598,False,,,,,False,ValueError: official scorer rejected model
task292,P3_ge17p5,80,20.617973,work/hf-neurogolf/submission/task292.onnx,file,,2db26cdedbc6894e7bdd4c7aa8946a650cd006660c7715822287e607aa7af6f6,291995,False,,,,,False,JSONDecodeError: Extra data: line 481 column 1 (char 159821)
task073,P3_ge17p5,40,21.311121,work/public-kernel-outputs/latest_lucifer_1101/submission.zip::task073.onnx,zip,task073.onnx,bc7ed3adf2c851b489977cd9c90ed9509f9d424d836f4c4da4e1d994fca8f81f,356,True,40,21.311120545886062,0,-4.541139375646708e-07,False,
task164,P3_ge17p5,30,21.598803,work/public-kernel-outputs/latest_lucifer_1101/submission.zip::task164.onnx,zip,task164.onnx,f92a24a2b058837cab8583524b4471b6b29d434f38b1f3d87331f16addb7baf4,177,True,30,21.598802618337846,0,-3.816621543251131e-07,False,
task164,P3_ge17p5,30,21.598803,work/hf-neurogolf/submission/task164.onnx,file,,ce1f8dde137873de6c9855c932bd6ff56c5cb320c68f1ad9d6501737ad9b9814,75930,False,,,,,False,"ValidationError: No Op registered for GatherElements with domain_version of 10

==> Context: Bad node spec for node. Name:  OpType: GatherElements"
task166,P3_ge17p5,24,21.821946,work/hf-neurogolf/submission/task166.onnx,file,,512b2ec29ab5e944222bcc86b37b35224e1874a7dc549de281ac6f31a1c821fe,48795,False,94903,13.539389403678243,,,False,
task166,P3_ge17p5,24,21.821946,work/datasets/logic_for_each_arc_task/submission/task166.onnx,file,,60a914fc15e81519b4a933fae1450e029028a4e20930fd4cb046a1459e314355,46233,False,,,,,False,FileNotFoundError: [Errno 2] No such file or directory: '/var/folders/tg/xfgjm71j7lg0z169dw9zz4t40000gn/T/ng_166_2026-07-09_21-00-14.json'
task087,P3_ge17p5,5,23.390562,work/public-kernel-outputs/latest_lucifer_1101/submission.zip::task087.onnx,zip,task087.onnx,7df03ee55a150ff1b5bbe03800db552b97260ad2884271e3202328f476825364,326,True,5,23.3905620875659,0,8.756590119674001e-08,False,
task166,P3_ge17p5,24,21.821946,work/public-kernel-outputs/latest_lucifer_1101/submission.zip::task166.onnx,zip,task166.onnx,36c422cb676e98006e5ba5761915408a63ef4b77bd2ca5ee22ffcf70a074b8e0,323,False,,,,,False,FileNotFoundError: [Errno 2] No such file or directory: '/var/folders/tg/xfgjm71j7lg0z169dw9zz4t40000gn/T/ng_166_2026-07-09_21-00-14.json'
task314,P3_ge17p5,100,20.39483,work/onnxsim-optimizations/task314.onnx,file,,e367771419432e3ce1e107559664adb6b1166a3f29c9cb2943b1cad205e9b7a6,29624,True,8427,15.960803884227646,8327,-4.434026115772353,False,
