task,attempt_id,method,old_cost,new_cost,delta_cost,old_points,new_points,delta_points,local_valid,artifact_path,accepted,notes
task158,artifact_scan_top5,public/local_artifact_reuse_full_validate,28483.0,28483,0.0,,14.742937302942996,,True,submissions/candidates/GOLF_20260709_101_prvsiyan_7266_72_repro/onnx/task158.onnx,False,
task158,artifact_scan_top5,public/local_artifact_reuse_full_validate,28483.0,193453,-164970.0,,12.827210132108412,,True,data/external/public_bundles/vyankteshdwivedi_multi_source/extracted/task158.onnx,False,
task158,artifact_scan_top5,public/local_artifact_reuse_full_validate,28483.0,181117,-152634.0,,12.893101489744463,,True,data/interim/submission1_compare/task158.onnx,False,
task158,artifact_scan_top5,public/local_artifact_reuse_full_validate,28483.0,191458,-162975.0,,12.837576257600388,,True,data/external/public_bundles/kojimar_6272_minimal_onnx_assets_v1/extracted/combined_submission/task158.onnx,False,
task158,artifact_scan_top5,public/local_artifact_reuse_full_validate,28483.0,466172,-437689.0,,11.947690056279944,,True,data/external/public_bundles/octaviograu_manual_rewrites_v205/extracted/submission/task158.onnx,False,
task286,artifact_scan_top5,public/local_artifact_reuse_full_validate,26909.0,26909,0.0,,14.799783917876258,,True,submissions/candidates/GOLF_20260709_101_prvsiyan_7266_72_repro/onnx/task286.onnx,False,
task286,artifact_scan_top5,public/local_artifact_reuse_full_validate,26909.0,168431,-141522.0,,12.965718550640606,,True,data/external/public_bundles/jsrdcht_6029_submission_bundle/extracted/task286.onnx,False,
task286,artifact_scan_top5,public/local_artifact_reuse_full_validate,26909.0,162199,-135290.0,,13.00342074458367,,True,data/kaggle_code_single_task/extracted_onnx/galaxy2025_neurogolf_public_artifact_v1/task286.onnx,False,
task286,artifact_scan_top5,public/local_artifact_reuse_full_validate,26909.0,,,,,,False,data/external/public_bundles/beicicc_6645/extracted/task286.onnx,False,
task286,artifact_scan_top5,public/local_artifact_reuse_full_validate,26909.0,474810,-447901.0,,11.929329997004562,,True,data/interim/afr1ste_6335_batchcompress_rewrite/task286.onnx,False,
task286,artifact_scan_top5,public/local_artifact_reuse_full_validate,26909.0,,,,,,False,data/external/datasets/afr1ste_6335/task286.onnx,False,
task054,artifact_scan_top5,public/local_artifact_reuse_full_validate,25394.0,25394,0.0,,14.857731795370263,,True,submissions/candidates/GOLF_20260709_101_prvsiyan_7266_72_repro/onnx/task054.onnx,False,
task054,artifact_scan_top5,public/local_artifact_reuse_full_validate,25394.0,,,,,,False,data/external/public_bundles/beicicc_6645/extracted/task054.onnx,False,
task054,artifact_scan_top5,public/local_artifact_reuse_full_validate,25394.0,150548,-125154.0,,13.07796275080141,,True,data/external/public_bundles/kojimar_6272_minimal_onnx_assets_v1/extracted/combined_submission/task054.onnx,False,
task054,artifact_scan_top5,public/local_artifact_reuse_full_validate,25394.0,306339,-280945.0,,12.367552389133587,,True,data/external/public_kernel_outputs/jonathan_zip/official_001_400/task054.onnx,False,
task054,artifact_scan_top5,public/local_artifact_reuse_full_validate,25394.0,378352,-352958.0,,12.15641974178056,,True,data/interim/afr1ste_6335_batchcompress_rewrite/task054.onnx,False,
task054,artifact_scan_top5,public/local_artifact_reuse_full_validate,25394.0,,,,,,False,data/external/datasets/afr1ste_6335/task054.onnx,False,
task364,artifact_scan_top5,public/local_artifact_reuse_full_validate,14642.0,14642,0.0,,15.408350609793413,,True,submissions/candidates/GOLF_20260709_101_prvsiyan_7266_72_repro/onnx/task364.onnx,False,
task364,artifact_scan_top5,public/local_artifact_reuse_full_validate,14642.0,,,,,,False,data/external/public_bundles/beicicc_6645/extracted/task364.onnx,False,
task364,artifact_scan_top5,public/local_artifact_reuse_full_validate,14642.0,157388,-142746.0,,13.03353062682272,,True,data/external/public_bundles/jsrdcht_6029_submission_bundle/extracted/task364.onnx,False,
task364,artifact_scan_top5,public/local_artifact_reuse_full_validate,14642.0,77859,-63217.0,,13.737345222483407,,True,data/external/public_bundles/kojimar_6272_minimal_onnx_assets_v1/extracted/combined_submission/task364.onnx,False,
task364,artifact_scan_top5,public/local_artifact_reuse_full_validate,14642.0,77876,-63234.0,,13.737126902901199,,True,data/external/public_bundles/octaviograu_manual_rewrites_v205/extracted/submission/task364.onnx,False,
task349,artifact_scan_top5,public/local_artifact_reuse_full_validate,14892.0,14892,0.0,,15.391420565007392,,True,submissions/candidates/GOLF_20260709_101_prvsiyan_7266_72_repro/onnx/task349.onnx,False,
task349,artifact_scan_top5,public/local_artifact_reuse_full_validate,14892.0,,,,,,False,data/external/public_bundles/beicicc_6645/extracted/task349.onnx,False,
task349,artifact_scan_top5,public/local_artifact_reuse_full_validate,14892.0,49481,-34589.0,,14.190655963511865,,True,data/external/public_bundles/vyankteshdwivedi_multi_source/extracted/task349.onnx,False,
task349,artifact_scan_top5,public/local_artifact_reuse_full_validate,14892.0,323060,-308168.0,,12.31440665653225,,True,data/external/public_kernel_outputs/jonathan_zip/official_001_400/task349.onnx,False,
task349,artifact_scan_top5,public/local_artifact_reuse_full_validate,14892.0,44079,-29187.0,,14.306261242455944,,True,data/external/public_bundles/kojimar_6272_minimal_onnx_assets_v1/extracted/combined_submission/task349.onnx,False,
task077,artifact_scan_top5,public/local_artifact_reuse_full_validate,7657.0,7657,0.0,,16.056624458886876,,True,submissions/candidates/GOLF_20260709_101_prvsiyan_7266_72_repro/onnx/task077.onnx,False,
task077,artifact_scan_top5,public/local_artifact_reuse_full_validate,7657.0,155896,-148239.0,,13.043055602756029,,True,data/kaggle_code_single_task/extracted_onnx/galaxy2025_neurogolf_public_artifact_v1/task077.onnx,False,
task077,artifact_scan_top5,public/local_artifact_reuse_full_validate,7657.0,,,,,,False,data/external/public_bundles/beicicc_6645/extracted/task077.onnx,False,
task077,artifact_scan_top5,public/local_artifact_reuse_full_validate,7657.0,157494,-149837.0,,13.032857358715912,,True,data/external/public_bundles/kojimar_6272_minimal_onnx_assets_v1/extracted/combined_submission/task077.onnx,False,
task077,artifact_scan_top5,public/local_artifact_reuse_full_validate,7657.0,151461,-143804.0,,13.071916554950707,,True,data/interim/submission1_compare/task077.onnx,False,
task096,artifact_scan_top5,public/local_artifact_reuse_full_validate,7678.0,7678,0.0,,16.053885624439257,,True,submissions/candidates/GOLF_20260709_101_prvsiyan_7266_72_repro/onnx/task096.onnx,False,
task096,artifact_scan_top5,public/local_artifact_reuse_full_validate,7678.0,29368,-21690.0,,14.71233907482333,,True,data/kaggle_code_single_task/extracted_onnx/jonathanchan__ngc26-constraint-smart-logic-mix-blending/task096.onnx,False,
task096,artifact_scan_top5,public/local_artifact_reuse_full_validate,7678.0,,,,,,False,data/external/datasets/afr1ste_6335/task096.onnx,False,
task096,artifact_scan_top5,public/local_artifact_reuse_full_validate,7678.0,29368,-21690.0,,14.71233907482333,,True,data/external/public_kernel_outputs/jonathan_zip/official_001_400/task096.onnx,False,
task096,artifact_scan_top5,public/local_artifact_reuse_full_validate,7678.0,,,,,,False,data/external/public_bundles/beicicc_6645/extracted/task096.onnx,False,
task009,artifact_scan_top5,public/local_artifact_reuse_full_validate,6694.0,6694,0.0,,16.191033118228727,,True,submissions/candidates/GOLF_20260709_101_prvsiyan_7266_72_repro/onnx/task009.onnx,False,
task009,artifact_scan_top5,public/local_artifact_reuse_full_validate,6694.0,461816,-455122.0,,11.957078177664314,,True,data/interim/afr1ste_6335_batchcompress_rewrite/task009.onnx,False,
task009,artifact_scan_top5,public/local_artifact_reuse_full_validate,6694.0,,,,,,False,data/external/datasets/afr1ste_6335/task009.onnx,False,
task009,artifact_scan_top5,public/local_artifact_reuse_full_validate,6694.0,115441,-108747.0,,13.343485144081104,,True,data/external/public_kernel_outputs/jonathan_constraint_mix/tmp_build/blend/task009.onnx,False,
task009,artifact_scan_top5,public/local_artifact_reuse_full_validate,6694.0,,,,,,False,data/external/public_bundles/beicicc_6645/extracted/task009.onnx,False,
task383,artifact_scan_top5,public/local_artifact_reuse_full_validate,5830.0,5830,0.0,,16.32922772065546,,True,submissions/candidates/GOLF_20260709_101_prvsiyan_7266_72_repro/onnx/task383.onnx,False,
task383,artifact_scan_top5,public/local_artifact_reuse_full_validate,5830.0,127241,-121411.0,,13.246161795004017,,True,data/interim/onnx_surgery/GOLF_20260608_029_seddik_surgery_6272/task383.onnx,False,
task383,artifact_scan_top5,public/local_artifact_reuse_full_validate,5830.0,123525,-117695.0,,13.275801156286049,,True,data/interim/submission1_compare/task383.onnx,False,
task383,artifact_scan_top5,public/local_artifact_reuse_full_validate,5830.0,128140,-122310.0,,13.239121304806988,,True,data/external/public_bundles/kojimar_6272_minimal_onnx_assets_v1/extracted/combined_submission/task383.onnx,False,
task383,artifact_scan_top5,public/local_artifact_reuse_full_validate,5830.0,129068,-123238.0,,13.231905323758399,,True,data/external/public_bundles/vyankteshdwivedi_multi_source/extracted/task383.onnx,False,
task382,artifact_scan_top5,public/local_artifact_reuse_full_validate,5695.0,5695,0.0,,16.352656124118717,,True,submissions/candidates/GOLF_20260709_101_prvsiyan_7266_72_repro/onnx/task382.onnx,False,
task382,artifact_scan_top5,public/local_artifact_reuse_full_validate,5695.0,94678,-88983.0,,13.541763060380573,,True,data/kaggle_code_single_task/extracted_onnx/galaxy2025_neurogolf_public_artifact_v1/task382.onnx,False,
task382,artifact_scan_top5,public/local_artifact_reuse_full_validate,5695.0,107354,-101659.0,,13.416112936092428,,True,data/external/public_bundles/vyankteshdwivedi_multi_source/extracted/task382.onnx,False,
task382,artifact_scan_top5,public/local_artifact_reuse_full_validate,5695.0,95578,-89883.0,,13.532302052966461,,True,data/interim/onnx_surgery/GOLF_20260608_029_seddik_surgery_6272/task382.onnx,False,
task382,artifact_scan_top5,public/local_artifact_reuse_full_validate,5695.0,91200,-85505.0,,13.579189823937577,,True,data/interim/submission1_compare/task382.onnx,False,
task278,artifact_scan_top5,public/local_artifact_reuse_full_validate,4505.0,4505,0.0,,16.58705682995756,,True,submissions/candidates/GOLF_20260709_101_prvsiyan_7266_72_repro/onnx/task278.onnx,False,
task278,artifact_scan_top5,public/local_artifact_reuse_full_validate,4505.0,25230,-20725.0,,14.864210958364897,,True,data/interim/arc_dsl_task278/task278.onnx,False,
task278,artifact_scan_top5,public/local_artifact_reuse_full_validate,4505.0,34383,-29878.0,,14.55468246483519,,True,data/external/public_bundles/vyankteshdwivedi_multi_source/extracted/task278.onnx,False,
task278,artifact_scan_top5,public/local_artifact_reuse_full_validate,4505.0,29198,-24693.0,,14.718144507240075,,True,data/interim/submission1_compare/task278.onnx,False,
task278,artifact_scan_top5,public/local_artifact_reuse_full_validate,4505.0,30494,-25989.0,,14.674714778068148,,True,data/external/public_bundles/kojimar_6272_minimal_onnx_assets_v1/extracted/combined_submission/task278.onnx,False,
task165,artifact_scan_top5,public/local_artifact_reuse_full_validate,4544.0,4544,0.0,,16.578437039599013,,True,submissions/candidates/GOLF_20260709_101_prvsiyan_7266_72_repro/onnx/task165.onnx,False,
task165,artifact_scan_top5,public/local_artifact_reuse_full_validate,4544.0,47778,-43234.0,,14.2256794385145,,True,data/interim/submission1_compare/task165.onnx,False,
task165,artifact_scan_top5,public/local_artifact_reuse_full_validate,4544.0,67524,-62980.0,,13.87976163077872,,True,data/external/public_bundles/jsrdcht_6029_submission_bundle/extracted/task165.onnx,False,
task165,artifact_scan_top5,public/local_artifact_reuse_full_validate,4544.0,,,,,,False,data/external/public_bundles/beicicc_6645/extracted/task165.onnx,False,
task165,artifact_scan_top5,public/local_artifact_reuse_full_validate,4544.0,113493,-108949.0,,13.360503560007135,,True,data/external/public_kernel_outputs/jonathan_zip/official_001_400/task165.onnx,False,
task378,artifact_scan_top5,public/local_artifact_reuse_full_validate,3091.0,3091,0.0,,16.963750057867884,,True,submissions/candidates/GOLF_20260709_101_prvsiyan_7266_72_repro/onnx/task378.onnx,False,
task378,artifact_scan_top5,public/local_artifact_reuse_full_validate,3091.0,39008,-35917.0,,14.428477967719003,,True,data/external/public_bundles/kojimar_6272_minimal_onnx_assets_v1/extracted/combined_submission/task378.onnx,False,
task378,artifact_scan_top5,public/local_artifact_reuse_full_validate,3091.0,41000,-37909.0,,14.378672654313554,,True,data/kaggle_code_single_task/extracted_onnx/rauffauzanrambe__neurogolf-champions-arc-best-public-score/task378.onnx,False,
task378,artifact_scan_top5,public/local_artifact_reuse_full_validate,3091.0,67060,-63969.0,,13.886656979979781,,True,data/external/public_kernel_outputs/jonathan_zip/official_001_400/task378.onnx,False,
task378,artifact_scan_top5,public/local_artifact_reuse_full_validate,3091.0,,,,,,False,data/external/public_bundles/beicicc_6645/extracted/task378.onnx,False,
task132,artifact_scan_top5,public/local_artifact_reuse_full_validate,3652.0,3652,0.0,,16.79696975828514,,True,submissions/candidates/GOLF_20260709_101_prvsiyan_7266_72_repro/onnx/task132.onnx,False,
task132,artifact_scan_top5,public/local_artifact_reuse_full_validate,3652.0,156767,-153115.0,,13.037484094434872,,True,data/external/public_bundles/beicicc_6645/extracted/task132.onnx,False,
task132,artifact_scan_top5,public/local_artifact_reuse_full_validate,3652.0,41418,-37766.0,,14.368529152068469,,True,data/external/public_kernel_outputs/jonathan_zip/official_001_400/task132.onnx,False,
task132,artifact_scan_top5,public/local_artifact_reuse_full_validate,3652.0,40879,-37227.0,,14.38162823726114,,True,data/kaggle_code_single_task/extracted_onnx/jonathanchan__ngc26-constraint-smart-logic-mix-blending/task132.onnx,False,
task132,artifact_scan_top5,public/local_artifact_reuse_full_validate,3652.0,29458,-25806.0,,14.709279200950512,,True,data/external/public_bundles/kojimar_6272_minimal_onnx_assets_v1/extracted/combined_submission/task132.onnx,False,
task132,artifact_scan_top5,public/local_artifact_reuse_full_validate,3652.0,,,,,,False,data/interim/afr1ste_6335_batchcompress_rewrite/task132.onnx,False,
task158,surgery_optimizer,onnxoptimizer/onnxsim_full_validate,28483,28483,0,14.742937302942996,14.742937302942996,,True,E:\kongming\NGC-work\workplace C\artifacts\surgery_probes\20260709_155105\optimizer\task158.onnx,False,"eliminate_deadend,eliminate_identity,eliminate_nop_cast,eliminate_nop_dropout,eliminate_nop_flatten,eliminate_nop_monotone_argmax,eliminate_nop_pad,eliminate_nop_transpose,eliminate_unused_initializer,extract_constant_to_initializer,fuse_add_bias_into_conv,fuse_consecutive_concats,fuse_consecutive_log_softmax,fuse_consecutive_reduce_unsqueeze,fuse_consecutive_squeezes,fuse_consecutive_transposes,fuse_matmul_add_bias_into_gemm,fuse_pad_into_conv,fuse_transpose_into_gemm"
task158,surgery_sim,onnxoptimizer/onnxsim_full_validate,28483,28483,0,14.742937302942996,14.742937302942996,,True,E:\kongming\NGC-work\workplace C\artifacts\surgery_probes\20260709_155105\sim\task158.onnx,False,onnxsim(input=1x10x30x30)
task158,surgery_optimizer_sim,onnxoptimizer/onnxsim_full_validate,28483,28483,0,14.742937302942996,14.742937302942996,,True,E:\kongming\NGC-work\workplace C\artifacts\surgery_probes\20260709_155105\optimizer_sim\task158.onnx,False,"eliminate_deadend,eliminate_identity,eliminate_nop_cast,eliminate_nop_dropout,eliminate_nop_flatten,eliminate_nop_monotone_argmax,eliminate_nop_pad,eliminate_nop_transpose,eliminate_unused_initializer,extract_constant_to_initializer,fuse_add_bias_into_conv,fuse_consecutive_concats,fuse_consecutive_log_softmax,fuse_consecutive_reduce_unsqueeze,fuse_consecutive_squeezes,fuse_consecutive_transposes,fuse_matmul_add_bias_into_gemm,fuse_pad_into_conv,fuse_transpose_into_gemm;onnxsim(input=1x10x30x30)"
task286,surgery_optimizer,onnxoptimizer/onnxsim_full_validate,26909,26909,0,14.799783917876258,14.799783917876258,,True,E:\kongming\NGC-work\workplace C\artifacts\surgery_probes\20260709_155105\optimizer\task286.onnx,False,"eliminate_deadend,eliminate_identity,eliminate_nop_cast,eliminate_nop_dropout,eliminate_nop_flatten,eliminate_nop_monotone_argmax,eliminate_nop_pad,eliminate_nop_transpose,eliminate_unused_initializer,extract_constant_to_initializer,fuse_add_bias_into_conv,fuse_consecutive_concats,fuse_consecutive_log_softmax,fuse_consecutive_reduce_unsqueeze,fuse_consecutive_squeezes,fuse_consecutive_transposes,fuse_matmul_add_bias_into_gemm,fuse_pad_into_conv,fuse_transpose_into_gemm"
task286,surgery_sim,onnxoptimizer/onnxsim_full_validate,26909,26909,0,14.799783917876258,14.799783917876258,,True,E:\kongming\NGC-work\workplace C\artifacts\surgery_probes\20260709_155105\sim\task286.onnx,False,onnxsim(input=1x10x30x30)
task286,surgery_optimizer_sim,onnxoptimizer/onnxsim_full_validate,26909,26909,0,14.799783917876258,14.799783917876258,,True,E:\kongming\NGC-work\workplace C\artifacts\surgery_probes\20260709_155105\optimizer_sim\task286.onnx,False,"eliminate_deadend,eliminate_identity,eliminate_nop_cast,eliminate_nop_dropout,eliminate_nop_flatten,eliminate_nop_monotone_argmax,eliminate_nop_pad,eliminate_nop_transpose,eliminate_unused_initializer,extract_constant_to_initializer,fuse_add_bias_into_conv,fuse_consecutive_concats,fuse_consecutive_log_softmax,fuse_consecutive_reduce_unsqueeze,fuse_consecutive_squeezes,fuse_consecutive_transposes,fuse_matmul_add_bias_into_gemm,fuse_pad_into_conv,fuse_transpose_into_gemm;onnxsim(input=1x10x30x30)"
task054,surgery_optimizer,onnxoptimizer/onnxsim_full_validate,25394,25394,0,14.857731795370263,14.857731795370263,,True,E:\kongming\NGC-work\workplace C\artifacts\surgery_probes\20260709_155105\optimizer\task054.onnx,False,"eliminate_deadend,eliminate_identity,eliminate_nop_cast,eliminate_nop_dropout,eliminate_nop_flatten,eliminate_nop_monotone_argmax,eliminate_nop_pad,eliminate_nop_transpose,eliminate_unused_initializer,extract_constant_to_initializer,fuse_add_bias_into_conv,fuse_consecutive_concats,fuse_consecutive_log_softmax,fuse_consecutive_reduce_unsqueeze,fuse_consecutive_squeezes,fuse_consecutive_transposes,fuse_matmul_add_bias_into_gemm,fuse_pad_into_conv,fuse_transpose_into_gemm"
task054,surgery_sim,onnxoptimizer/onnxsim_full_validate,25394,25394,0,14.857731795370263,14.857731795370263,,True,E:\kongming\NGC-work\workplace C\artifacts\surgery_probes\20260709_155105\sim\task054.onnx,False,onnxsim(input=1x10x30x30)
task054,surgery_optimizer_sim,onnxoptimizer/onnxsim_full_validate,25394,25394,0,14.857731795370263,14.857731795370263,,True,E:\kongming\NGC-work\workplace C\artifacts\surgery_probes\20260709_155105\optimizer_sim\task054.onnx,False,"eliminate_deadend,eliminate_identity,eliminate_nop_cast,eliminate_nop_dropout,eliminate_nop_flatten,eliminate_nop_monotone_argmax,eliminate_nop_pad,eliminate_nop_transpose,eliminate_unused_initializer,extract_constant_to_initializer,fuse_add_bias_into_conv,fuse_consecutive_concats,fuse_consecutive_log_softmax,fuse_consecutive_reduce_unsqueeze,fuse_consecutive_squeezes,fuse_consecutive_transposes,fuse_matmul_add_bias_into_gemm,fuse_pad_into_conv,fuse_transpose_into_gemm;onnxsim(input=1x10x30x30)"
task364,surgery_optimizer,onnxoptimizer/onnxsim_full_validate,14642,14642,0,15.408350609793413,15.408350609793413,,True,E:\kongming\NGC-work\workplace C\artifacts\surgery_probes\20260709_155105\optimizer\task364.onnx,False,"eliminate_deadend,eliminate_identity,eliminate_nop_cast,eliminate_nop_dropout,eliminate_nop_flatten,eliminate_nop_monotone_argmax,eliminate_nop_pad,eliminate_nop_transpose,eliminate_unused_initializer,extract_constant_to_initializer,fuse_add_bias_into_conv,fuse_consecutive_concats,fuse_consecutive_log_softmax,fuse_consecutive_reduce_unsqueeze,fuse_consecutive_squeezes,fuse_consecutive_transposes,fuse_matmul_add_bias_into_gemm,fuse_pad_into_conv,fuse_transpose_into_gemm"
task364,surgery_sim,onnxoptimizer/onnxsim_full_validate,14642,14642,0,15.408350609793413,15.408350609793413,,True,E:\kongming\NGC-work\workplace C\artifacts\surgery_probes\20260709_155105\sim\task364.onnx,False,onnxsim(input=1x10x30x30)
task364,surgery_optimizer_sim,onnxoptimizer/onnxsim_full_validate,14642,14642,0,15.408350609793413,15.408350609793413,,True,E:\kongming\NGC-work\workplace C\artifacts\surgery_probes\20260709_155105\optimizer_sim\task364.onnx,False,"eliminate_deadend,eliminate_identity,eliminate_nop_cast,eliminate_nop_dropout,eliminate_nop_flatten,eliminate_nop_monotone_argmax,eliminate_nop_pad,eliminate_nop_transpose,eliminate_unused_initializer,extract_constant_to_initializer,fuse_add_bias_into_conv,fuse_consecutive_concats,fuse_consecutive_log_softmax,fuse_consecutive_reduce_unsqueeze,fuse_consecutive_squeezes,fuse_consecutive_transposes,fuse_matmul_add_bias_into_gemm,fuse_pad_into_conv,fuse_transpose_into_gemm;onnxsim(input=1x10x30x30)"
task349,surgery_optimizer,onnxoptimizer/onnxsim_full_validate,14892,14892,0,15.391420565007392,15.391420565007392,,True,E:\kongming\NGC-work\workplace C\artifacts\surgery_probes\20260709_155105\optimizer\task349.onnx,False,"eliminate_deadend,eliminate_identity,eliminate_nop_cast,eliminate_nop_dropout,eliminate_nop_flatten,eliminate_nop_monotone_argmax,eliminate_nop_pad,eliminate_nop_transpose,eliminate_unused_initializer,extract_constant_to_initializer,fuse_add_bias_into_conv,fuse_consecutive_concats,fuse_consecutive_log_softmax,fuse_consecutive_reduce_unsqueeze,fuse_consecutive_squeezes,fuse_consecutive_transposes,fuse_matmul_add_bias_into_gemm,fuse_pad_into_conv,fuse_transpose_into_gemm"
task349,surgery_sim,onnxoptimizer/onnxsim_full_validate,14892,14892,0,15.391420565007392,15.391420565007392,,True,E:\kongming\NGC-work\workplace C\artifacts\surgery_probes\20260709_155105\sim\task349.onnx,False,onnxsim(input=1x10x30x30)
task349,surgery_optimizer_sim,onnxoptimizer/onnxsim_full_validate,14892,14892,0,15.391420565007392,15.391420565007392,,True,E:\kongming\NGC-work\workplace C\artifacts\surgery_probes\20260709_155105\optimizer_sim\task349.onnx,False,"eliminate_deadend,eliminate_identity,eliminate_nop_cast,eliminate_nop_dropout,eliminate_nop_flatten,eliminate_nop_monotone_argmax,eliminate_nop_pad,eliminate_nop_transpose,eliminate_unused_initializer,extract_constant_to_initializer,fuse_add_bias_into_conv,fuse_consecutive_concats,fuse_consecutive_log_softmax,fuse_consecutive_reduce_unsqueeze,fuse_consecutive_squeezes,fuse_consecutive_transposes,fuse_matmul_add_bias_into_gemm,fuse_pad_into_conv,fuse_transpose_into_gemm;onnxsim(input=1x10x30x30)"
task077,surgery_optimizer,onnxoptimizer/onnxsim_full_validate,7657,7657,0,16.056624458886876,16.056624458886876,,True,E:\kongming\NGC-work\workplace C\artifacts\surgery_probes\20260709_155105\optimizer\task077.onnx,False,"eliminate_deadend,eliminate_identity,eliminate_nop_cast,eliminate_nop_dropout,eliminate_nop_flatten,eliminate_nop_monotone_argmax,eliminate_nop_pad,eliminate_nop_transpose,eliminate_unused_initializer,extract_constant_to_initializer,fuse_add_bias_into_conv,fuse_consecutive_concats,fuse_consecutive_log_softmax,fuse_consecutive_reduce_unsqueeze,fuse_consecutive_squeezes,fuse_consecutive_transposes,fuse_matmul_add_bias_into_gemm,fuse_pad_into_conv,fuse_transpose_into_gemm"
task077,surgery_sim,onnxoptimizer/onnxsim_full_validate,7657,7657,0,16.056624458886876,16.056624458886876,,True,E:\kongming\NGC-work\workplace C\artifacts\surgery_probes\20260709_155105\sim\task077.onnx,False,onnxsim(input=1x10x30x30)
task077,surgery_optimizer_sim,onnxoptimizer/onnxsim_full_validate,7657,7657,0,16.056624458886876,16.056624458886876,,True,E:\kongming\NGC-work\workplace C\artifacts\surgery_probes\20260709_155105\optimizer_sim\task077.onnx,False,"eliminate_deadend,eliminate_identity,eliminate_nop_cast,eliminate_nop_dropout,eliminate_nop_flatten,eliminate_nop_monotone_argmax,eliminate_nop_pad,eliminate_nop_transpose,eliminate_unused_initializer,extract_constant_to_initializer,fuse_add_bias_into_conv,fuse_consecutive_concats,fuse_consecutive_log_softmax,fuse_consecutive_reduce_unsqueeze,fuse_consecutive_squeezes,fuse_consecutive_transposes,fuse_matmul_add_bias_into_gemm,fuse_pad_into_conv,fuse_transpose_into_gemm;onnxsim(input=1x10x30x30)"
task096,surgery_optimizer,onnxoptimizer/onnxsim_full_validate,7678,7678,0,16.053885624439257,16.053885624439257,,True,E:\kongming\NGC-work\workplace C\artifacts\surgery_probes\20260709_155105\optimizer\task096.onnx,False,"eliminate_deadend,eliminate_identity,eliminate_nop_cast,eliminate_nop_dropout,eliminate_nop_flatten,eliminate_nop_monotone_argmax,eliminate_nop_pad,eliminate_nop_transpose,eliminate_unused_initializer,extract_constant_to_initializer,fuse_add_bias_into_conv,fuse_consecutive_concats,fuse_consecutive_log_softmax,fuse_consecutive_reduce_unsqueeze,fuse_consecutive_squeezes,fuse_consecutive_transposes,fuse_matmul_add_bias_into_gemm,fuse_pad_into_conv,fuse_transpose_into_gemm"
task096,surgery_sim,onnxoptimizer/onnxsim_full_validate,7678,7678,0,16.053885624439257,16.053885624439257,,True,E:\kongming\NGC-work\workplace C\artifacts\surgery_probes\20260709_155105\sim\task096.onnx,False,onnxsim(input=1x10x30x30)
task096,surgery_optimizer_sim,onnxoptimizer/onnxsim_full_validate,7678,7678,0,16.053885624439257,16.053885624439257,,True,E:\kongming\NGC-work\workplace C\artifacts\surgery_probes\20260709_155105\optimizer_sim\task096.onnx,False,"eliminate_deadend,eliminate_identity,eliminate_nop_cast,eliminate_nop_dropout,eliminate_nop_flatten,eliminate_nop_monotone_argmax,eliminate_nop_pad,eliminate_nop_transpose,eliminate_unused_initializer,extract_constant_to_initializer,fuse_add_bias_into_conv,fuse_consecutive_concats,fuse_consecutive_log_softmax,fuse_consecutive_reduce_unsqueeze,fuse_consecutive_squeezes,fuse_consecutive_transposes,fuse_matmul_add_bias_into_gemm,fuse_pad_into_conv,fuse_transpose_into_gemm;onnxsim(input=1x10x30x30)"
task009,surgery_optimizer,onnxoptimizer/onnxsim_full_validate,6694,6694,0,16.191033118228727,16.191033118228727,,True,E:\kongming\NGC-work\workplace C\artifacts\surgery_probes\20260709_155105\optimizer\task009.onnx,False,"eliminate_deadend,eliminate_identity,eliminate_nop_cast,eliminate_nop_dropout,eliminate_nop_flatten,eliminate_nop_monotone_argmax,eliminate_nop_pad,eliminate_nop_transpose,eliminate_unused_initializer,extract_constant_to_initializer,fuse_add_bias_into_conv,fuse_consecutive_concats,fuse_consecutive_log_softmax,fuse_consecutive_reduce_unsqueeze,fuse_consecutive_squeezes,fuse_consecutive_transposes,fuse_matmul_add_bias_into_gemm,fuse_pad_into_conv,fuse_transpose_into_gemm"
task009,surgery_sim,onnxoptimizer/onnxsim_full_validate,6694,6694,0,16.191033118228727,16.191033118228727,,True,E:\kongming\NGC-work\workplace C\artifacts\surgery_probes\20260709_155105\sim\task009.onnx,False,onnxsim(input=1x10x30x30)
task009,surgery_optimizer_sim,onnxoptimizer/onnxsim_full_validate,6694,6694,0,16.191033118228727,16.191033118228727,,True,E:\kongming\NGC-work\workplace C\artifacts\surgery_probes\20260709_155105\optimizer_sim\task009.onnx,False,"eliminate_deadend,eliminate_identity,eliminate_nop_cast,eliminate_nop_dropout,eliminate_nop_flatten,eliminate_nop_monotone_argmax,eliminate_nop_pad,eliminate_nop_transpose,eliminate_unused_initializer,extract_constant_to_initializer,fuse_add_bias_into_conv,fuse_consecutive_concats,fuse_consecutive_log_softmax,fuse_consecutive_reduce_unsqueeze,fuse_consecutive_squeezes,fuse_consecutive_transposes,fuse_matmul_add_bias_into_gemm,fuse_pad_into_conv,fuse_transpose_into_gemm;onnxsim(input=1x10x30x30)"
task383,surgery_optimizer,onnxoptimizer/onnxsim_full_validate,5830,5830,0,16.32922772065546,16.32922772065546,,True,E:\kongming\NGC-work\workplace C\artifacts\surgery_probes\20260709_155105\optimizer\task383.onnx,False,"eliminate_deadend,eliminate_identity,eliminate_nop_cast,eliminate_nop_dropout,eliminate_nop_flatten,eliminate_nop_monotone_argmax,eliminate_nop_pad,eliminate_nop_transpose,eliminate_unused_initializer,extract_constant_to_initializer,fuse_add_bias_into_conv,fuse_consecutive_concats,fuse_consecutive_log_softmax,fuse_consecutive_reduce_unsqueeze,fuse_consecutive_squeezes,fuse_consecutive_transposes,fuse_matmul_add_bias_into_gemm,fuse_pad_into_conv,fuse_transpose_into_gemm"
task383,surgery_sim,onnxoptimizer/onnxsim_full_validate,5830,5830,0,16.32922772065546,16.32922772065546,,True,E:\kongming\NGC-work\workplace C\artifacts\surgery_probes\20260709_155105\sim\task383.onnx,False,onnxsim(input=1x10x30x30)
task383,surgery_optimizer_sim,onnxoptimizer/onnxsim_full_validate,5830,5830,0,16.32922772065546,16.32922772065546,,True,E:\kongming\NGC-work\workplace C\artifacts\surgery_probes\20260709_155105\optimizer_sim\task383.onnx,False,"eliminate_deadend,eliminate_identity,eliminate_nop_cast,eliminate_nop_dropout,eliminate_nop_flatten,eliminate_nop_monotone_argmax,eliminate_nop_pad,eliminate_nop_transpose,eliminate_unused_initializer,extract_constant_to_initializer,fuse_add_bias_into_conv,fuse_consecutive_concats,fuse_consecutive_log_softmax,fuse_consecutive_reduce_unsqueeze,fuse_consecutive_squeezes,fuse_consecutive_transposes,fuse_matmul_add_bias_into_gemm,fuse_pad_into_conv,fuse_transpose_into_gemm;onnxsim(input=1x10x30x30)"
task382,surgery_optimizer,onnxoptimizer/onnxsim_full_validate,5695,5695,0,16.352656124118717,16.352656124118717,,True,E:\kongming\NGC-work\workplace C\artifacts\surgery_probes\20260709_155105\optimizer\task382.onnx,False,"eliminate_deadend,eliminate_identity,eliminate_nop_cast,eliminate_nop_dropout,eliminate_nop_flatten,eliminate_nop_monotone_argmax,eliminate_nop_pad,eliminate_nop_transpose,eliminate_unused_initializer,extract_constant_to_initializer,fuse_add_bias_into_conv,fuse_consecutive_concats,fuse_consecutive_log_softmax,fuse_consecutive_reduce_unsqueeze,fuse_consecutive_squeezes,fuse_consecutive_transposes,fuse_matmul_add_bias_into_gemm,fuse_pad_into_conv,fuse_transpose_into_gemm"
task382,surgery_sim,onnxoptimizer/onnxsim_full_validate,5695,5695,0,16.352656124118717,16.352656124118717,,True,E:\kongming\NGC-work\workplace C\artifacts\surgery_probes\20260709_155105\sim\task382.onnx,False,onnxsim(input=1x10x30x30)
task382,surgery_optimizer_sim,onnxoptimizer/onnxsim_full_validate,5695,5695,0,16.352656124118717,16.352656124118717,,True,E:\kongming\NGC-work\workplace C\artifacts\surgery_probes\20260709_155105\optimizer_sim\task382.onnx,False,"eliminate_deadend,eliminate_identity,eliminate_nop_cast,eliminate_nop_dropout,eliminate_nop_flatten,eliminate_nop_monotone_argmax,eliminate_nop_pad,eliminate_nop_transpose,eliminate_unused_initializer,extract_constant_to_initializer,fuse_add_bias_into_conv,fuse_consecutive_concats,fuse_consecutive_log_softmax,fuse_consecutive_reduce_unsqueeze,fuse_consecutive_squeezes,fuse_consecutive_transposes,fuse_matmul_add_bias_into_gemm,fuse_pad_into_conv,fuse_transpose_into_gemm;onnxsim(input=1x10x30x30)"
task278,surgery_optimizer,onnxoptimizer/onnxsim_full_validate,4505,4505,0,16.58705682995756,16.58705682995756,,True,E:\kongming\NGC-work\workplace C\artifacts\surgery_probes\20260709_155105\optimizer\task278.onnx,False,"eliminate_deadend,eliminate_identity,eliminate_nop_cast,eliminate_nop_dropout,eliminate_nop_flatten,eliminate_nop_monotone_argmax,eliminate_nop_pad,eliminate_nop_transpose,eliminate_unused_initializer,extract_constant_to_initializer,fuse_add_bias_into_conv,fuse_consecutive_concats,fuse_consecutive_log_softmax,fuse_consecutive_reduce_unsqueeze,fuse_consecutive_squeezes,fuse_consecutive_transposes,fuse_matmul_add_bias_into_gemm,fuse_pad_into_conv,fuse_transpose_into_gemm"
task278,surgery_sim,onnxoptimizer/onnxsim_full_validate,4505,4505,0,16.58705682995756,16.58705682995756,,True,E:\kongming\NGC-work\workplace C\artifacts\surgery_probes\20260709_155105\sim\task278.onnx,False,onnxsim(input=1x10x30x30)
task278,surgery_optimizer_sim,onnxoptimizer/onnxsim_full_validate,4505,4505,0,16.58705682995756,16.58705682995756,,True,E:\kongming\NGC-work\workplace C\artifacts\surgery_probes\20260709_155105\optimizer_sim\task278.onnx,False,"eliminate_deadend,eliminate_identity,eliminate_nop_cast,eliminate_nop_dropout,eliminate_nop_flatten,eliminate_nop_monotone_argmax,eliminate_nop_pad,eliminate_nop_transpose,eliminate_unused_initializer,extract_constant_to_initializer,fuse_add_bias_into_conv,fuse_consecutive_concats,fuse_consecutive_log_softmax,fuse_consecutive_reduce_unsqueeze,fuse_consecutive_squeezes,fuse_consecutive_transposes,fuse_matmul_add_bias_into_gemm,fuse_pad_into_conv,fuse_transpose_into_gemm;onnxsim(input=1x10x30x30)"
task165,surgery_optimizer,onnxoptimizer/onnxsim_full_validate,4544,4544,0,16.578437039599013,16.578437039599013,,True,E:\kongming\NGC-work\workplace C\artifacts\surgery_probes\20260709_155105\optimizer\task165.onnx,False,"eliminate_deadend,eliminate_identity,eliminate_nop_cast,eliminate_nop_dropout,eliminate_nop_flatten,eliminate_nop_monotone_argmax,eliminate_nop_pad,eliminate_nop_transpose,eliminate_unused_initializer,extract_constant_to_initializer,fuse_add_bias_into_conv,fuse_consecutive_concats,fuse_consecutive_log_softmax,fuse_consecutive_reduce_unsqueeze,fuse_consecutive_squeezes,fuse_consecutive_transposes,fuse_matmul_add_bias_into_gemm,fuse_pad_into_conv,fuse_transpose_into_gemm"
task165,surgery_sim,onnxoptimizer/onnxsim_full_validate,4544,4544,0,16.578437039599013,16.578437039599013,,True,E:\kongming\NGC-work\workplace C\artifacts\surgery_probes\20260709_155105\sim\task165.onnx,False,onnxsim(input=1x10x30x30)
task165,surgery_optimizer_sim,onnxoptimizer/onnxsim_full_validate,4544,4544,0,16.578437039599013,16.578437039599013,,True,E:\kongming\NGC-work\workplace C\artifacts\surgery_probes\20260709_155105\optimizer_sim\task165.onnx,False,"eliminate_deadend,eliminate_identity,eliminate_nop_cast,eliminate_nop_dropout,eliminate_nop_flatten,eliminate_nop_monotone_argmax,eliminate_nop_pad,eliminate_nop_transpose,eliminate_unused_initializer,extract_constant_to_initializer,fuse_add_bias_into_conv,fuse_consecutive_concats,fuse_consecutive_log_softmax,fuse_consecutive_reduce_unsqueeze,fuse_consecutive_squeezes,fuse_consecutive_transposes,fuse_matmul_add_bias_into_gemm,fuse_pad_into_conv,fuse_transpose_into_gemm;onnxsim(input=1x10x30x30)"
task378,surgery_optimizer,onnxoptimizer/onnxsim_full_validate,3091,3091,0,16.963750057867884,16.963750057867884,,True,E:\kongming\NGC-work\workplace C\artifacts\surgery_probes\20260709_155105\optimizer\task378.onnx,False,"eliminate_deadend,eliminate_identity,eliminate_nop_cast,eliminate_nop_dropout,eliminate_nop_flatten,eliminate_nop_monotone_argmax,eliminate_nop_pad,eliminate_nop_transpose,eliminate_unused_initializer,extract_constant_to_initializer,fuse_add_bias_into_conv,fuse_consecutive_concats,fuse_consecutive_log_softmax,fuse_consecutive_reduce_unsqueeze,fuse_consecutive_squeezes,fuse_consecutive_transposes,fuse_matmul_add_bias_into_gemm,fuse_pad_into_conv,fuse_transpose_into_gemm"
task378,surgery_sim,onnxoptimizer/onnxsim_full_validate,3091,3091,0,16.963750057867884,16.963750057867884,,True,E:\kongming\NGC-work\workplace C\artifacts\surgery_probes\20260709_155105\sim\task378.onnx,False,onnxsim(input=1x10x30x30)
task378,surgery_optimizer_sim,onnxoptimizer/onnxsim_full_validate,3091,3091,0,16.963750057867884,16.963750057867884,,True,E:\kongming\NGC-work\workplace C\artifacts\surgery_probes\20260709_155105\optimizer_sim\task378.onnx,False,"eliminate_deadend,eliminate_identity,eliminate_nop_cast,eliminate_nop_dropout,eliminate_nop_flatten,eliminate_nop_monotone_argmax,eliminate_nop_pad,eliminate_nop_transpose,eliminate_unused_initializer,extract_constant_to_initializer,fuse_add_bias_into_conv,fuse_consecutive_concats,fuse_consecutive_log_softmax,fuse_consecutive_reduce_unsqueeze,fuse_consecutive_squeezes,fuse_consecutive_transposes,fuse_matmul_add_bias_into_gemm,fuse_pad_into_conv,fuse_transpose_into_gemm;onnxsim(input=1x10x30x30)"
task132,surgery_optimizer,onnxoptimizer/onnxsim_full_validate,3652,3652,0,16.79696975828514,16.79696975828514,,True,E:\kongming\NGC-work\workplace C\artifacts\surgery_probes\20260709_155105\optimizer\task132.onnx,False,"eliminate_deadend,eliminate_identity,eliminate_nop_cast,eliminate_nop_dropout,eliminate_nop_flatten,eliminate_nop_monotone_argmax,eliminate_nop_pad,eliminate_nop_transpose,eliminate_unused_initializer,extract_constant_to_initializer,fuse_add_bias_into_conv,fuse_consecutive_concats,fuse_consecutive_log_softmax,fuse_consecutive_reduce_unsqueeze,fuse_consecutive_squeezes,fuse_consecutive_transposes,fuse_matmul_add_bias_into_gemm,fuse_pad_into_conv,fuse_transpose_into_gemm"
task132,surgery_sim,onnxoptimizer/onnxsim_full_validate,3652,3652,0,16.79696975828514,16.79696975828514,,True,E:\kongming\NGC-work\workplace C\artifacts\surgery_probes\20260709_155105\sim\task132.onnx,False,onnxsim(input=1x10x30x30)
task132,surgery_optimizer_sim,onnxoptimizer/onnxsim_full_validate,3652,3652,0,16.79696975828514,16.79696975828514,,True,E:\kongming\NGC-work\workplace C\artifacts\surgery_probes\20260709_155105\optimizer_sim\task132.onnx,False,"eliminate_deadend,eliminate_identity,eliminate_nop_cast,eliminate_nop_dropout,eliminate_nop_flatten,eliminate_nop_monotone_argmax,eliminate_nop_pad,eliminate_nop_transpose,eliminate_unused_initializer,extract_constant_to_initializer,fuse_add_bias_into_conv,fuse_consecutive_concats,fuse_consecutive_log_softmax,fuse_consecutive_reduce_unsqueeze,fuse_consecutive_squeezes,fuse_consecutive_transposes,fuse_matmul_add_bias_into_gemm,fuse_pad_into_conv,fuse_transpose_into_gemm;onnxsim(input=1x10x30x30)"
task158,task158_20260709T205240,baseline_check,28483,28483,0,14.742937302942996,14.742937302942996,0.0,True,E:\kagglegolf\submissions\candidates\GOLF_20260709_101_prvsiyan_7266_72_repro\onnx\task158.onnx,False,
task158,task158_20260709T205621,task158_resize_stamp_builder,28483,28023,460,14.742937302942996,14.759219119459042,0.01628181651604521,True,workplace C\single_task\task158\onnx\task158_candidate.onnx,True,
task286,task286_20260709T224049,task286_baseline_check,26909,26909,0,14.799783917876258,14.799783917876258,0.0,True,E:\kagglegolf\submissions\candidates\GOLF_20260709_101_prvsiyan_7266_72_repro\onnx\task286.onnx,False,
task391,task391_onehot_maxpool_probe,task391_onehot_maxpool_probe,159,,,19.93109579777977,,,False,workplace C\single_task\task391\debug\onehot_maxpool.onnx,False,PermissionError:[WinError 32] 另一个程序正在使用此文件，进程无法访问。: 'C:\\Users\\zyc\\AppData\\Local\\Temp\\ngc_c_score_t99qcyh2\\task391_2026-07-10_21-25-18_640.json'
task015,task015_20260710T215553,sparse_initializer_exact,900,,,18.197605236675688,,,False,workplace C\single_task\task015\onnx\task015_sparse_probe.onnx,False,FileNotFoundError:[Errno 2] No such file or directory: 'workplace C\\single_task\\task015\\onnx\\task015_sparse_probe.onnx'
task193,task193_20260711_parallel_v1,exact_conv_factor_memory_probe,910,82912,-82002,18.186555400489105,13.674464916638163,-4.512090483850942,True,E:\kongming\NGC-work\workplace C\single_task\task193\onnx\task193_candidate.onnx,False,
task372,task372_20260711_parallel_v1,cropped_group_conv_memory_probe,710,7135,-6425,18.43473502996464,16.127232470089062,-2.3075025598755765,True,E:\kongming\NGC-work\workplace C\single_task\task372\onnx\task372_candidate.onnx,False,
task332,task332_20260711_parallel_v1,dynamic_parity_direct_memory_probe,561,6150,-5589,18.670279094477305,16.275792639199437,-2.3944864552778675,True,E:\kongming\NGC-work\workplace C\single_task\task332\onnx\task332_candidate.onnx,False,
task349,task349_20260711T170339,task349_debug_rescore,14892,10362,4530,15.391420565007392,15.754099452625267,0.36267888761787503,False,E:\kongming\NGC-work\workplace C\single_task\task349\onnx\task349_candidate.onnx,False,
task349,task349_20260711T171533,task349_two_channel_quadratic_halo,14892,11494,3398,15.391420565007392,15.650419560932313,0.25899899592492126,False,E:\kongming\NGC-work\workplace C\single_task\task349\onnx\task349_candidate.onnx,False,
task349,task349_20260711T175034,task349_three_channel_polynomial_halo,14892,12628,2264,15.391420565007392,15.556328150322118,0.16490758531472594,False,E:\kongming\NGC-work\workplace C\single_task\task349\onnx\task349_candidate.onnx,False,
task349,task349_20260711T175616,task349_four_channel_exact_halo,14892,13760,1132,15.391420565007392,15.470478888512666,0.07905832350527398,False,E:\kongming\NGC-work\workplace C\single_task\task349\onnx\task349_candidate.onnx,False,
task077,task077_20260711_k5x3,task077_k5x3_full_valid,7657,7657,0,16.056624458886876,16.056624458886876,0.0,True,E:\kongming\NGC-work\workplace C\single_task\task077\debug\schedule_probes\k5x3.onnx,False,
task009,task009_20260711_uint8_einsum,task009_uint8_einsum,6694,,,16.191033118228727,,,False,E:\kongming\NGC-work\workplace C\single_task\task009\onnx\task009_uint8_einsum.onnx,False,PermissionError:[WinError 32] 另一个程序正在使用此文件，进程无法访问。: 'C:\\Users\\zyc\\AppData\\Local\\Temp\\ngc_c_score_0n9zoewg\\task009_2026-07-11_20-38-24_717.json'
task349,task349_20260711_v93_rebase,v93_rebase_task349,14892,14887,5,15.391420565007392,15.391756372122943,0.0003358071155510345,True,E:\kagglegolf\submissions\candidates\GOLF_20260711_093_v92_plus_task349_k11\onnx\task349.onnx,True,
