task,parent_path,archive_path,archive_present,parent_task,parent_ok,parent_valid_all_checked,parent_examples_checked,parent_examples_passed,parent_examples_failed,parent_memory,parent_params,parent_cost,parent_points,parent_file_size,parent_sha256,parent_error,parent_graph_nodes,parent_graph_initializers,parent_graph_operators,archive_task,archive_ok,archive_valid_all_checked,archive_examples_checked,archive_examples_passed,archive_examples_failed,archive_memory,archive_params,archive_cost,archive_points,archive_file_size,archive_sha256,archive_error,archive_graph_nodes,archive_graph_initializers,archive_graph_operators,archive_delta_cost,archive_lower_cost,archive_candidate_eligible,error
task002,E:\kagglegolf\submissions\candidates\GOLF_20260712_102_submission5_plus_c22\onnx\task002.onnx,E:\kongming\NGC-work\workplace C\neurogolf-2026-work\data\external\neurogolf7300_archive\onnx\task002.onnx,True,task002,True,True,268,268,0,14060,225,14285,15.433034685335127,12833,d97c7d47649ea943c35c7062a4e257c0fe467a4fc308c6df870ddabf94f39e94,,143,21,BitShift:27;BitwiseAnd:32;BitwiseOr:47;BitwiseXor:2;Cast:2;Einsum:1;Gather:28;Pad:1;Slice:1;Unsqueeze:1;Where:1,task002,True,True,268,268,0,14060,225,14285,15.433034685335127,12833,d97c7d47649ea943c35c7062a4e257c0fe467a4fc308c6df870ddabf94f39e94,,143,21,BitShift:27;BitwiseAnd:32;BitwiseOr:47;BitwiseXor:2;Cast:2;Einsum:1;Gather:28;Pad:1;Slice:1;Unsqueeze:1;Where:1,0,False,False,
task009,E:\kagglegolf\submissions\candidates\GOLF_20260712_102_submission5_plus_c22\onnx\task009.onnx,E:\kongming\NGC-work\workplace C\neurogolf-2026-work\data\external\neurogolf7300_archive\onnx\task009.onnx,True,task009,True,True,265,265,0,6429,156,6585,16.207450385822618,2097,aefb7816e4cfea72589dda23a3ea9f74e3c88c51f1ca4dff703662f6463bc697,,22,18,ArgMax:1;Cast:5;Concat:1;Conv:1;DepthToSpace:1;Einsum:2;Equal:3;Max:2;Pad:2;Slice:3;Where:1,task009,True,True,265,265,0,6529,165,6694,16.191033118228727,2039,2418667851ab6ace305a5979282c1008697868a082dfb446722d366d31574008,,23,15,ArgMax:1;Cast:6;Concat:1;Conv:1;DepthToSpace:1;Einsum:2;Equal:2;Max:2;Pad:2;Slice:3;Where:2,-109,False,False,
task010,E:\kagglegolf\submissions\candidates\GOLF_20260712_102_submission5_plus_c22\onnx\task010.onnx,E:\kongming\NGC-work\workplace C\neurogolf-2026-work\data\external\neurogolf7300_archive\onnx\task010.onnx,True,task010,True,True,265,265,0,670,332,1002,18.09024671835519,1491,3f065a8894aa271eaf4c83431e8eb7933593a175bc744ed18abe31795ba8a1bd,,21,11,Cast:4;Concat:3;Einsum:1;Equal:1;Greater:1;Less:1;Pad:1;ReduceSum:1;Slice:1;Split:2;Sub:1;Unsqueeze:3;Where:1,task010,True,True,265,265,0,670,332,1002,18.09024671835519,1491,3f065a8894aa271eaf4c83431e8eb7933593a175bc744ed18abe31795ba8a1bd,,21,11,Cast:4;Concat:3;Einsum:1;Equal:1;Greater:1;Less:1;Pad:1;ReduceSum:1;Slice:1;Split:2;Sub:1;Unsqueeze:3;Where:1,0,False,False,
task015,E:\kagglegolf\submissions\candidates\GOLF_20260712_102_submission5_plus_c22\onnx\task015.onnx,E:\kongming\NGC-work\workplace C\neurogolf-2026-work\data\external\neurogolf7300_archive\onnx\task015.onnx,True,task015,True,True,265,265,0,0,900,900,18.197605236675688,3774,1ab641692d1424be973ca0ca5d26e88172d7be86363973c99ffda1b0d2dfd046,,1,1,Conv:1,task015,True,True,265,265,0,0,900,900,18.197605236675688,3774,1ab641692d1424be973ca0ca5d26e88172d7be86363973c99ffda1b0d2dfd046,,1,1,Conv:1,0,False,False,
task020,E:\kagglegolf\submissions\candidates\GOLF_20260712_102_submission5_plus_c22\onnx\task020.onnx,E:\kongming\NGC-work\workplace C\neurogolf-2026-work\data\external\neurogolf7300_archive\onnx\task020.onnx,True,task020,True,True,266,266,0,1104,152,1256,17.864312652971854,3335,f7db49fb30f6b2eff78ce6c117efd540906d9d1a5fe12062ca9dcf9bbb6ee009,,39,19,Add:6;ArgMax:3;Cast:6;Concat:5;Gather:3;GatherND:1;Less:2;Mul:1;ReduceMin:2;ReduceSum:1;Reshape:3;ScatterND:1;Slice:4;TopK:1,task020,True,True,266,266,0,712,307,1019,18.073422966777276,3747,d3c6ee8b7b082f80d94dd463de68edf8a4bda5a89715ea824d497ccd14a19e67,,32,13,Add:2;ArgMax:3;ArgMin:1;Cast:5;Concat:5;Einsum:1;Flatten:1;Gather:4;GatherND:1;ReduceMax:3;ReduceMin:1;ScatterND:1;Sign:2;Slice:1;Sub:1,237,True,True,
task028,E:\kagglegolf\submissions\candidates\GOLF_20260712_102_submission5_plus_c22\onnx\task028.onnx,E:\kongming\NGC-work\workplace C\neurogolf-2026-work\data\external\neurogolf7300_archive\onnx\task028.onnx,True,task028,True,True,265,265,0,0,168,168,19.876036020596743,963,70d055d527158aa58d649de095e8f8c932b6852fae95be66a3dd6f1a1c5baedb,,1,3,Einsum:1,task028,True,True,265,265,0,0,99,99,20.40488014986541,600,3a9df8ceb7069f91d2d26f9296eff2ab67806300d24acd522211f3a804aed65c,,1,2,Einsum:1,69,True,True,
task029,E:\kagglegolf\submissions\candidates\GOLF_20260712_102_submission5_plus_c22\onnx\task029.onnx,E:\kongming\NGC-work\workplace C\neurogolf-2026-work\data\external\neurogolf7300_archive\onnx\task029.onnx,True,task029,True,True,266,266,0,5208,76,5284,16.427561334357783,2328,9ceba2b29239999b047e47ac3f2c934af74bd7678676ff0d5a8ae96f6a2edb63,,50,15,Add:6;And:1;ArgMax:5;Cast:8;Einsum:5;Equal:1;Greater:1;GridSample:1;Less:2;Mul:10;OneHot:1;Pad:2;Sub:2;Sum:2;Unsqueeze:1;Where:2,task029,True,True,266,266,0,5212,76,5288,16.426804618468477,2354,afb5f0166ba1ed3bd0bef01baca1605d07943e9a1c3766adc9284ec96d446bd3,,52,15,Add:10;And:1;ArgMax:5;Cast:8;Einsum:5;Equal:1;Greater:1;GridSample:1;Less:2;Mul:10;OneHot:1;Pad:2;Sub:2;Unsqueeze:1;Where:2,-4,False,False,
task030,E:\kagglegolf\submissions\candidates\GOLF_20260712_102_submission5_plus_c22\onnx\task030.onnx,E:\kongming\NGC-work\workplace C\neurogolf-2026-work\data\external\neurogolf7300_archive\onnx\task030.onnx,True,task030,True,True,266,266,0,1604,199,1803,17.50279277679668,2606,2cca72f3f7f65f4c2319beeeae8bc2b49d6bb9652e787824f6d3ca722542b1d5,,26,16,Cast:5;Concat:2;Div:1;Einsum:2;Gather:2;Max:1;Mod:2;Pad:1;Reshape:1;Slice:5;Sub:4,task030,True,True,266,266,0,1330,130,1460,17.713808285297617,1429,de6d82827b7068be75f5fc0212570b094e090b2fc7edb01a5a1773293028df3b,,23,11,Cast:4;Concat:1;ConvInteger:1;Div:2;Einsum:3;Gather:2;Greater:1;Log:2;Max:1;Mod:2;ReduceSum:1;Slice:1;Sub:2,343,True,True,
task032,E:\kagglegolf\submissions\candidates\GOLF_20260712_102_submission5_plus_c22\onnx\task032.onnx,E:\kongming\NGC-work\workplace C\neurogolf-2026-work\data\external\neurogolf7300_archive\onnx\task032.onnx,True,task032,True,True,266,266,0,0,910,910,18.186555400489105,3828,ceb4063280bf7df98b687efafb01b5fdedc714737f65b70a50c4a70a941c330a,,1,2,Conv:1,task032,True,True,266,266,0,0,910,910,18.186555400489105,3828,ceb4063280bf7df98b687efafb01b5fdedc714737f65b70a50c4a70a941c330a,,1,2,Conv:1,0,False,False,
task036,E:\kagglegolf\submissions\candidates\GOLF_20260712_102_submission5_plus_c22\onnx\task036.onnx,E:\kongming\NGC-work\workplace C\neurogolf-2026-work\data\external\neurogolf7300_archive\onnx\task036.onnx,True,task036,True,True,265,265,0,1475,114,1589,17.629139833463285,4233,408e601d6479f3a1f652112888e52c78699d7731f3412d5488a5909c2ea53ae5,,51,18,Add:5;And:1;ArgMax:4;ArgMin:1;Cast:6;Concat:2;Div:2;Einsum:5;Equal:2;Greater:4;Less:2;Max:1;Mul:1;Pad:1;Reshape:7;Slice:1;Sub:3;Where:3,task036,True,True,265,265,0,961,90,1051,18.04250262912305,1853,737fc8388cfe8f40c28548b59f0954e8b3c2f8284cf85a208efc7cdb45525726,,25,14,Add:2;And:1;ArgMax:3;Cast:5;Concat:1;Div:1;Einsum:4;Equal:1;OneHot:1;Pad:1;ReduceMax:2;Slice:1;Where:2,538,True,True,
task041,E:\kagglegolf\submissions\candidates\GOLF_20260712_102_submission5_plus_c22\onnx\task041.onnx,E:\kongming\NGC-work\workplace C\neurogolf-2026-work\data\external\neurogolf7300_archive\onnx\task041.onnx,True,task041,True,True,266,266,0,1730,57,1787,17.511706484840573,1354,9fb1e714e20f32f128f2e0d784592ded91f0fa89645787d11e687c65bff6a0eb,,19,5,BitwiseOr:6;BitwiseXor:7;Cast:1;Concat:1;Conv:1;Equal:1;Pad:1;Split:1,task041,True,True,266,266,0,0,460,460,18.86877351051686,2091,169a7fd692c6e4f5f99772e34f59ab31d1d8adbb3629bc2d962dfb96683609bc,,1,4,Einsum:1,1327,True,True,
task045,E:\kagglegolf\submissions\candidates\GOLF_20260712_102_submission5_plus_c22\onnx\task045.onnx,E:\kongming\NGC-work\workplace C\neurogolf-2026-work\data\external\neurogolf7300_archive\onnx\task045.onnx,True,task045,True,True,265,265,0,1050,623,1673,17.577626299013176,2970,705abb769fa43025f5378bca53c2cd10771ac88312406183cbbf4d7c9a840689,,11,8,Cast:2;Concat:1;ConvTranspose:1;Einsum:1;ReduceMax:1;Slice:2;Split:2;Unsqueeze:1,task045,True,True,265,265,0,0,90,90,20.500190329669735,631,151314a926f7a39e4ab3bef82481b135f2e5382cef065996d7d59c1a6115db84,,1,1,Einsum:1,1583,True,True,
task046,E:\kagglegolf\submissions\candidates\GOLF_20260712_102_submission5_plus_c22\onnx\task046.onnx,E:\kongming\NGC-work\workplace C\neurogolf-2026-work\data\external\neurogolf7300_archive\onnx\task046.onnx,True,task046,True,True,267,267,0,1999,70,2069,17.365179322254455,6483,1bc4cb4fec4f2c535916d4b15f8be046382187b7ee593e291735c61ef8bf547b,,52,23,Cast:5;Concat:1;Conv:1;CumSum:1;Equal:6;Gather:1;Greater:3;Max:1;Mul:1;Pad:4;ReduceMax:3;Slice:6;Split:1;Squeeze:1;Sub:2;TopK:1;Where:14,task046,True,True,267,267,0,1999,86,2085,17.3574758657671,6509,43d56a3ea4a90d31da53b7f16f298529903dbc483ba3f06fe2a1b93b8f904f3c,,52,22,Cast:5;Concat:1;Conv:1;CumSum:1;Equal:6;Gather:1;Greater:3;Max:1;Mul:1;Pad:4;ReduceMax:3;Slice:6;Split:1;Squeeze:1;Sub:2;TopK:1;Where:14,-16,False,False,
task047,E:\kagglegolf\submissions\candidates\GOLF_20260712_102_submission5_plus_c22\onnx\task047.onnx,E:\kongming\NGC-work\workplace C\neurogolf-2026-work\data\external\neurogolf7300_archive\onnx\task047.onnx,True,task047,True,True,265,265,0,826,36,862,18.240744729336306,2305,7a9b76d46fa67b896ead9c80c3c13e8a408bb0d969aa6c4054fb74c6bb0caf58,,19,16,BitwiseAnd:2;Cast:2;Concat:3;Pad:2;ReduceMax:4;Slice:2;Where:4,task047,True,True,265,265,0,826,36,862,18.240744729336306,2305,7a9b76d46fa67b896ead9c80c3c13e8a408bb0d969aa6c4054fb74c6bb0caf58,,19,16,BitwiseAnd:2;Cast:2;Concat:3;Pad:2;ReduceMax:4;Slice:2;Where:4,0,False,False,
task052,E:\kagglegolf\submissions\candidates\GOLF_20260712_102_submission5_plus_c22\onnx\task052.onnx,E:\kongming\NGC-work\workplace C\neurogolf-2026-work\data\external\neurogolf7300_archive\onnx\task052.onnx,True,task052,True,True,267,267,0,90,104,194,19.73214184093667,1018,73403eca9b7eb65b36de58f28661463a4aa693005b6614a9706299a74877cb58,,6,6,Concat:2;Einsum:1;Equal:1;Greater:1;Pad:1,task052,True,True,267,267,0,0,30,30,21.598802618337846,355,299b9dccde06d89ecc0568cb74051282810f9debde90b3fa71efc6faa6879067,,1,1,Einsum:1,164,True,True,
task054,E:\kagglegolf\submissions\candidates\GOLF_20260712_102_submission5_plus_c22\onnx\task054.onnx,E:\kongming\NGC-work\workplace C\neurogolf-2026-work\data\external\neurogolf7300_archive\onnx\task054.onnx,True,task054,True,True,266,266,0,25198,194,25392,14.85781055723381,24536,57c1d7a25a0d0b1b7f64b49837a5717e54768296140ed99879215341b45d95ad,,283,46,Add:18;And:24;ArgMax:21;Cast:18;Concat:12;Conv:1;CumSum:8;Div:6;Equal:21;Expand:1;Gather:32;GatherND:1;Greater:4;GreaterOrEqual:2;Less:2;Not:2;Or:8;ReduceMax:8;ReduceSum:4;Reshape:29;ScatterElements:1;ScatterND:3;Slice:17;Sub:10;Transpose:1;Where:29,task054,True,True,266,266,0,24954,190,25144,14.867625421522597,22788,63e183aaeff6b5c4daa69c1ce34dd8cb2070bbb2cfb61a7b66ba9b97a05d5b56,,263,42,Add:18;And:24;ArgMax:21;Cast:18;Concat:12;Conv:1;CumSum:8;Div:6;Equal:21;Expand:1;Gather:32;GatherND:1;Greater:4;GreaterOrEqual:2;Less:2;Not:2;Or:8;ReduceMax:8;ReduceSum:4;Reshape:29;ScatterElements:1;ScatterND:3;Slice:7;Transpose:1;Where:29,248,True,True,
task055,E:\kagglegolf\submissions\candidates\GOLF_20260712_102_submission5_plus_c22\onnx\task055.onnx,E:\kongming\NGC-work\workplace C\neurogolf-2026-work\data\external\neurogolf7300_archive\onnx\task055.onnx,True,task055,True,True,263,263,0,1680,176,1856,17.473821086653853,1243,c10324dc3827ff7efc3a305ecb421cffaf454e48cbacf77395e3f90cce454584,,19,6,And:2;Cast:4;Concat:2;CumSum:2;Einsum:3;Equal:4;Greater:2,task055,True,True,263,263,0,1680,176,1856,17.473821086653853,1243,c10324dc3827ff7efc3a305ecb421cffaf454e48cbacf77395e3f90cce454584,,19,6,And:2;Cast:4;Concat:2;CumSum:2;Einsum:3;Equal:4;Greater:2,0,False,False,
task061,E:\kagglegolf\submissions\candidates\GOLF_20260712_102_submission5_plus_c22\onnx\task061.onnx,E:\kongming\NGC-work\workplace C\neurogolf-2026-work\data\external\neurogolf7300_archive\onnx\task061.onnx,True,task061,True,True,267,267,0,1633,35,1668,17.58061941708131,875,ca895cf016d83d9fdbcadf4e03a66caa491ec02314138a789a56ccd0a62addcd,,9,6,ArgMax:1;Cast:1;Equal:1;Mod:2;Pad:1;QLinearMatMul:1;ReduceMax:1;Transpose:1,task061,True,True,267,267,0,1633,35,1668,17.58061941708131,875,ca895cf016d83d9fdbcadf4e03a66caa491ec02314138a789a56ccd0a62addcd,,9,6,ArgMax:1;Cast:1;Equal:1;Mod:2;Pad:1;QLinearMatMul:1;ReduceMax:1;Transpose:1,0,False,False,
task065,E:\kagglegolf\submissions\candidates\GOLF_20260712_102_submission5_plus_c22\onnx\task065.onnx,E:\kongming\NGC-work\workplace C\neurogolf-2026-work\data\external\neurogolf7300_archive\onnx\task065.onnx,True,task065,True,True,266,266,0,582,56,638,18.54166171665521,2196,b8b434ac832a270191b343a343693a2fb0e3863c40778cabaf753110e319bb51,,28,13,Add:1;BitwiseAnd:2;Cast:2;Einsum:4;Equal:4;Less:2;Mod:2;Mul:1;Pad:2;ReduceMax:1;Sqrt:1;Unsqueeze:1;Where:5,task065,True,True,266,266,0,550,48,598,18.606409246049367,1235,042d4e0dd24cca8031aea65dfed802be18dff7d8c377ba5ccb6d3d67be507f39,,20,6,Add:1;Cast:3;Concat:2;Einsum:3;Equal:3;Gather:1;Less:1;Mod:2;ReduceMax:1;ReduceSum:2;Sqrt:1,40,True,True,
task069,E:\kagglegolf\submissions\candidates\GOLF_20260712_102_submission5_plus_c22\onnx\task069.onnx,E:\kongming\NGC-work\workplace C\neurogolf-2026-work\data\external\neurogolf7300_archive\onnx\task069.onnx,True,task069,True,True,264,264,0,2864,52,2916,17.02203190687145,2835,58a2f8304be0e66ac8401ee47c7f800bb2335c1009dd2b7ac8883c2a3fe58c66,,31,15,Add:2;And:1;ArgMax:2;Cast:5;Conv:1;Equal:3;Gather:4;Greater:2;Not:1;Pad:2;QLinearConv:2;ReduceMax:3;Unsqueeze:2;Where:1,task069,True,True,264,264,0,2864,85,2949,17.010778591184724,2903,000bcfb2908cf36e489ff6a1c0100e7c928841caf1c88d6a1108c29de4bf8787,,31,13,Add:2;And:1;ArgMax:2;Cast:5;Conv:1;Equal:3;Gather:4;Greater:2;Not:1;Pad:2;QLinearConv:2;ReduceMax:3;Unsqueeze:2;Where:1,-33,False,False,
task072,E:\kagglegolf\submissions\candidates\GOLF_20260712_102_submission5_plus_c22\onnx\task072.onnx,E:\kongming\NGC-work\workplace C\neurogolf-2026-work\data\external\neurogolf7300_archive\onnx\task072.onnx,True,task072,True,True,268,268,0,270,98,368,19.09191706183107,981,4bade205df58c2a94306be734ac6bbf5274594a9ae252c7448ebe1b0c7368b9b,,4,6,Conv:1;Equal:1;Pad:1;Where:1,task072,True,True,268,268,0,150,30,180,19.807043149109788,423,670043c6db8c102a8a6f74eef540c9535c32115f710a13f38ca0e43b019f3189,,3,2,Cast:1;Conv:1;ConvInteger:1,188,True,True,
task073,E:\kagglegolf\submissions\candidates\GOLF_20260712_102_submission5_plus_c22\onnx\task073.onnx,E:\kongming\NGC-work\workplace C\neurogolf-2026-work\data\external\neurogolf7300_archive\onnx\task073.onnx,True,task073,True,True,15,15,0,0,40,40,21.311120545886062,371,e4316bf775feba0bc9dc82c0472b0b990aefde5fb40341dc51ca6d6f221e9fac,,1,1,Conv:1,task073,True,True,15,15,0,0,24,24,21.821946169652055,321,ac704419012fdb4ad9b3d016b19131dc20aad28cf8867e4d0121fee4f26f6102,,1,2,Einsum:1,16,True,True,
task074,E:\kagglegolf\submissions\candidates\GOLF_20260712_102_submission5_plus_c22\onnx\task074.onnx,E:\kongming\NGC-work\workplace C\neurogolf-2026-work\data\external\neurogolf7300_archive\onnx\task074.onnx,True,task074,True,True,267,267,0,6436,1958,8394,15.964727556106464,15145,7c6770b01fbde8054bb2ca483221f1a13b69f7c8eb4888411f6bc833894b89f8,,6,6,Cast:1;Conv:1;Equal:1;Gather:1;Reshape:1;ScatterElements:1,task074,True,True,267,267,0,6436,1958,8394,15.964727556106464,15145,7c6770b01fbde8054bb2ca483221f1a13b69f7c8eb4888411f6bc833894b89f8,,6,6,Cast:1;Conv:1;Equal:1;Gather:1;Reshape:1;ScatterElements:1,0,False,False,
task075,E:\kagglegolf\submissions\candidates\GOLF_20260712_102_submission5_plus_c22\onnx\task075.onnx,E:\kongming\NGC-work\workplace C\neurogolf-2026-work\data\external\neurogolf7300_archive\onnx\task075.onnx,True,task075,True,True,265,265,0,1326,161,1487,17.695484053539843,1697,597d643e5bf0921ab6030007e6242e77feb12b000c0e392b7fe40296a9bae887,,12,14,Cast:2;Concat:3;DepthToSpace:1;Einsum:1;Equal:1;Pad:1;Reshape:1;Slice:1;Where:1,task075,True,True,265,265,0,0,559,559,18.6738505268449,2701,095323a361a64eb2266036f1cd6af64e65a253c021c8cca727dceab40e491e94,,1,12,Einsum:1,928,True,True,
task077,E:\kagglegolf\submissions\candidates\GOLF_20260712_102_submission5_plus_c22\onnx\task077.onnx,E:\kongming\NGC-work\workplace C\neurogolf-2026-work\data\external\neurogolf7300_archive\onnx\task077.onnx,True,task077,True,True,266,266,0,7200,34,7234,16.113452587487956,976,12c34d9dca484ec1455afab26cb650e7f851c5f9e2fedaedba300f03716ac324,,14,11,Cast:1;Greater:1;MaxPool:4;Min:3;Pad:1;QLinearConv:2;Slice:1;Where:1,task077,True,True,266,266,0,7620,37,7657,16.056624458886876,979,99f5e5425893037413f1bfbece16fb903cb615dc1dc01b0ea30cefa7c6fb5555,,15,11,Cast:1;Greater:1;MaxPool:4;Min:3;Pad:1;QLinearConv:3;Slice:1;Where:1,-423,False,False,
task081,E:\kagglegolf\submissions\candidates\GOLF_20260712_102_submission5_plus_c22\onnx\task081.onnx,E:\kongming\NGC-work\workplace C\neurogolf-2026-work\data\external\neurogolf7300_archive\onnx\task081.onnx,True,task081,True,True,264,264,0,392,72,464,18.860115447773744,821,38ec9f3fe8fb654ba69cc258a2f163709366d5da6aad62a98a3cec6cb57433f1,,4,9,Cast:1;QLinearConv:2;Slice:1,task081,True,True,264,264,0,392,72,464,18.860115447773744,821,38ec9f3fe8fb654ba69cc258a2f163709366d5da6aad62a98a3cec6cb57433f1,,4,9,Cast:1;QLinearConv:2;Slice:1,0,False,False,
task082,E:\kagglegolf\submissions\candidates\GOLF_20260712_102_submission5_plus_c22\onnx\task082.onnx,E:\kongming\NGC-work\workplace C\neurogolf-2026-work\data\external\neurogolf7300_archive\onnx\task082.onnx,True,task082,True,True,265,265,0,0,190,190,19.752975927839515,989,e050837db177e7d6b2e5ad5c4cd76bcf19e85a0aedf3fc265056d75870d80446,,1,2,Conv:1,task082,True,True,265,265,0,0,190,190,19.752975927839515,989,e050837db177e7d6b2e5ad5c4cd76bcf19e85a0aedf3fc265056d75870d80446,,1,2,Conv:1,0,False,False,
task087,E:\kagglegolf\submissions\candidates\GOLF_20260712_102_submission5_plus_c22\onnx\task087.onnx,E:\kongming\NGC-work\workplace C\neurogolf-2026-work\data\external\neurogolf7300_archive\onnx\task087.onnx,True,task087,True,True,266,266,0,0,5,5,23.3905620875659,382,d4830ee432562703ce0e624377faf58bf72b5433e6b4616e8268be0d20a86dc8,,1,2,RoiAlign:1,task087,True,True,266,266,0,0,5,5,23.3905620875659,382,d4830ee432562703ce0e624377faf58bf72b5433e6b4616e8268be0d20a86dc8,,1,2,RoiAlign:1,0,False,False,
task089,E:\kagglegolf\submissions\candidates\GOLF_20260712_102_submission5_plus_c22\onnx\task089.onnx,E:\kongming\NGC-work\workplace C\neurogolf-2026-work\data\external\neurogolf7300_archive\onnx\task089.onnx,True,task089,True,True,267,267,0,6585,154,6739,16.184333175053784,6635,ad3b8a7ebbebaaaa65548d3e085ebd6936f24e0366447b8628cbb1c3fbd209f3,,66,20,Add:8;And:2;ArgMax:6;Cast:11;Concat:2;Conv:1;Div:2;Equal:5;Gather:4;MaxPool:1;Mul:2;Or:1;Pad:2;ReduceMax:4;Reshape:5;ScatterElements:3;Where:7,task089,True,True,267,267,0,3479,38,3517,16.834636367526016,1736,c1061a80819e8b6d8085da714e88ac10ad70b54015ca2f45607014be1d230bc7,,26,12,Cast:1;Conv:1;Div:1;Equal:3;Max:1;Min:2;Mod:3;QLinearConv:8;ReduceMax:2;Slice:1;Sub:1;Where:2,3222,True,True,
task091,E:\kagglegolf\submissions\candidates\GOLF_20260712_102_submission5_plus_c22\onnx\task091.onnx,E:\kongming\NGC-work\workplace C\neurogolf-2026-work\data\external\neurogolf7300_archive\onnx\task091.onnx,True,task091,True,True,266,266,0,2681,49,2730,17.087943111820994,3280,1a152c7d73ddc163006d6c91161b7ae472dd14e749f97bb9728c0db203a49f20,,50,22,Add:4;ArgMax:4;Cast:6;Concat:7;Einsum:1;Equal:1;Greater:3;Pad:1;Slice:4;Squeeze:2;Sub:5;Unsqueeze:9;Where:3,task091,True,True,266,266,0,2323,32,2355,17.235703993549482,1501,a23853b8be371895f6525cc1465195d4241acd3bf6e3f09ba068254932bb4a13,,26,10,Add:2;ArgMax:4;Cast:8;Concat:3;Conv:1;Equal:1;Pad:1;ReduceMax:2;Slice:1;Sub:3,375,True,True,
task094,E:\kagglegolf\submissions\candidates\GOLF_20260712_102_submission5_plus_c22\onnx\task094.onnx,E:\kongming\NGC-work\workplace C\neurogolf-2026-work\data\external\neurogolf7300_archive\onnx\task094.onnx,True,task094,True,True,265,265,0,2558,113,2671,17.10979178689004,1972,728e70e2029ae2fe07387af6683e41904ff17b15e78a915bca57d5d738312de5,,15,11,Cast:3;Concat:2;Conv:2;Greater:3;Max:1;Pad:2;Slice:1;Where:1,task094,True,True,265,265,0,2558,119,2677,17.10754795647965,1825,70de68ad03e398afd19fae55f3fad436817201e5df612359c9069b0f8281f98a,,15,10,Cast:3;Concat:2;Conv:2;Greater:3;Max:1;Pad:2;Slice:1;Where:1,-6,False,False,
task095,E:\kagglegolf\submissions\candidates\GOLF_20260712_102_submission5_plus_c22\onnx\task095.onnx,E:\kongming\NGC-work\workplace C\neurogolf-2026-work\data\external\neurogolf7300_archive\onnx\task095.onnx,True,task095,True,True,265,265,0,245,100,345,19.15645558296864,587,e3212af213f8b2799ceaa19a24ec62248dfb084bf6216535e58cb6020a2e8f7d,,3,5,ConvInteger:1;QuantizeLinear:1;Slice:1,task095,True,True,265,265,0,0,208,208,19.662461920298682,1092,05651c20d66acf86fd6952b5887f6e9aed7f0de06a2a12ba19bedb4792f3fd73,,1,3,Einsum:1,137,True,True,
task096,E:\kagglegolf\submissions\candidates\GOLF_20260712_102_submission5_plus_c22\onnx\task096.onnx,E:\kongming\NGC-work\workplace C\neurogolf-2026-work\data\external\neurogolf7300_archive\onnx\task096.onnx,True,task096,True,True,266,266,0,6050,800,6850,16.16799606874373,15981,a60c1a04c49a04dfdfe8403024f8c7bf95f57c1a4cad497b1a6985044eae1a34,,113,35,Add:11;And:1;ArgMax:8;Cast:21;Conv:2;Div:5;Equal:7;Gather:4;GreaterOrEqual:1;Less:3;LessOrEqual:2;Max:1;Min:2;Mod:1;Mul:4;Pad:1;ReduceMax:3;ReduceSum:1;ScatterElements:4;Slice:2;Squeeze:2;Sub:8;TopK:1;Unsqueeze:3;Where:15,task096,True,True,266,266,0,7260,418,7678,16.053885624439257,13981,0cd8a44505bf98a3ac6396525b017305d4fe361d3dc67e626e0e26f902c4c220,,113,33,Add:11;And:1;ArgMax:8;Cast:21;Div:5;Equal:7;Gather:4;GreaterOrEqual:1;Less:3;LessOrEqual:2;Max:1;Min:2;Mod:1;Mul:4;Pad:1;ReduceMax:3;ReduceSum:3;ScatterElements:4;Slice:4;Sub:8;TopK:1;Unsqueeze:3;Where:15,-828,False,False,
task099,E:\kagglegolf\submissions\candidates\GOLF_20260712_102_submission5_plus_c22\onnx\task099.onnx,E:\kongming\NGC-work\workplace C\neurogolf-2026-work\data\external\neurogolf7300_archive\onnx\task099.onnx,True,task099,True,True,265,265,0,1621,278,1899,17.450917289187714,9183,ab94772539ef0dbfdc58037072177708007665f218165e04cac7062f626749df,,56,18,Add:2;ArgMax:2;Cast:5;Concat:3;Equal:1;Gather:6;GatherND:1;Max:13;Min:3;Mul:4;Pad:1;ReduceMax:7;Reshape:3;ScatterElements:1;Slice:2;Split:1;Sub:1,task099,True,True,265,265,0,0,504,504,18.777423731928632,2349,6c419ff35ddc8651209c1ac5f32b0f2aecce69501cd274348e10c97a469bcfed,,1,7,Einsum:1,1395,True,True,
task105,E:\kagglegolf\submissions\candidates\GOLF_20260712_102_submission5_plus_c22\onnx\task105.onnx,E:\kongming\NGC-work\workplace C\neurogolf-2026-work\data\external\neurogolf7300_archive\onnx\task105.onnx,True,task105,True,True,266,266,0,2745,99,2844,17.04703320907687,5956,61bbdefdbdec5c186e6d57e5d44df28886927a7bc89340b34f3b2ead5cb07de3,,74,20,Add:3;And:5;ArgMax:6;BitwiseXor:2;Cast:14;Concat:1;Equal:10;Gather:2;Greater:1;GreaterOrEqual:1;Less:1;LessOrEqual:4;MatMul:1;Mod:2;Not:2;Or:6;Pad:2;ReduceMax:2;ReduceSum:1;Slice:2;Squeeze:1;Sub:1;Where:4,task105,True,True,266,266,0,1254,213,1467,17.70902522185702,2937,0bfd8e36dea78bf5007156c7822749131a60d8f6bc5d8a5451ea2e0d4ced06be,,24,15,And:1;ArgMax:3;Cast:2;Concat:1;Conv:1;Einsum:2;Equal:1;Greater:2;GreaterOrEqual:2;LessOrEqual:2;Or:1;ScatterND:1;Slice:1;Where:4,1377,True,True,
task106,E:\kagglegolf\submissions\candidates\GOLF_20260712_102_submission5_plus_c22\onnx\task106.onnx,E:\kongming\NGC-work\workplace C\neurogolf-2026-work\data\external\neurogolf7300_archive\onnx\task106.onnx,True,task106,True,True,266,266,0,452,174,626,18.560649628899903,1177,e1830f3821bacd5471705e7a966cdea81ee40634c2132e856403d4a2f2321448,,11,6,Cast:4;Einsum:1;Gather:3;Reshape:1;ScatterElements:1;Where:1,task106,True,True,266,266,0,452,174,626,18.560649628899903,1177,e1830f3821bacd5471705e7a966cdea81ee40634c2132e856403d4a2f2321448,,11,6,Cast:4;Einsum:1;Gather:3;Reshape:1;ScatterElements:1;Where:1,0,False,False,
task107,E:\kagglegolf\submissions\candidates\GOLF_20260712_102_submission5_plus_c22\onnx\task107.onnx,E:\kongming\NGC-work\workplace C\neurogolf-2026-work\data\external\neurogolf7300_archive\onnx\task107.onnx,True,task107,True,True,266,266,0,3420,156,3576,16.817999863706596,5666,5852aa6aaa9900a9a59f2fa1cfeabbf18f64c8969c26a4ff4560e0a02dad4177,,87,25,Add:13;ArgMax:2;Cast:10;Clip:1;Concat:7;Div:1;Equal:4;Expand:1;Gather:2;Less:1;Min:1;Mul:11;ReduceMax:2;ReduceSum:1;Reshape:2;ScatterND:3;Slice:7;Sub:10;Unsqueeze:8,task107,True,True,266,266,0,3420,156,3576,16.817999863706596,5666,5852aa6aaa9900a9a59f2fa1cfeabbf18f64c8969c26a4ff4560e0a02dad4177,,87,25,Add:13;ArgMax:2;Cast:10;Clip:1;Concat:7;Div:1;Equal:4;Expand:1;Gather:2;Less:1;Min:1;Mul:11;ReduceMax:2;ReduceSum:1;Reshape:2;ScatterND:3;Slice:7;Sub:10;Unsqueeze:8,0,False,False,
task108,E:\kagglegolf\submissions\candidates\GOLF_20260712_102_submission5_plus_c22\onnx\task108.onnx,E:\kongming\NGC-work\workplace C\neurogolf-2026-work\data\external\neurogolf7300_archive\onnx\task108.onnx,True,task108,True,True,266,266,0,0,300,300,19.2962175253438,1410,4d857e771a6685c81102d5df031017eb54270e27be36ee3bf5387a6b9f375eb1,,1,2,Einsum:1,task108,True,True,266,266,0,0,150,150,19.989364705903746,1829,8dfa6aeacd8d07fa91a5ea79895e7246064d03a81ddf591b1c455b068b85a82c,,1,10,Einsum:1,150,True,True,
task113,E:\kagglegolf\submissions\candidates\GOLF_20260712_102_submission5_plus_c22\onnx\task113.onnx,E:\kongming\NGC-work\workplace C\neurogolf-2026-work\data\external\neurogolf7300_archive\onnx\task113.onnx,True,task113,True,True,265,265,0,0,30,30,21.598802618337846,499,356a5f1e2200cf2560f6c836ce7d21eca6b6cad9e68015c2ae31639613ef9b09,,1,1,Gather:1,task113,True,True,265,265,0,0,30,30,21.598802618337846,499,356a5f1e2200cf2560f6c836ce7d21eca6b6cad9e68015c2ae31639613ef9b09,,1,1,Gather:1,0,False,False,
task114,E:\kagglegolf\submissions\candidates\GOLF_20260712_102_submission5_plus_c22\onnx\task114.onnx,E:\kongming\NGC-work\workplace C\neurogolf-2026-work\data\external\neurogolf7300_archive\onnx\task114.onnx,True,task114,True,True,266,266,0,0,900,900,18.197605236675688,3835,73a3da0a6b40bf1ac49e7095185ec632fd838bc9a57322d5876e09d66f28afbd,,1,1,Conv:1,task114,True,True,266,266,0,0,251,251,19.47454706086822,1316,03c90fe4b741434e2004400ec23e6f7e9d9052d1046e6c662d33e7d0f06c44bd,,1,6,Einsum:1,649,True,True,
task115,E:\kagglegolf\submissions\candidates\GOLF_20260712_102_submission5_plus_c22\onnx\task115.onnx,E:\kongming\NGC-work\workplace C\neurogolf-2026-work\data\external\neurogolf7300_archive\onnx\task115.onnx,True,task115,True,True,266,266,0,944,70,1014,18.078341815848873,3437,3d1c4857fc063a6cfadb4333ebf89b1082e9e12613cdfba67f6f741d0a13a34d,,35,10,Cast:4;Concat:2;Div:2;Einsum:2;Equal:1;Greater:2;Less:1;Max:1;Pad:2;ReduceMax:2;ReduceMin:2;ReduceSum:1;Split:1;Sub:3;TopK:1;Transpose:1;Unsqueeze:1;Where:6,task115,True,True,266,266,0,944,70,1014,18.078341815848873,3437,3d1c4857fc063a6cfadb4333ebf89b1082e9e12613cdfba67f6f741d0a13a34d,,35,10,Cast:4;Concat:2;Div:2;Einsum:2;Equal:1;Greater:2;Less:1;Max:1;Pad:2;ReduceMax:2;ReduceMin:2;ReduceSum:1;Split:1;Sub:3;TopK:1;Transpose:1;Unsqueeze:1;Where:6,0,False,False,
task121,E:\kagglegolf\submissions\candidates\GOLF_20260712_102_submission5_plus_c22\onnx\task121.onnx,E:\kongming\NGC-work\workplace C\neurogolf-2026-work\data\external\neurogolf7300_archive\onnx\task121.onnx,True,task121,True,True,266,266,0,260,66,326,19.213102618633293,2583,9c552109e66313e735d5f9f805edbc1016c5a1003c61b6a6bb8490fbbfabcec5,,29,12,Add:4;And:1;Cast:10;Concat:4;Einsum:2;Gather:3;Pad:1;Slice:2;Squeeze:1;Where:1,task121,True,True,266,266,0,260,66,326,19.213102618633293,2583,9c552109e66313e735d5f9f805edbc1016c5a1003c61b6a6bb8490fbbfabcec5,,29,12,Add:4;And:1;Cast:10;Concat:4;Einsum:2;Gather:3;Pad:1;Slice:2;Squeeze:1;Where:1,0,False,False,
task127,E:\kagglegolf\submissions\candidates\GOLF_20260712_102_submission5_plus_c22\onnx\task127.onnx,E:\kongming\NGC-work\workplace C\neurogolf-2026-work\data\external\neurogolf7300_archive\onnx\task127.onnx,True,task127,True,True,267,267,0,204,192,396,19.01858578874552,1009,2421f9f0f87224c60a248e8d2e6577324615aef1a990193582137234da46f320,,4,6,Cast:1;Conv:1;ConvTranspose:1;Slice:1,task127,True,True,267,267,0,204,192,396,19.01858578874552,1009,2421f9f0f87224c60a248e8d2e6577324615aef1a990193582137234da46f320,,4,6,Cast:1;Conv:1;ConvTranspose:1;Slice:1,0,False,False,
task132,E:\kagglegolf\submissions\candidates\GOLF_20260712_102_submission5_plus_c22\onnx\task132.onnx,E:\kongming\NGC-work\workplace C\neurogolf-2026-work\data\external\neurogolf7300_archive\onnx\task132.onnx,True,task132,True,True,267,267,0,3121,530,3651,16.79724361834436,5056,c04905081366dd20ff73cb241c5e9a6291b07b75960db694db7860aca8235080,,67,16,And:6;Cast:4;Einsum:6;Equal:3;Greater:6;GreaterOrEqual:4;Less:1;LessOrEqual:4;Mul:1;Pad:1;ReduceMax:7;ReduceMin:4;Reshape:7;Where:13,task132,True,True,267,267,0,1176,84,1260,17.861133000054476,3928,a8b6a771c3b1b30dfd0ff9d884ecb5fe8de188009f0f476279f3ef7ef68a9fa2,,58,8,Cast:15;Concat:3;Div:2;Einsum:13;Equal:1;Gemm:9;Hardmax:1;LessOrEqual:6;Pad:2;Sub:6,2391,True,True,
task133,E:\kagglegolf\submissions\candidates\GOLF_20260712_102_submission5_plus_c22\onnx\task133.onnx,E:\kongming\NGC-work\workplace C\neurogolf-2026-work\data\external\neurogolf7300_archive\onnx\task133.onnx,True,task133,True,True,267,267,0,20258,992,21250,15.035887825647437,6921,db91b142552a979613e45b49c78fb587d056d9bbcc78ac8a08c6eecfcb313dcc,,144,34,Add:15;And:3;ArgMax:5;Cast:29;Clip:3;Concat:1;Conv:1;Div:1;Equal:10;Floor:2;Gather:5;Greater:3;Less:1;Max:1;Mul:24;Pad:1;QLinearConv:4;ReduceMax:4;ReduceSum:7;Reshape:7;Resize:3;ScatterND:4;Squeeze:2;Sub:7;Unsqueeze:1,task133,True,True,267,267,0,20258,1016,21274,15.03475905118839,6941,387342495b3dee33a80b27ff571cba8babb42398b79b1fb25a4bd83e2b55c536,,144,34,Add:15;And:3;ArgMax:5;Cast:29;Clip:3;Concat:2;Conv:1;Div:1;Equal:10;Floor:2;Gather:5;Greater:3;Less:1;Max:1;Mul:24;QLinearConv:4;ReduceMax:4;ReduceSum:7;Reshape:7;Resize:3;ScatterND:4;Squeeze:2;Sub:7;Unsqueeze:1,-24,False,False,
task137,E:\kagglegolf\submissions\candidates\GOLF_20260712_102_submission5_plus_c22\onnx\task137.onnx,E:\kongming\NGC-work\workplace C\neurogolf-2026-work\data\external\neurogolf7300_archive\onnx\task137.onnx,True,task137,True,True,266,266,0,3263,123,3386,16.87259543730692,2661,8c66debf2f5d19abc8d31b3738fc333b550b065eb663c90f2de6a4290c8f0757,,33,7,Abs:2;Cast:8;Div:3;Einsum:3;Equal:1;Less:2;Max:1;Mod:1;Mul:2;ReduceSum:2;Sqrt:2;Sub:3;Where:3,task137,True,True,266,266,0,3263,126,3389,16.871709828392948,2695,ca3758bf7f3244d531c543412a3700385691adebbfdc6578ecaea416561f6469,,33,9,Abs:2;Cast:8;Div:3;Einsum:3;Equal:1;Less:2;Max:1;Mod:1;Mul:2;ReduceSum:2;Sqrt:2;Sub:3;Where:3,-3,False,False,
task141,E:\kagglegolf\submissions\candidates\GOLF_20260712_102_submission5_plus_c22\onnx\task141.onnx,E:\kongming\NGC-work\workplace C\neurogolf-2026-work\data\external\neurogolf7300_archive\onnx\task141.onnx,True,task141,True,True,265,265,0,1281,102,1383,17.76798966833524,1472,78b24d3c4bc848874427e8e31cb50ee4a3c3bc8fbd3ce6b9fe02b3b9999d50b7,,24,6,Cast:4;Div:2;Einsum:4;Equal:2;Less:2;Max:2;Min:2;Sqrt:1;Sub:2;Where:3,task141,True,True,265,265,0,1281,102,1383,17.76798966833524,1472,78b24d3c4bc848874427e8e31cb50ee4a3c3bc8fbd3ce6b9fe02b3b9999d50b7,,24,6,Cast:4;Div:2;Einsum:4;Equal:2;Less:2;Max:2;Min:2;Sqrt:1;Sub:2;Where:3,0,False,False,
task142,E:\kagglegolf\submissions\candidates\GOLF_20260712_102_submission5_plus_c22\onnx\task142.onnx,E:\kongming\NGC-work\workplace C\neurogolf-2026-work\data\external\neurogolf7300_archive\onnx\task142.onnx,True,task142,True,True,266,266,0,0,90,90,20.500190329669735,544,18b4e10c739b09f16f0c3cdbde7b1be93eb0a143298b870912ae715d435ac750,,1,1,Einsum:1,task142,True,True,266,266,0,0,90,90,20.500190329669735,544,18b4e10c739b09f16f0c3cdbde7b1be93eb0a143298b870912ae715d435ac750,,1,1,Einsum:1,0,False,False,
task144,E:\kagglegolf\submissions\candidates\GOLF_20260712_102_submission5_plus_c22\onnx\task144.onnx,E:\kongming\NGC-work\workplace C\neurogolf-2026-work\data\external\neurogolf7300_archive\onnx\task144.onnx,True,task144,True,True,267,267,0,0,104,104,20.35560910085863,623,24b5c705a650f19dd38c7477a70dc19699523501662ffde1afb3973cb504ff4a,,1,2,Conv:1,task144,True,True,267,267,0,0,100,100,20.394829814011906,602,462fd3f5d0b79a6ad38365ef1feb3b31535ed5412d0ffa61aa5ff2e835be28f0,,1,1,Conv:1,4,True,True,
task145,E:\kagglegolf\submissions\candidates\GOLF_20260712_102_submission5_plus_c22\onnx\task145.onnx,E:\kongming\NGC-work\workplace C\neurogolf-2026-work\data\external\neurogolf7300_archive\onnx\task145.onnx,True,task145,True,True,267,267,0,12744,111,12855,15.53851188030001,3877,2dbfb6f9d5ea294d2e0be0fbfd5fbb2460a1e249de794bd3bb31f95a48b4f883,,32,16,Add:2;Cast:3;DequantizeLinear:2;Equal:3;Max:1;MaxPool:6;Mul:1;Pad:1;ReduceMax:1;ReduceMin:1;Slice:1;Where:10,task145,True,True,267,267,0,12744,111,12855,15.53851188030001,3877,2dbfb6f9d5ea294d2e0be0fbfd5fbb2460a1e249de794bd3bb31f95a48b4f883,,32,16,Add:2;Cast:3;DequantizeLinear:2;Equal:3;Max:1;MaxPool:6;Mul:1;Pad:1;ReduceMax:1;ReduceMin:1;Slice:1;Where:10,0,False,False,
task146,E:\kagglegolf\submissions\candidates\GOLF_20260712_102_submission5_plus_c22\onnx\task146.onnx,E:\kongming\NGC-work\workplace C\neurogolf-2026-work\data\external\neurogolf7300_archive\onnx\task146.onnx,True,task146,True,True,267,267,0,165,100,265,19.42027017401378,988,a68ea595bbe7ce94c9a45cf53c0ed92d256eabd3421d0b98ec4035e9e38f63ab,,9,6,Add:1;Cast:3;Conv:1;Einsum:1;Equal:1;Gather:1;Pad:1,task146,True,True,267,267,0,165,100,265,19.42027017401378,988,a68ea595bbe7ce94c9a45cf53c0ed92d256eabd3421d0b98ec4035e9e38f63ab,,9,6,Add:1;Cast:3;Conv:1;Einsum:1;Equal:1;Gather:1;Pad:1,0,False,False,
task147,E:\kagglegolf\submissions\candidates\GOLF_20260712_102_submission5_plus_c22\onnx\task147.onnx,E:\kongming\NGC-work\workplace C\neurogolf-2026-work\data\external\neurogolf7300_archive\onnx\task147.onnx,True,task147,True,True,267,267,0,432,100,532,18.723356510658355,1309,f8c50aeec09138e2867f0b468a7f41db144b8a4a6df6a3889a0a8801a6aa4d2b,,3,5,Conv:1;ScatterElements:1;Slice:1,task147,True,True,267,267,0,432,100,532,18.723356510658355,1309,f8c50aeec09138e2867f0b468a7f41db144b8a4a6df6a3889a0a8801a6aa4d2b,,3,5,Conv:1;ScatterElements:1;Slice:1,0,False,False,
task153,E:\kagglegolf\submissions\candidates\GOLF_20260712_102_submission5_plus_c22\onnx\task153.onnx,E:\kongming\NGC-work\workplace C\neurogolf-2026-work\data\external\neurogolf7300_archive\onnx\task153.onnx,True,task153,True,True,265,265,0,723,52,775,18.347136970646652,5300,ae90a8eee39a4f61c2e7be034132efcb3976f0b0245ca053b1a19a7a6cd16f12,,45,14,Add:5;ArgMax:2;Cast:3;Concat:2;Div:2;Einsum:2;Equal:3;Gather:2;MaxPool:1;Mod:4;Mul:1;Not:1;Or:1;Pad:1;ReduceMax:2;Reshape:6;Slice:3;Where:4,task153,True,True,265,265,0,741,52,793,18.324176778365153,5644,cc41bafe54a98f1d19c700807c9620636cc7f839ac016b8c89ed74de2006562e,,49,14,Add:5;ArgMax:2;Cast:7;Concat:2;Div:2;Einsum:2;Equal:3;Gather:2;MaxPool:1;Mod:4;Mul:1;Not:1;Or:1;Pad:1;ReduceMax:2;Reshape:6;Slice:3;Where:4,-18,False,False,
task154,E:\kagglegolf\submissions\candidates\GOLF_20260712_102_submission5_plus_c22\onnx\task154.onnx,E:\kongming\NGC-work\workplace C\neurogolf-2026-work\data\external\neurogolf7300_archive\onnx\task154.onnx,True,task154,True,True,266,266,0,2581,98,2679,17.10680113045539,3733,7b40abef1673818c738f89fdaea726928d9b1fbafe0f05c5b940b93ba499529a,,32,27,Cast:7;Concat:2;Equal:1;Gather:2;Max:1;Pad:4;ReduceMax:2;Slice:7;Where:6,task154,True,True,266,266,0,2581,98,2679,17.10680113045539,3733,7b40abef1673818c738f89fdaea726928d9b1fbafe0f05c5b940b93ba499529a,,32,27,Cast:7;Concat:2;Equal:1;Gather:2;Max:1;Pad:4;ReduceMax:2;Slice:7;Where:6,0,False,False,
task155,E:\kagglegolf\submissions\candidates\GOLF_20260712_102_submission5_plus_c22\onnx\task155.onnx,E:\kongming\NGC-work\workplace C\neurogolf-2026-work\data\external\neurogolf7300_archive\onnx\task155.onnx,True,task155,True,True,266,266,0,136,2,138,20.072746314842796,593,0faf6dbc5525fca74bf5f2e0335d3a0691b1edcd44f0463c4c8148d20e1fd979,,6,2,Add:1;Cast:1;Gather:1;Range:1;ReduceL2:1;Sub:1,task155,True,True,266,266,0,136,2,138,20.072746314842796,593,0faf6dbc5525fca74bf5f2e0335d3a0691b1edcd44f0463c4c8148d20e1fd979,,6,2,Add:1;Cast:1;Gather:1;Range:1;ReduceL2:1;Sub:1,0,False,False,
task157,E:\kagglegolf\submissions\candidates\GOLF_20260712_102_submission5_plus_c22\onnx\task157.onnx,E:\kongming\NGC-work\workplace C\neurogolf-2026-work\data\external\neurogolf7300_archive\onnx\task157.onnx,True,task157,True,True,265,265,0,6567,256,6823,16.171945463184578,39134,4a6254c1ad16977b28c2f462b8fd9834ff26d30d688ebcb99f4bec4631944ca0,,489,48,Add:33;And:59;ArgMax:15;Cast:55;Concat:27;Div:10;Equal:9;Gather:50;Greater:28;Less:4;Mul:12;Not:3;Or:17;Pad:20;ReduceMax:5;ReduceSum:15;Reshape:25;ScatterElements:4;Slice:37;Split:4;Squeeze:2;Sub:6;TopK:2;Transpose:1;Unsqueeze:27;Where:18;Xor:1,task157,True,True,265,265,0,3847,192,4039,16.696247584436588,12953,14f7ecf0fa38c088cdaeed1d5f142bcf04082d4d54600159f2e7e05fa3a7cc6a,,132,28,Add:4;ArgMax:11;BitwiseOr:3;BitwiseXor:3;Cast:6;Concat:6;Equal:4;Gather:29;GatherND:13;Greater:1;MaxPool:4;Mul:7;Pad:13;QLinearConv:4;ReduceMax:11;Slice:2;Squeeze:3;Sub:1;Where:7,2784,True,True,
task158,E:\kagglegolf\submissions\candidates\GOLF_20260712_102_submission5_plus_c22\onnx\task158.onnx,E:\kongming\NGC-work\workplace C\neurogolf-2026-work\data\external\neurogolf7300_archive\onnx\task158.onnx,True,task158,True,True,266,266,0,24810,1440,26250,14.82457873198023,10869,a5bb72a11bc388ac72283fdc2ba8c1c7c567ea2902e038abb64a168ace212c85,,71,45,Add:1;ArgMax:3;Cast:5;Concat:2;Conv:1;Equal:9;Gather:10;Greater:3;Max:1;Min:1;Not:1;Or:1;Pad:1;QLinearConv:10;ReduceSum:1;Reshape:4;Resize:2;Slice:5;Unsqueeze:1;Where:9,task158,True,True,266,266,0,17884,676,18560,15.171235993659808,6357,b3be1ca261dfb2a6c499594461c0036280f0e05e0c233ba9e7126874bad8f32b,,57,34,Add:1;ArgMax:3;Cast:9;Concat:2;Conv:1;Equal:5;Gather:9;Max:2;MaxPool:1;OneHot:1;Pad:1;QLinearConv:9;ReduceSum:1;Reshape:3;Resize:2;Slice:1;Sub:1;Unsqueeze:2;Where:3,7690,True,True,
task159,E:\kagglegolf\submissions\candidates\GOLF_20260712_102_submission5_plus_c22\onnx\task159.onnx,E:\kongming\NGC-work\workplace C\neurogolf-2026-work\data\external\neurogolf7300_archive\onnx\task159.onnx,True,task159,True,True,265,265,0,1419,149,1568,17.642443799089648,3358,9d38af3859f9df7b0fcac238d0bc67c549ea995f3cc6eaea41824310b9f84e70,,33,18,Add:2;Cast:6;Concat:1;Div:2;Einsum:5;Equal:1;Gather:3;Log:2;Mul:2;Pad:3;Slice:1;Sub:3;Unsqueeze:1;Where:1,task159,True,True,265,265,0,1419,149,1568,17.642443799089648,3358,9d38af3859f9df7b0fcac238d0bc67c549ea995f3cc6eaea41824310b9f84e70,,33,18,Add:2;Cast:6;Concat:1;Div:2;Einsum:5;Equal:1;Gather:3;Log:2;Mul:2;Pad:3;Slice:1;Sub:3;Unsqueeze:1;Where:1,0,False,False,
task160,E:\kagglegolf\submissions\candidates\GOLF_20260712_102_submission5_plus_c22\onnx\task160.onnx,E:\kongming\NGC-work\workplace C\neurogolf-2026-work\data\external\neurogolf7300_archive\onnx\task160.onnx,True,task160,True,True,265,265,0,1164,170,1334,17.804062773524432,1376,4009d245574a3c5628037d425de0c5e9c4bf45e9d091aff99f67916c50eca6c3,,7,10,Cast:1;Concat:1;MaxPool:1;QLinearConv:3;Slice:1,task160,True,True,265,265,0,1164,170,1334,17.804062773524432,1376,4009d245574a3c5628037d425de0c5e9c4bf45e9d091aff99f67916c50eca6c3,,7,10,Cast:1;Concat:1;MaxPool:1;QLinearConv:3;Slice:1,0,False,False,
task164,E:\kagglegolf\submissions\candidates\GOLF_20260712_102_submission5_plus_c22\onnx\task164.onnx,E:\kongming\NGC-work\workplace C\neurogolf-2026-work\data\external\neurogolf7300_archive\onnx\task164.onnx,True,task164,True,True,267,267,0,0,30,30,21.598802618337846,479,250771b94d3db4658d4ac04e3bd9a0740f2af0f3aba0bb9b5df4d6181bb470d4,,1,1,Gather:1,task164,True,True,267,267,0,0,30,30,21.598802618337846,479,250771b94d3db4658d4ac04e3bd9a0740f2af0f3aba0bb9b5df4d6181bb470d4,,1,1,Gather:1,0,False,False,
task165,E:\kagglegolf\submissions\candidates\GOLF_20260712_102_submission5_plus_c22\onnx\task165.onnx,E:\kongming\NGC-work\workplace C\neurogolf-2026-work\data\external\neurogolf7300_archive\onnx\task165.onnx,True,task165,True,True,265,265,0,4370,158,4528,16.58196438011698,2380,cc57855f0825404a1174fc03fc801e476a38d154aa4b72d6010032fe6c599b27,,36,21,Add:4;ArgMax:3;Cast:6;Concat:2;Conv:1;Equal:2;GatherND:1;Greater:3;Pad:1;QLinearConv:1;ReduceMax:4;Reshape:2;Slice:1;Where:5,task165,True,True,265,265,0,4370,162,4532,16.5810813778521,2278,c50cc2a83191dcc4253398e105fdb1a93278686f36d1c0ad973780e783faee14,,36,19,Add:4;ArgMax:3;Cast:6;Concat:2;Conv:1;Equal:2;GatherND:1;Greater:3;Pad:1;QLinearConv:1;ReduceMax:4;Reshape:2;Slice:1;Where:5,-4,False,False,
task166,E:\kagglegolf\submissions\candidates\GOLF_20260712_102_submission5_plus_c22\onnx\task166.onnx,E:\kongming\NGC-work\workplace C\neurogolf-2026-work\data\external\neurogolf7300_archive\onnx\task166.onnx,True,task166,True,True,266,266,0,0,24,24,21.821946169652055,352,5b27fd62c7975ee02404cfb956fcf535d40fba52b6f0b09987d88c744fe4ede8,,1,2,Einsum:1,task166,True,True,266,266,0,0,24,24,21.821946169652055,352,5b27fd62c7975ee02404cfb956fcf535d40fba52b6f0b09987d88c744fe4ede8,,1,2,Einsum:1,0,False,False,
task167,E:\kagglegolf\submissions\candidates\GOLF_20260712_102_submission5_plus_c22\onnx\task167.onnx,E:\kongming\NGC-work\workplace C\neurogolf-2026-work\data\external\neurogolf7300_archive\onnx\task167.onnx,True,task167,True,True,268,268,0,18,128,146,20.016393378291664,847,e9b26cbc8bf2c2bf3a198186c75383cb3cc1b6aa3710c7c0e91eae7c49784a4d,,6,4,Cast:2;Concat:1;Einsum:3,task167,True,True,268,268,0,55,20,75,20.68251188646369,449,8eed41c53ef36cb09a52800dcefd1993c6d73394314b4262bd06b20740b1faa2,,6,3,BitShift:1;BitwiseAnd:1;Cast:1;ConvInteger:1;GlobalMaxPool:1;ReduceSum:1,71,True,True,
task173,E:\kagglegolf\submissions\candidates\GOLF_20260712_102_submission5_plus_c22\onnx\task173.onnx,E:\kongming\NGC-work\workplace C\neurogolf-2026-work\data\external\neurogolf7300_archive\onnx\task173.onnx,False,task173,True,True,266,266,0,13307,76,13383,15.498259476203625,4073,804b575ba69cd27c923f1e2fe031438bd3e3a50ea0725310cea6f4e3584b494e,,98,26,Add:10;And:6;Cast:15;Concat:2;Conv:1;Equal:11;Expand:1;Gather:18;Greater:5;Max:2;Or:1;ReduceMax:2;Reshape:4;ScatterElements:5;TopK:3;Unsqueeze:2;Where:10,,,,,,,,,,,,,,,,,,,,missing_archive
task178,E:\kagglegolf\submissions\candidates\GOLF_20260712_102_submission5_plus_c22\onnx\task178.onnx,E:\kongming\NGC-work\workplace C\neurogolf-2026-work\data\external\neurogolf7300_archive\onnx\task178.onnx,True,task178,True,True,268,268,0,702,60,762,18.364053444313353,4598,66e61c74de60b59862917174af88c27556867a02d2fde541244f71c6f2812294,,35,19,And:2;Cast:6;Concat:1;Conv:2;Equal:3;Gather:2;Not:2;Pad:1;ReduceMax:1;Reshape:3;Slice:6;TopK:1;Where:5,task178,True,True,268,268,0,702,60,762,18.364053444313353,4598,66e61c74de60b59862917174af88c27556867a02d2fde541244f71c6f2812294,,35,19,And:2;Cast:6;Concat:1;Conv:2;Equal:3;Gather:2;Not:2;Pad:1;ReduceMax:1;Reshape:3;Slice:6;TopK:1;Where:5,0,False,False,
task180,E:\kagglegolf\submissions\candidates\GOLF_20260712_102_submission5_plus_c22\onnx\task180.onnx,E:\kongming\NGC-work\workplace C\neurogolf-2026-work\data\external\neurogolf7300_archive\onnx\task180.onnx,True,task180,True,True,268,268,0,0,210,210,19.65289246928253,1110,40910c472a459cc9c5bb649650df59db214116c5b2f43029040bd721b00c8ac3,,1,2,Conv:1,task180,True,True,268,268,0,0,210,210,19.65289246928253,1110,40910c472a459cc9c5bb649650df59db214116c5b2f43029040bd721b00c8ac3,,1,2,Conv:1,0,False,False,
task182,E:\kagglegolf\submissions\candidates\GOLF_20260712_102_submission5_plus_c22\onnx\task182.onnx,E:\kongming\NGC-work\workplace C\neurogolf-2026-work\data\external\neurogolf7300_archive\onnx\task182.onnx,True,task182,True,True,267,267,0,6024,71,6095,16.28477595808463,2135,d52fe5f210be17ee30353ed473d10acfc60bcff05936bbb1f6dfc9d3aa604217,,32,16,Add:5;And:1;ArgMax:2;AveragePool:2;Cast:7;Concat:1;Conv:1;Equal:2;Greater:1;GreaterOrEqual:1;MaxPool:1;Pad:1;QLinearConv:1;ReduceSum:1;Reshape:2;Slice:2;Where:1,task182,True,True,267,267,0,6024,71,6095,16.28477595808463,2135,d52fe5f210be17ee30353ed473d10acfc60bcff05936bbb1f6dfc9d3aa604217,,32,16,Add:5;And:1;ArgMax:2;AveragePool:2;Cast:7;Concat:1;Conv:1;Equal:2;Greater:1;GreaterOrEqual:1;MaxPool:1;Pad:1;QLinearConv:1;ReduceSum:1;Reshape:2;Slice:2;Where:1,0,False,False,
task190,E:\kagglegolf\submissions\candidates\GOLF_20260712_102_submission5_plus_c22\onnx\task190.onnx,E:\kongming\NGC-work\workplace C\neurogolf-2026-work\data\external\neurogolf7300_archive\onnx\task190.onnx,True,task190,True,True,266,266,0,2180,245,2425,17.206413196628418,2098,416c2c2843171e6f31d27b1bba6ce8d3249d3365f3fb925a767b9b8c80e35188,,16,16,Cast:2;Max:1;MaxPool:1;Mul:1;Pad:1;QLinearConv:8;Slice:1;Where:1,task190,True,True,266,266,0,1610,46,1656,17.587839665054794,2167,4f8517b2904e99d8523a7d70fd608d1a78b709a00b1cb40b52198f151dcdd6bc,,41,14,Add:10;ArgMin:2;Cast:6;Concat:2;Equal:2;Flatten:1;Less:1;MaxPool:1;Or:1;Pad:1;ReduceMin:2;Slice:3;Split:1;Sub:4;Where:4,769,True,True,
task193,E:\kagglegolf\submissions\candidates\GOLF_20260712_102_submission5_plus_c22\onnx\task193.onnx,E:\kongming\NGC-work\workplace C\neurogolf-2026-work\data\external\neurogolf7300_archive\onnx\task193.onnx,True,task193,True,True,266,266,0,0,170,170,19.864201562949738,941,641648fe09e7f7d4de64f891e40baec4113fe64798d985cb167ac4ea03ab3ba1,,1,2,Conv:1,task193,True,True,266,266,0,0,910,910,18.186555400489105,3824,aa6ac89cbc5b59e6f71dd2f4e7044320f9783b3b6da247d95e9672baf2d19256,,1,2,Conv:1,-740,False,False,
task194,E:\kagglegolf\submissions\candidates\GOLF_20260712_102_submission5_plus_c22\onnx\task194.onnx,E:\kongming\NGC-work\workplace C\neurogolf-2026-work\data\external\neurogolf7300_archive\onnx\task194.onnx,True,task194,True,True,266,266,0,900,49,949,18.14459120139007,745,a92b0a7856fd6bb7a78a37bae87ca34056df87dc129ed8007a23bd6f7def1829,,5,6,Cast:1;Gather:1;Pad:1;Reshape:1;Slice:1,task194,True,True,266,266,0,900,49,949,18.14459120139007,745,a92b0a7856fd6bb7a78a37bae87ca34056df87dc129ed8007a23bd6f7def1829,,5,6,Cast:1;Gather:1;Pad:1;Reshape:1;Slice:1,0,False,False,
task200,E:\kagglegolf\submissions\candidates\GOLF_20260712_102_submission5_plus_c22\onnx\task200.onnx,E:\kongming\NGC-work\workplace C\neurogolf-2026-work\data\external\neurogolf7300_archive\onnx\task200.onnx,True,task200,True,True,84,84,0,420,203,623,18.565453481212547,1326,1e529cfaf059e7c37000455e34dd4715ac501ef5ca1312b6a43ba5a3d3fdc68c,,7,7,Cast:2;Concat:1;Conv:2;Einsum:1;ReduceMax:1,task200,True,True,84,84,0,420,203,623,18.565453481212547,1326,1e529cfaf059e7c37000455e34dd4715ac501ef5ca1312b6a43ba5a3d3fdc68c,,7,7,Cast:2;Concat:1;Conv:2;Einsum:1;ReduceMax:1,0,False,False,
task201,E:\kagglegolf\submissions\candidates\GOLF_20260712_102_submission5_plus_c22\onnx\task201.onnx,E:\kongming\NGC-work\workplace C\neurogolf-2026-work\data\external\neurogolf7300_archive\onnx\task201.onnx,True,task201,True,True,266,266,0,2876,137,3013,16.9893084608697,4629,9614d093fd95f4c838c0d5e024bd0e2fd8451cfbc8eaab01fc0976ada04fc03f,,62,27,Add:3;And:4;ArgMax:6;Cast:3;Conv:1;Einsum:2;Equal:4;Gather:7;Greater:1;Less:1;LessOrEqual:6;Max:1;Min:4;Or:2;Pad:2;ReduceMax:3;Sub:3;Where:9,task201,True,True,266,266,0,2876,170,3046,16.978415466544895,4749,1584a54f95d813b040a8915c77e14f9522eb2e4e0bfa70d2562563fef1198f48,,62,25,Add:3;And:4;ArgMax:6;Cast:3;Conv:1;Einsum:2;Equal:4;Gather:7;Greater:1;Less:1;LessOrEqual:6;Max:1;Min:4;Or:2;Pad:2;ReduceMax:3;Sub:3;Where:9,-33,False,False,
task203,E:\kagglegolf\submissions\candidates\GOLF_20260712_102_submission5_plus_c22\onnx\task203.onnx,E:\kongming\NGC-work\workplace C\neurogolf-2026-work\data\external\neurogolf7300_archive\onnx\task203.onnx,True,task203,True,True,267,267,0,352,3,355,19.127882210524582,520,30fac90ee11cfd61f56c78078cc9ba228dfc6349f833c611e4361662e16884c1,,10,2,Add:1;ArgMax:1;Cast:2;Equal:1;Gather:1;ReduceMax:1;ReduceSum:1;Sub:1;Transpose:1,task203,True,True,267,267,0,194,22,216,19.624721592315836,602,45f547e4ec9b55f592b273d418dfa6304c0efea40015d1964ded0b64e60957a8,,9,4,Cast:2;Gather:2;QuantizeLinear:1;ReduceL1:1;ReduceMax:1;ScatterElements:1;Sub:1,139,True,True,
task217,E:\kagglegolf\submissions\candidates\GOLF_20260712_102_submission5_plus_c22\onnx\task217.onnx,E:\kongming\NGC-work\workplace C\neurogolf-2026-work\data\external\neurogolf7300_archive\onnx\task217.onnx,True,task217,True,True,266,266,0,1429,41,1470,17.70698232022722,1049,6f702690e2769bff117871d891c2ac5e79d2b017f0cb48ba289a20b3f6c472a7,,13,7,And:1;Cast:1;Conv:1;Equal:1;Less:1;Pad:2;ReduceMax:1;Reshape:1;Unsqueeze:2;Where:2,task217,True,True,266,266,0,1429,41,1470,17.70698232022722,1049,6f702690e2769bff117871d891c2ac5e79d2b017f0cb48ba289a20b3f6c472a7,,13,7,And:1;Cast:1;Conv:1;Equal:1;Less:1;Pad:2;ReduceMax:1;Reshape:1;Unsqueeze:2;Where:2,0,False,False,
task219,E:\kagglegolf\submissions\candidates\GOLF_20260712_102_submission5_plus_c22\onnx\task219.onnx,E:\kongming\NGC-work\workplace C\neurogolf-2026-work\data\external\neurogolf7300_archive\onnx\task219.onnx,True,task219,True,True,265,265,0,8633,82,8715,15.92719904204588,9609,b90add754f9a616658023f986e451508b8e06b4b471ac78d9edb79c720f19f71,,197,30,Add:14;ArgMax:15;Cast:25;Concat:11;CumSum:1;Equal:6;Gather:23;Max:6;Mul:22;Pad:7;ReduceMax:7;ReduceSum:14;Reshape:1;Slice:6;Squeeze:7;Sub:8;Unsqueeze:24,task219,True,True,265,265,0,8633,82,8715,15.92719904204588,9609,b90add754f9a616658023f986e451508b8e06b4b471ac78d9edb79c720f19f71,,197,30,Add:14;ArgMax:15;Cast:25;Concat:11;CumSum:1;Equal:6;Gather:23;Max:6;Mul:22;Pad:7;ReduceMax:7;ReduceSum:14;Reshape:1;Slice:6;Squeeze:7;Sub:8;Unsqueeze:24,0,False,False,
task221,E:\kagglegolf\submissions\candidates\GOLF_20260712_102_submission5_plus_c22\onnx\task221.onnx,E:\kongming\NGC-work\workplace C\neurogolf-2026-work\data\external\neurogolf7300_archive\onnx\task221.onnx,True,task221,True,True,267,267,0,451,354,805,18.309157722581435,3577,527a22df4e93f511f99ed3a1e79693dd41c2de4bab082b6f2b8a40c4c351ac12,,24,12,Cast:4;Concat:4;Div:1;Einsum:1;Equal:2;Floor:1;Less:4;Mul:1;ReduceMax:1;ReduceSum:1;Slice:1;Sub:3,task221,True,True,267,267,0,451,354,805,18.309157722581435,3577,527a22df4e93f511f99ed3a1e79693dd41c2de4bab082b6f2b8a40c4c351ac12,,24,12,Cast:4;Concat:4;Div:1;Einsum:1;Equal:2;Floor:1;Less:4;Mul:1;ReduceMax:1;ReduceSum:1;Slice:1;Sub:3,0,False,False,
task224,E:\kagglegolf\submissions\candidates\GOLF_20260712_102_submission5_plus_c22\onnx\task224.onnx,E:\kongming\NGC-work\workplace C\neurogolf-2026-work\data\external\neurogolf7300_archive\onnx\task224.onnx,True,task224,True,True,266,266,0,1800,76,1876,17.46310287043383,2000,a06a16484d0d100d0d962c6b1ff01e3395147e29b54559c88bd04236395c6a52,,42,19,Cast:8;Einsum:2;Equal:2;Greater:3;Less:2;Min:3;Pad:2;ReduceMax:2;ReduceMin:2;ReduceSum:1;Reshape:2;Slice:2;Sub:6;Where:5,task224,True,True,266,266,0,1508,44,1552,17.652700299256836,1707,19dc5eb3d8d60488e06a9eb8077fe28def5570ed6db2af3524f283a5e3053894,,33,8,ArgMax:4;Cast:6;Einsum:3;Equal:2;Greater:1;LessOrEqual:2;Mod:2;Pad:2;Sub:6;Where:5,324,True,True,
task225,E:\kagglegolf\submissions\candidates\GOLF_20260712_102_submission5_plus_c22\onnx\task225.onnx,E:\kongming\NGC-work\workplace C\neurogolf-2026-work\data\external\neurogolf7300_archive\onnx\task225.onnx,True,task225,True,True,265,265,0,926,105,1031,18.06171551598304,3719,3a79af740af49d322484607191c5af888b47836cacfb9b32dc11bb59335b099e,,27,13,Add:4;ArgMin:2;Cast:3;Concat:2;Conv:1;Equal:1;Flatten:1;Gather:4;Pad:1;ReduceMin:2;Slice:2;Squeeze:2;Unsqueeze:2,task225,True,True,265,265,0,0,363,363,19.105597165735148,1854,682e08ff319c04ab4d5b8b7e89294895559525a24f8a29f4167afc3e4754e610,,1,6,Einsum:1,668,True,True,
task226,E:\kagglegolf\submissions\candidates\GOLF_20260712_102_submission5_plus_c22\onnx\task226.onnx,E:\kongming\NGC-work\workplace C\neurogolf-2026-work\data\external\neurogolf7300_archive\onnx\task226.onnx,True,task226,True,True,133,133,0,1513,21,1534,17.664366018072798,1979,77e1c631c2b9911bc62588db803675cc349c7714f5e95fa8549b6f75dbd1447a,,36,5,Cast:2;Concat:7;Max:2;Mul:15;Pad:1;Slice:2;Split:2;Sub:5,task226,True,True,133,133,0,1513,21,1534,17.664366018072798,1979,77e1c631c2b9911bc62588db803675cc349c7714f5e95fa8549b6f75dbd1447a,,36,5,Cast:2;Concat:7;Max:2;Mul:15;Pad:1;Slice:2;Split:2;Sub:5,0,False,False,
task229,E:\kagglegolf\submissions\candidates\GOLF_20260712_102_submission5_plus_c22\onnx\task229.onnx,E:\kongming\NGC-work\workplace C\neurogolf-2026-work\data\external\neurogolf7300_archive\onnx\task229.onnx,True,task229,True,True,267,267,0,0,200,200,19.701682633451963,1011,4e56449b9c745647452dac693c2c5e05ac04a738c3178e6b3f5af0e88001f80c,,1,2,Einsum:1,task229,True,True,267,267,0,80,100,180,19.807043149109788,812,1bf0d1ce0adb7faed67a410fb441cbb55ec04af37f8edd9742a43a8257f08938,,3,1,Einsum:2;MeanVarianceNormalization:1,20,True,True,
task230,E:\kagglegolf\submissions\candidates\GOLF_20260712_102_submission5_plus_c22\onnx\task230.onnx,E:\kongming\NGC-work\workplace C\neurogolf-2026-work\data\external\neurogolf7300_archive\onnx\task230.onnx,True,task230,True,True,266,266,0,0,460,460,18.86877351051686,2087,6d09556bda497a99672ed1654ae04eaed72f7e155dccfd0221d0485d19fa96ab,,1,2,Conv:1,task230,True,True,266,266,0,0,900,900,18.197605236675688,3775,264f6d16a7028d7a07c0ed29e2018e0786f390f4d6cb69c04aeede59566aed4a,,1,1,Conv:1,-440,False,False,
task232,E:\kagglegolf\submissions\candidates\GOLF_20260712_102_submission5_plus_c22\onnx\task232.onnx,E:\kongming\NGC-work\workplace C\neurogolf-2026-work\data\external\neurogolf7300_archive\onnx\task232.onnx,True,task232,True,True,266,266,0,0,1410,1410,17.748655016627787,5840,c9080306bbd1480dd44632366298265f141732323a7ec95175626cd70d7baa74,,1,2,Conv:1,task232,True,True,266,266,0,0,1410,1410,17.748655016627787,5840,c9080306bbd1480dd44632366298265f141732323a7ec95175626cd70d7baa74,,1,2,Conv:1,0,False,False,
task236,E:\kagglegolf\submissions\candidates\GOLF_20260712_102_submission5_plus_c22\onnx\task236.onnx,E:\kongming\NGC-work\workplace C\neurogolf-2026-work\data\external\neurogolf7300_archive\onnx\task236.onnx,True,task236,True,True,267,267,0,96,30,126,20.163718093048523,587,b422d6b5c34a300040bd2268aef0d31544cd33ec7c4a233438e9c0f6b598d9d1,,4,2,Cast:1;ConvInteger:1;ConvTranspose:1;Shrink:1,task236,True,True,267,267,0,96,30,126,20.163718093048523,587,b422d6b5c34a300040bd2268aef0d31544cd33ec7c4a233438e9c0f6b598d9d1,,4,2,Cast:1;ConvInteger:1;ConvTranspose:1;Shrink:1,0,False,False,
task237,E:\kagglegolf\submissions\candidates\GOLF_20260712_102_submission5_plus_c22\onnx\task237.onnx,E:\kongming\NGC-work\workplace C\neurogolf-2026-work\data\external\neurogolf7300_archive\onnx\task237.onnx,True,task237,True,True,266,266,0,1580,136,1716,17.552248719952093,4845,e248426937a1e785195d47bf1e66fc6ab09b7b30e24b5988abecb6515cd37ae6,,35,23,Cast:9;Concat:1;Conv:1;Equal:1;Less:1;Max:1;Mod:1;Pad:4;ReduceMax:3;Slice:4;Unsqueeze:1;Where:7;Xor:1,task237,True,True,266,266,0,108,617,725,18.413828345145326,2849,6f7bfabe83cacf536476b367457edbbbb4cadac685377c305153018e9f030d9c,,3,5,Conv:1;Einsum:2,991,True,True,
task243,E:\kagglegolf\submissions\candidates\GOLF_20260712_102_submission5_plus_c22\onnx\task243.onnx,E:\kongming\NGC-work\workplace C\neurogolf-2026-work\data\external\neurogolf7300_archive\onnx\task243.onnx,True,task243,True,True,265,265,0,10306,410,10716,15.7205067693355,118561,0c194d90d37eecf851d3d21c1f27655e9a2eed00a06adab47a43d38c7d450f60,,1893,30,BitShift:533;BitwiseAnd:657;BitwiseOr:652;Cast:4;Concat:2;Conv:1;Gather:38;Greater:3;Pad:1;Slice:1;Where:1,task243,True,True,265,265,0,10298,412,10710,15.721066836558206,118393,3aed6d390361ae06f368fac0be535fc9c32480dd44a9eae8e039356b9828d915,,1891,29,BitShift:532;BitwiseAnd:656;BitwiseOr:652;Cast:4;Concat:2;Conv:1;Gather:38;Greater:3;Pad:1;Slice:1;Where:1,6,True,True,
task246,E:\kagglegolf\submissions\candidates\GOLF_20260712_102_submission5_plus_c22\onnx\task246.onnx,E:\kongming\NGC-work\workplace C\neurogolf-2026-work\data\external\neurogolf7300_archive\onnx\task246.onnx,True,task246,True,True,266,266,0,1952,114,2066,17.366630350320417,2599,acfef9626c868fb48ca5ed18190fc65afe8dc36a63cafbe5d46011d64e2ea1a6,,28,12,And:4;Cast:2;Einsum:2;Equal:2;Greater:2;Less:2;Max:2;Min:2;Or:2;Pad:1;Reshape:2;Slice:4;Where:1,task246,True,True,266,266,0,1182,92,1274,17.850083163867893,1709,348a4d97aefeb91ec5f54dffccbf89a9866a15f3c0e3b4047d12358599750f1e,,28,8,And:2;Cast:5;Einsum:4;Equal:2;Greater:1;Less:4;Max:2;Min:2;Pad:2;Where:4,792,True,True,
task251,E:\kagglegolf\submissions\candidates\GOLF_20260712_102_submission5_plus_c22\onnx\task251.onnx,E:\kongming\NGC-work\workplace C\neurogolf-2026-work\data\external\neurogolf7300_archive\onnx\task251.onnx,True,task251,True,True,266,266,0,4320,195,4515,16.584839534148912,1823,df504e26fefe294fdd9f7bbaec7a43761037cc58bb0b26ea6eb5cabf0671ed9b,,26,6,Cast:2;Concat:1;Conv:1;Equal:2;MaxPool:8;Min:9;Pad:1;Sub:2,task251,True,True,266,266,0,2628,35,2663,17.11279141418607,1003,ccc7bbe90056b010ef94cdc25510741291a982145e35f72b67e6d7c995f7b91d,,11,8,Cast:1;Greater:1;MaxPool:4;Min:1;Pad:1;QLinearConv:1;Slice:1;Where:1,1852,True,True,
task252,E:\kagglegolf\submissions\candidates\GOLF_20260712_102_submission5_plus_c22\onnx\task252.onnx,E:\kongming\NGC-work\workplace C\neurogolf-2026-work\data\external\neurogolf7300_archive\onnx\task252.onnx,True,task252,True,True,266,266,0,0,180,180,19.807043149109788,918,62fd80cbff2e6fc88c76d8b647e96f0bd350ca79c5a5ca4c4f89277638fa3fca,,1,3,Einsum:1,task252,True,True,266,266,0,0,96,96,20.435651808532164,638,a1f3f79dbaaedf0d166898641b3b0d641b2376fce8bab3ac088b5c39667c2e57,,1,3,Einsum:1,84,True,True,
task256,E:\kagglegolf\submissions\candidates\GOLF_20260712_102_submission5_plus_c22\onnx\task256.onnx,E:\kongming\NGC-work\workplace C\neurogolf-2026-work\data\external\neurogolf7300_archive\onnx\task256.onnx,True,task256,True,True,266,266,0,2055,58,2113,17.344135982383943,1504,989c4fd9722c3cc5525b2790dbdc668e52e2bc959654065b45f5c98e120c6c2d,,22,14,Add:1;And:2;ArgMax:1;Cast:1;Concat:2;Equal:1;Greater:3;Less:2;Or:1;Pad:1;ReduceSum:1;Slice:4;Sub:1;Xor:1,task256,True,True,266,266,0,2055,59,2114,17.343662833569816,1527,3347efdee8da5dc83cb7da5c8e643fb3640a3bc4489655d198d0db4d0b2e7efb,,22,15,Add:1;And:2;ArgMax:1;Cast:1;Concat:2;Equal:1;Greater:3;Less:2;Or:1;Pad:1;ReduceSum:1;Slice:4;Sub:1;Xor:1,-1,False,False,
task263,E:\kagglegolf\submissions\candidates\GOLF_20260712_102_submission5_plus_c22\onnx\task263.onnx,E:\kongming\NGC-work\workplace C\neurogolf-2026-work\data\external\neurogolf7300_archive\onnx\task263.onnx,True,task263,True,True,267,267,0,554,116,670,18.49272228761499,4176,d6ab17ba68580d5d6013ace673e487b630880281ff5fd0fe0117150763c5e0ac,,38,11,And:1;ArgMax:1;Cast:7;Concat:5;Conv:2;Equal:3;Gather:3;Not:3;Pad:1;Slice:3;Split:1;Squeeze:2;Transpose:1;Unsqueeze:2;Where:3,task263,True,True,267,267,0,441,98,539,18.710284429091004,1903,ac809d749f6ae7d011d398e0f014b1a9abb0e459a5d3763ca1989110d0116b7f,,32,8,Add:1;Cast:4;Concat:1;Conv:2;Less:6;Or:3;Pad:1;Slice:1;Split:2;Squeeze:2;Where:9,131,True,True,
task264,E:\kagglegolf\submissions\candidates\GOLF_20260712_102_submission5_plus_c22\onnx\task264.onnx,E:\kongming\NGC-work\workplace C\neurogolf-2026-work\data\external\neurogolf7300_archive\onnx\task264.onnx,True,task264,True,True,265,265,0,940,1389,2329,17.24680573011566,8422,18f2b72ad00aadc4f909aaf0bfe9e5b9fcf568b8bd295f8c36e529b5b2f4a237,,20,12,Cast:8;Concat:1;Einsum:8;Equal:1;Gather:1;Pad:1,task264,True,True,265,265,0,940,1389,2329,17.24680573011566,8422,18f2b72ad00aadc4f909aaf0bfe9e5b9fcf568b8bd295f8c36e529b5b2f4a237,,20,12,Cast:8;Concat:1;Einsum:8;Equal:1;Gather:1;Pad:1,0,False,False,
task276,E:\kagglegolf\submissions\candidates\GOLF_20260712_102_submission5_plus_c22\onnx\task276.onnx,E:\kongming\NGC-work\workplace C\neurogolf-2026-work\data\external\neurogolf7300_archive\onnx\task276.onnx,True,task276,True,True,266,266,0,0,10,10,22.697414907005953,217,2a3e881ae92099c36f1955bdf96ca1e9f77a4ef3d1d3eb58c63eccc80a655c7e,,1,1,Gather:1,task276,True,True,266,266,0,0,10,10,22.697414907005953,217,2a3e881ae92099c36f1955bdf96ca1e9f77a4ef3d1d3eb58c63eccc80a655c7e,,1,1,Gather:1,0,False,False,
task278,E:\kagglegolf\submissions\candidates\GOLF_20260712_102_submission5_plus_c22\onnx\task278.onnx,E:\kongming\NGC-work\workplace C\neurogolf-2026-work\data\external\neurogolf7300_archive\onnx\task278.onnx,True,task278,True,True,265,265,0,4464,39,4503,16.58750087969843,795,1bdda62b18e59d0886467bbdb519f9b9daf66762cd739fc8b892e6b3fcb643c2,,10,9,Add:1;BitShift:1;BitwiseAnd:1;Conv:1;Equal:1;MaxPool:1;Min:1;Pad:1;QLinearConv:1;QuantizeLinear:1,task278,True,True,265,265,0,4464,41,4505,16.58705682995756,751,e009c00b12c7c4f3431b2067475df591f676847aecfb66291c10687e69500399,,10,8,Add:1;BitShift:1;BitwiseAnd:1;Conv:1;Equal:1;MaxPool:1;Min:1;Pad:1;QLinearConv:1;QuantizeLinear:1,-2,False,False,
task282,E:\kagglegolf\submissions\candidates\GOLF_20260712_102_submission5_plus_c22\onnx\task282.onnx,E:\kongming\NGC-work\workplace C\neurogolf-2026-work\data\external\neurogolf7300_archive\onnx\task282.onnx,True,task282,True,True,265,265,0,407,39,446,18.899681047979936,698,71f0dde46f0325c9b51eb1e9f10077f0a9f6ea3bc91e18f4c02fe74ffbfb7942,,4,7,Cast:1;QLinearConv:2;Slice:1,task282,True,True,265,265,0,407,39,446,18.899681047979936,698,71f0dde46f0325c9b51eb1e9f10077f0a9f6ea3bc91e18f4c02fe74ffbfb7942,,4,7,Cast:1;QLinearConv:2;Slice:1,0,False,False,
task284,E:\kagglegolf\submissions\candidates\GOLF_20260712_102_submission5_plus_c22\onnx\task284.onnx,E:\kongming\NGC-work\workplace C\neurogolf-2026-work\data\external\neurogolf7300_archive\onnx\task284.onnx,True,task284,True,True,266,266,0,2912,173,3085,16.96569306366051,3852,edf4e40995d5cff7952552ed0fbe7b56f4a40c0bafd65a2211f78d8426ce7126,,84,14,Add:20;ArgMax:6;Cast:12;Concat:10;Div:3;Einsum:2;Less:1;Mul:12;Pad:1;ScatterND:1;Slice:2;Squeeze:2;Sub:9;Unsqueeze:3,task284,True,True,266,266,0,2334,167,2501,17.17555406912238,5232,f56d4cd53f0e4dc9ef579a1917b0855a1e50164583152c1718980e46b6f26a19,,126,10,Add:15;BitShift:3;Cast:11;Concat:4;Div:2;Einsum:6;Min:3;Mul:3;ScatterND:1;Sqrt:1;Sub:17;Where:60,584,True,True,
task286,E:\kagglegolf\submissions\candidates\GOLF_20260712_102_submission5_plus_c22\onnx\task286.onnx,E:\kongming\NGC-work\workplace C\neurogolf-2026-work\data\external\neurogolf7300_archive\onnx\task286.onnx,True,task286,True,True,265,265,0,26064,815,26879,14.800899408435892,111654,f3ec7dfca6e4f41d2bfe9370abb09c640ab5b4bbc593e5e124351ed05ce530fd,,2393,46,Add:5;BitShift:712;BitwiseAnd:847;BitwiseOr:736;Cast:22;Concat:1;Conv:1;Equal:4;Gather:42;MatMulInteger:7;Mul:5;Pad:1;ReduceMax:2;Reshape:1;Where:5;Xor:2,task286,True,True,265,265,0,26064,845,26909,14.799783917876258,111759,ceafce58bfa44bf34800a994ae174a2364ea977310fb967ad145ed534489475a,,2393,46,Add:5;BitShift:712;BitwiseAnd:847;BitwiseOr:736;Cast:22;Concat:1;Conv:1;Equal:4;Gather:42;MatMulInteger:7;Mul:5;Pad:1;ReduceMax:2;Reshape:1;Where:5;Xor:2,-30,False,False,
task287,E:\kagglegolf\submissions\candidates\GOLF_20260712_102_submission5_plus_c22\onnx\task287.onnx,E:\kongming\NGC-work\workplace C\neurogolf-2026-work\data\external\neurogolf7300_archive\onnx\task287.onnx,True,task287,True,True,267,267,0,0,910,910,18.186555400489105,3827,0d4f96eb80efe39c46a91934171d89f353faeabefcc1942c6e767fb2d2079b0b,,1,2,Einsum:1,task287,True,True,267,267,0,0,190,190,19.752975927839515,1022,4d6d4d5aa45eccda3d1b31ee747cb6c7f862598eb3138401c41ef1055c64bd9b,,1,3,Einsum:1,720,True,True,
task292,E:\kagglegolf\submissions\candidates\GOLF_20260712_102_submission5_plus_c22\onnx\task292.onnx,E:\kongming\NGC-work\workplace C\neurogolf-2026-work\data\external\neurogolf7300_archive\onnx\task292.onnx,True,task292,True,True,28,28,0,0,80,80,20.61797336532612,499,f5dbb65451bb16d37f5e44041120e559dd95ac030ffb9d13dc5ac7c8850119d5,,1,2,Einsum:1,task292,True,True,28,28,0,0,80,80,20.61797336532612,499,f5dbb65451bb16d37f5e44041120e559dd95ac030ffb9d13dc5ac7c8850119d5,,1,2,Einsum:1,0,False,False,
task296,E:\kagglegolf\submissions\candidates\GOLF_20260712_102_submission5_plus_c22\onnx\task296.onnx,E:\kongming\NGC-work\workplace C\neurogolf-2026-work\data\external\neurogolf7300_archive\onnx\task296.onnx,True,task296,True,True,268,268,0,249,65,314,19.25060701409175,3893,5d67759a3a2da2950e431668a7a26c781b5b966139422e64672db145b6405158,,38,16,Cast:1;Concat:4;Div:1;Einsum:2;Equal:5;Or:7;Pad:1;Slice:4;Split:12;Where:1,task296,True,True,268,268,0,0,90,90,20.500190329669735,622,693013dcc574bbb81a7f85bba6da0389decacd5544f12162ba4c6858bc5a703e,,1,1,Conv:1,224,True,True,
task298,E:\kagglegolf\submissions\candidates\GOLF_20260712_102_submission5_plus_c22\onnx\task298.onnx,E:\kongming\NGC-work\workplace C\neurogolf-2026-work\data\external\neurogolf7300_archive\onnx\task298.onnx,True,task298,True,True,267,267,0,0,129,129,20.140187595638327,850,b65bb6c58a99813133ed2ca82eb6a77fc9241b5c218ae1d62b7a022e3f875902,,1,3,Einsum:1,task298,True,True,267,267,0,0,60,60,20.9056554377779,490,b57713b38953acb04fb1b577a09f66058f9a2059252f89287fc175b31a28689b,,1,1,Einsum:1,69,True,True,
task301,E:\kagglegolf\submissions\candidates\GOLF_20260712_102_submission5_plus_c22\onnx\task301.onnx,E:\kongming\NGC-work\workplace C\neurogolf-2026-work\data\external\neurogolf7300_archive\onnx\task301.onnx,True,task301,True,True,266,266,0,1077,64,1141,17.960339650137925,2061,5cbf98f6d33c2a080e6c00f6ff806e2907757abfe5282aa106ad0d34e95bff18,,21,13,Add:3;Cast:2;Concat:2;Div:1;Equal:1;Greater:1;Min:1;Pad:2;ReduceMax:1;ReduceSum:2;Slice:1;Sub:3;Where:1,task301,True,True,266,266,0,1077,64,1141,17.960339650137925,2061,5cbf98f6d33c2a080e6c00f6ff806e2907757abfe5282aa106ad0d34e95bff18,,21,13,Add:3;Cast:2;Concat:2;Div:1;Equal:1;Greater:1;Min:1;Pad:2;ReduceMax:1;ReduceSum:2;Slice:1;Sub:3;Where:1,0,False,False,
task302,E:\kagglegolf\submissions\candidates\GOLF_20260712_102_submission5_plus_c22\onnx\task302.onnx,E:\kongming\NGC-work\workplace C\neurogolf-2026-work\data\external\neurogolf7300_archive\onnx\task302.onnx,True,task302,True,True,266,266,0,1216,558,1774,17.519007837130474,1530,658ece7fa00a67d9339dc9fec84b7a9fb9152c41100f810d0c85e2fd84e9d3cd,,6,12,Cast:1;Concat:1;QLinearConv:3;Slice:1,task302,True,True,266,266,0,1216,558,1774,17.519007837130474,1530,658ece7fa00a67d9339dc9fec84b7a9fb9152c41100f810d0c85e2fd84e9d3cd,,6,12,Cast:1;Concat:1;QLinearConv:3;Slice:1,0,False,False,
task304,E:\kagglegolf\submissions\candidates\GOLF_20260712_102_submission5_plus_c22\onnx\task304.onnx,E:\kongming\NGC-work\workplace C\neurogolf-2026-work\data\external\neurogolf7300_archive\onnx\task304.onnx,True,task304,True,True,266,266,0,1080,240,1320,17.814612984419583,1954,72d162fc932fd212b6cb6758f55818e5e69cb93a74bae46049c9157c907bf137,,11,9,ArgMax:1;Cast:2;DepthToSpace:1;Einsum:2;Equal:2;Pad:1;Reshape:1;Where:1,task304,True,True,266,266,0,0,300,300,19.2962175253438,1593,33276d90fabe23c8b107ab4823b515e1f6f91e010712549c99ce85e44fd87807,,1,5,Einsum:1,1020,True,True,
task307,E:\kagglegolf\submissions\candidates\GOLF_20260712_102_submission5_plus_c22\onnx\task307.onnx,E:\kongming\NGC-work\workplace C\neurogolf-2026-work\data\external\neurogolf7300_archive\onnx\task307.onnx,True,task307,True,True,266,266,0,0,5,5,23.3905620875659,206,56955386dbd6988f9e27af533d96825185683e229ceaf0280793dea8c5d5b155,,1,1,MaxRoiPool:1,task307,True,True,266,266,0,0,5,5,23.3905620875659,206,56955386dbd6988f9e27af533d96825185683e229ceaf0280793dea8c5d5b155,,1,1,MaxRoiPool:1,0,False,False,
task311,E:\kagglegolf\submissions\candidates\GOLF_20260712_102_submission5_plus_c22\onnx\task311.onnx,E:\kongming\NGC-work\workplace C\neurogolf-2026-work\data\external\neurogolf7300_archive\onnx\task311.onnx,True,task311,True,True,266,266,0,0,30,30,21.598802618337846,479,250771b94d3db4658d4ac04e3bd9a0740f2af0f3aba0bb9b5df4d6181bb470d4,,1,1,Gather:1,task311,True,True,266,266,0,0,30,30,21.598802618337846,479,250771b94d3db4658d4ac04e3bd9a0740f2af0f3aba0bb9b5df4d6181bb470d4,,1,1,Gather:1,0,False,False,
task314,E:\kagglegolf\submissions\candidates\GOLF_20260712_102_submission5_plus_c22\onnx\task314.onnx,E:\kongming\NGC-work\workplace C\neurogolf-2026-work\data\external\neurogolf7300_archive\onnx\task314.onnx,True,task314,True,True,266,266,0,0,100,100,20.394829814011906,625,91294db3a76db1cf55efd0eeb6e6c475503684a7d282ec1b5611be5a48729242,,1,2,Conv:1,task314,True,True,266,266,0,0,100,100,20.394829814011906,625,91294db3a76db1cf55efd0eeb6e6c475503684a7d282ec1b5611be5a48729242,,1,2,Conv:1,0,False,False,
task315,E:\kagglegolf\submissions\candidates\GOLF_20260712_102_submission5_plus_c22\onnx\task315.onnx,E:\kongming\NGC-work\workplace C\neurogolf-2026-work\data\external\neurogolf7300_archive\onnx\task315.onnx,True,task315,True,True,266,266,0,0,230,230,19.561920691076804,1293,c949139725d6492da4802002e4608ce88f9bf8290d32c211dbf8e024a911102e,,1,4,Einsum:1,task315,True,True,266,266,0,0,230,230,19.561920691076804,1293,c949139725d6492da4802002e4608ce88f9bf8290d32c211dbf8e024a911102e,,1,4,Einsum:1,0,False,False,
task331,E:\kagglegolf\submissions\candidates\GOLF_20260712_102_submission5_plus_c22\onnx\task331.onnx,E:\kongming\NGC-work\workplace C\neurogolf-2026-work\data\external\neurogolf7300_archive\onnx\task331.onnx,True,task331,True,True,265,265,0,0,910,910,18.186555400489105,3836,159b7db4377d2a7d75a15aa8f84344e6d919741566944220da8f361aa1da572a,,1,2,Conv:1,task331,True,True,265,265,0,400,100,500,18.78539190157781,660,e923bcdc1ae6e86a044c3ca12ddf751a169c701f66820a5937a203b109fe2d80,,2,2,Conv:1;Slice:1,410,True,True,
task332,E:\kagglegolf\submissions\candidates\GOLF_20260712_102_submission5_plus_c22\onnx\task332.onnx,E:\kongming\NGC-work\workplace C\neurogolf-2026-work\data\external\neurogolf7300_archive\onnx\task332.onnx,True,task332,True,True,267,267,0,269,169,438,18.917781089623553,1715,fd653337b767b25136041a39cb31bbcd0365ce42ffbebba644784e1722707fe6,,10,14,Cast:1;Conv:1;Einsum:1;Equal:1;Greater:1;Mod:1;QLinearConv:1;Where:3,task332,True,True,267,267,0,0,80,80,20.61797336532612,529,9cc8f43825d9d730411e64532258029c695b5f5a6ff06bb543aca67424c81bf4,,1,2,Einsum:1,358,True,True,
task335,E:\kagglegolf\submissions\candidates\GOLF_20260712_102_submission5_plus_c22\onnx\task335.onnx,E:\kongming\NGC-work\workplace C\neurogolf-2026-work\data\external\neurogolf7300_archive\onnx\task335.onnx,True,task335,True,True,266,266,0,1170,154,1324,17.811587263503046,1828,93095b904883dada3456b9c8c6668937d05e115434f602c2b2b258ed92dc420c,,33,5,Add:2;And:2;Cast:2;Concat:2;Div:2;Einsum:8;Equal:4;Greater:2;Less:2;LessOrEqual:2;Max:2;Min:2;Or:1,task335,True,True,266,266,0,932,78,1010,18.082294390164694,1380,7ab1753a6d6407e1bd3f20115005d1a4bed20d0c51b4a00aa595cdd4bc0ad55c,,23,5,And:2;Cast:2;Concat:2;Einsum:5;Equal:2;GreaterOrEqual:2;LessOrEqual:2;Max:2;Min:2;Not:2,314,True,True,
task347,E:\kagglegolf\submissions\candidates\GOLF_20260712_102_submission5_plus_c22\onnx\task347.onnx,E:\kongming\NGC-work\workplace C\neurogolf-2026-work\data\external\neurogolf7300_archive\onnx\task347.onnx,True,task347,True,True,269,269,0,117,26,143,20.03715536974009,792,12d173701db38bc50e1a06fcbc76648c0009ea658f756c3fbba8fd1003a992c7,,5,4,Greater:1;MaxUnpool:1;Slice:2;Where:1,task347,True,True,269,269,0,117,26,143,20.03715536974009,792,12d173701db38bc50e1a06fcbc76648c0009ea658f756c3fbba8fd1003a992c7,,5,4,Greater:1;MaxUnpool:1;Slice:2;Where:1,0,False,False,
task349,E:\kagglegolf\submissions\candidates\GOLF_20260712_102_submission5_plus_c22\onnx\task349.onnx,E:\kongming\NGC-work\workplace C\neurogolf-2026-work\data\external\neurogolf7300_archive\onnx\task349.onnx,True,task349,True,True,267,267,0,11733,747,12480,15.56811735807658,2264,eba8b72bb8ab3374554fe8f6a8f2957a84cf2fe02f7c6821d43ecc27500eb5dc,,13,12,Cast:2;Equal:1;Gather:1;Max:1;MaxPool:1;Min:1;Mul:1;QLinearConv:2;ReduceMax:1;Transpose:1;Where:1,task349,True,True,267,267,0,13710,1182,14892,15.391420565007392,2664,f7ad5e72db458e26eadd854f4a334b40a15c5374cabd9a0b8b8254bceab71999,,13,11,Cast:2;Equal:1;Gather:1;Max:1;MaxPool:1;Min:1;Mul:1;QLinearConv:2;ReduceMax:1;Transpose:1;Where:1,-2412,False,False,
task351,E:\kagglegolf\submissions\candidates\GOLF_20260712_102_submission5_plus_c22\onnx\task351.onnx,E:\kongming\NGC-work\workplace C\neurogolf-2026-work\data\external\neurogolf7300_archive\onnx\task351.onnx,True,task351,True,True,265,265,0,1200,29,1229,17.886043890433967,990,91d5bee2ae4736b4512997b694aeea1262276bea276f76c91e520ed4e9a31cf8,,11,7,ArgMax:2;Cast:2;Concat:1;Einsum:2;Pad:1;Slice:1;Sub:2,task351,True,True,265,265,0,937,58,995,18.097257262841406,1200,c657e08a27228c68249ab34f4197ff9b3b7b27601b05a0a51c415384ded11a8c,,9,7,Add:1;Cast:3;Concat:1;Einsum:2;Pad:1;Slice:1,234,True,True,
task353,E:\kagglegolf\submissions\candidates\GOLF_20260712_102_submission5_plus_c22\onnx\task353.onnx,E:\kongming\NGC-work\workplace C\neurogolf-2026-work\data\external\neurogolf7300_archive\onnx\task353.onnx,True,task353,True,True,271,271,0,182,62,244,19.5028317747068,1438,aca31888d6a834f7b63c41dc1e48addce3f44ca64537d5351f9ba073bc41b18b,,17,5,Add:2;Cast:5;Concat:3;Einsum:4;ScatterND:1;Sign:2,task353,True,True,271,271,0,182,62,244,19.5028317747068,1438,aca31888d6a834f7b63c41dc1e48addce3f44ca64537d5351f9ba073bc41b18b,,17,5,Add:2;Cast:5;Concat:3;Einsum:4;ScatterND:1;Sign:2,0,False,False,
task356,E:\kagglegolf\submissions\candidates\GOLF_20260712_102_submission5_plus_c22\onnx\task356.onnx,E:\kongming\NGC-work\workplace C\neurogolf-2026-work\data\external\neurogolf7300_archive\onnx\task356.onnx,True,task356,True,True,266,266,0,1300,19,1319,17.815370847282686,1178,24e9acdd6b1002612e9f26807572e0509780a13c22a7502c9e67d7a87d69306c,,11,4,Add:1;Cast:1;ConvInteger:1;Max:1;MaxPool:4;Mul:2;Slice:1,task356,True,True,266,266,0,1200,20,1220,17.893393862272696,754,1292065051659c4c459876e2cb867d33b078633dc5b70777947a25006f3a98c7,,10,5,ConvInteger:1;Max:1;MaxPool:4;Min:2;QuantizeLinear:1;Slice:1,99,True,True,
task357,E:\kagglegolf\submissions\candidates\GOLF_20260712_102_submission5_plus_c22\onnx\task357.onnx,E:\kongming\NGC-work\workplace C\neurogolf-2026-work\data\external\neurogolf7300_archive\onnx\task357.onnx,True,task357,True,True,13,13,0,258,33,291,19.326676732828506,926,aa2e6a783ee448c5920f430044b4d60e7f1b24865562c676d93c8c3237168058,,13,6,Add:1;Cast:2;ConvInteger:1;Div:1;Equal:1;Greater:1;Min:1;Mod:1;ReduceSum:1;Sub:2;Where:1,task357,True,True,13,13,0,247,32,279,19.368788218178636,631,42ebe5e0ea08962858f8bd082f711a22b5996eea1510d58386b7f0e5e5f19d5c,,11,5,Add:1;Cast:1;ConvInteger:1;Less:1;Min:1;Mod:1;ReduceSum:1;Sub:3;Where:1,12,True,True,
task358,E:\kagglegolf\submissions\candidates\GOLF_20260712_102_submission5_plus_c22\onnx\task358.onnx,E:\kongming\NGC-work\workplace C\neurogolf-2026-work\data\external\neurogolf7300_archive\onnx\task358.onnx,True,task358,True,True,265,265,0,3641,157,3798,16.757770108627767,2819,f5fd5ba0f5d9b4520f86ea93fc857886a3d3b9dd621e6e1761a8a5d1e29e57c8,,54,13,Add:2;ArgMax:4;Cast:13;Div:1;Einsum:4;Equal:5;Gather:4;Greater:2;Less:2;Max:1;Mod:4;Pad:1;ReduceMax:1;ReduceSum:1;Sqrt:1;Sub:2;Where:6,task358,True,True,265,265,0,2495,89,2584,17.14290613509751,2296,284473aaa644ef5d3a1453d6785e4b2c55b0c31b4ce9fead320ce2559419a0b9,,35,14,Cast:8;Concat:2;Einsum:4;Equal:1;Greater:5;QLinearConv:4;QLinearMatMul:1;ReduceMax:1;Reshape:4;Where:4;Xor:1,1214,True,True,
task359,E:\kagglegolf\submissions\candidates\GOLF_20260712_102_submission5_plus_c22\onnx\task359.onnx,E:\kongming\NGC-work\workplace C\neurogolf-2026-work\data\external\neurogolf7300_archive\onnx\task359.onnx,True,task359,True,True,266,266,0,4269,13,4282,16.637824530850374,1605,1dcaae87acaad08619afc4b2c37cfb4ed59e0077c8dca0a9e364e47e1fbf54e9,,19,4,ArgMax:2;Cast:2;Equal:1;Greater:2;GreaterOrEqual:1;Max:1;ReduceMax:2;ReduceSum:4;Where:4,task359,True,True,266,266,0,4269,15,4284,16.63735756843236,1617,90845abfbbfb565e107a13896f223d53a39a45e948b5596ace983b8cc7033c5c,,19,6,ArgMax:2;Cast:2;Equal:1;Greater:2;GreaterOrEqual:1;Max:1;ReduceMax:2;ReduceSum:4;Where:4,-2,False,False,
task362,E:\kagglegolf\submissions\candidates\GOLF_20260712_102_submission5_plus_c22\onnx\task362.onnx,E:\kongming\NGC-work\workplace C\neurogolf-2026-work\data\external\neurogolf7300_archive\onnx\task362.onnx,True,task362,True,True,267,267,0,408,113,521,18.744249958246634,1825,b8dee60f7de2d1db2e86ca11973e26c3d298c74384cc798cba5bff359d29c3a8,,16,7,Add:1;Cast:3;Concat:1;Einsum:3;Equal:1;Gather:1;ReduceSum:1;ScatterElements:2;Sub:2;Unsqueeze:1,task362,True,True,267,267,0,40,81,121,20.20420945440326,1160,628facede3892e075158ac83c8f3d09092565d7120bee9204861e18d35e0916d,,9,5,Concat:2;Einsum:4;Gemm:1;Sub:1;Sum:1,400,True,True,
task363,E:\kagglegolf\submissions\candidates\GOLF_20260712_102_submission5_plus_c22\onnx\task363.onnx,E:\kongming\NGC-work\workplace C\neurogolf-2026-work\data\external\neurogolf7300_archive\onnx\task363.onnx,True,task363,True,True,265,265,0,3995,264,4259,16.643210330076787,2870,8b7911803134bf1542a6840b8a059b05384cc272ff3e94dd23208eb27fe95f1b,,51,21,Add:2;And:3;ArgMax:2;Cast:11;Concat:1;Conv:2;Equal:5;Gather:2;Greater:1;Max:1;Mul:2;Not:3;Or:2;Pad:2;ReduceMax:2;ReduceMin:2;ReduceSum:1;Reshape:4;Slice:3,task363,True,True,265,265,0,4001,283,4284,16.63735756843236,3130,993ed2e49657ad0d213afff704284101d86a3c3a79f539607b91ac88ee5ee0a0,,57,24,Add:2;And:3;ArgMax:2;Cast:13;Concat:1;Conv:2;Equal:7;Gather:2;Greater:1;Max:1;Mul:4;Not:3;Or:2;Pad:2;ReduceMax:2;ReduceMin:2;ReduceSum:1;Reshape:4;Slice:3,-25,False,False,
task364,E:\kagglegolf\submissions\candidates\GOLF_20260712_102_submission5_plus_c22\onnx\task364.onnx,E:\kongming\NGC-work\workplace C\neurogolf-2026-work\data\external\neurogolf7300_archive\onnx\task364.onnx,True,task364,True,True,266,266,0,14540,100,14640,15.408487212484697,2200,2d094d027b95b9f18477158e51c14e32b3d72d743acb552c57d180cfcaf6340e,,27,8,Add:1;Cast:1;Conv:1;ConvInteger:1;Equal:1;Gather:2;MaxPool:9;Mod:1;Mul:9;Pad:1,task364,True,True,266,266,0,14540,102,14642,15.408350609793413,2168,f19018a3101987f4fabfdbdb561c99040bced6864f2b2371c29618faca94c660,,27,7,Add:1;Cast:1;Conv:1;ConvInteger:1;Equal:1;Gather:2;MaxPool:9;Mod:1;Mul:9;Pad:1,-2,False,False,
task372,E:\kagglegolf\submissions\candidates\GOLF_20260712_102_submission5_plus_c22\onnx\task372.onnx,E:\kongming\NGC-work\workplace C\neurogolf-2026-work\data\external\neurogolf7300_archive\onnx\task372.onnx,True,task372,True,True,266,266,0,0,360,360,19.113895968549844,1687,24d7aee00fb81741252f5d3bc602f5059203a378cb3c0d70b1968dbea1aa3f4a,,1,2,Conv:1,task372,True,True,266,266,0,0,710,710,18.43473502996464,3057,e80771f0f7b8440f457c8ac7423250344ab4f757b18ce148c1bd5644377fc21a,,1,2,Conv:1,-350,False,False,
task373,E:\kagglegolf\submissions\candidates\GOLF_20260712_102_submission5_plus_c22\onnx\task373.onnx,E:\kongming\NGC-work\workplace C\neurogolf-2026-work\data\external\neurogolf7300_archive\onnx\task373.onnx,True,task373,True,True,75,75,0,0,60,60,20.9056554377779,453,8edd396f7ebbf71a21da16f7b09e414f2a8b583c9966d48216d566c4ed9c7c76,,1,2,Einsum:1,task373,True,True,75,75,0,0,30,30,21.598802618337846,334,2ab8f9622549f3016e1e6f21d2f3f83639880877ef89aef2695f9c202b967d0e,,1,1,Einsum:1,30,True,True,
task378,E:\kagglegolf\submissions\candidates\GOLF_20260712_102_submission5_plus_c22\onnx\task378.onnx,E:\kongming\NGC-work\workplace C\neurogolf-2026-work\data\external\neurogolf7300_archive\onnx\task378.onnx,True,task378,True,True,267,267,0,2974,113,3087,16.96504497549784,5067,ccce60c28c52e86800e297facf04b072e5fe9231875a163aa3fde1686fba59ce,,63,21,And:2;ArgMax:2;Cast:11;Div:3;Einsum:2;Equal:4;Floor:1;Gather:5;Greater:1;GreaterOrEqual:1;Less:3;Max:3;MaxPool:1;Mod:1;Mul:3;Or:1;Pad:1;ReduceSum:2;Reshape:1;Sqrt:1;Sub:8;Where:5;Xor:1,task378,True,True,267,267,0,1934,46,1980,17.40914787631142,2207,d9534edbbde94b6e0916add9f3488a6a7e13b27198b44a7d0a2ca501086a92e9,,54,9,Abs:2;Add:8;And:1;ArgMax:4;Cast:10;Einsum:4;Equal:4;Greater:1;Less:3;Or:1;Pad:3;ReduceL2:1;ReduceMax:1;Sign:2;Sub:4;Where:5,1107,True,True,
task381,E:\kagglegolf\submissions\candidates\GOLF_20260712_102_submission5_plus_c22\onnx\task381.onnx,E:\kongming\NGC-work\workplace C\neurogolf-2026-work\data\external\neurogolf7300_archive\onnx\task381.onnx,True,task381,True,True,265,265,0,1684,66,1750,17.532628933082442,1367,71df761292473fc054e8e7c68b568112e8da72af336cfc81b0ba5186166dcbf0,,10,11,And:2;GreaterOrEqual:2;Less:1;MatMul:2;Pad:1;Slice:1;Where:1,task381,True,True,265,265,0,1684,69,1753,17.530916115078767,1360,f869ed167b89a063fcd8e4c304ac7893944afec9009f6af7d5725a41cf080d8d,,10,11,And:2;GreaterOrEqual:2;Less:1;MatMul:2;Pad:1;Slice:1;Where:1,-3,False,False,
task382,E:\kagglegolf\submissions\candidates\GOLF_20260712_102_submission5_plus_c22\onnx\task382.onnx,E:\kongming\NGC-work\workplace C\neurogolf-2026-work\data\external\neurogolf7300_archive\onnx\task382.onnx,True,task382,True,True,266,266,0,5568,72,5640,16.362360655507896,6480,8b3afc476522f2dd090b71396744e2243b1289f872d52ff30823ae8a481f5835,,71,26,Cast:5;Concat:4;CumSum:4;Einsum:2;Equal:2;Gather:2;Max:1;Pad:5;ReduceSum:1;Slice:28;Squeeze:5;Where:12,task382,True,True,266,266,0,4000,206,4206,16.655732643737355,2398,6eab7bda304bfba156351009e38cadee5e8a9d12b74f511cb89e42ecb6c44a02,,34,15,Cast:2;Concat:1;CumSum:2;Einsum:2;Equal:2;Gather:4;Greater:2;Less:2;LessOrEqual:1;Not:2;Pad:1;ReduceMax:1;Slice:2;Transpose:1;Where:9,1434,True,True,
task383,E:\kagglegolf\submissions\candidates\GOLF_20260712_102_submission5_plus_c22\onnx\task383.onnx,E:\kongming\NGC-work\workplace C\neurogolf-2026-work\data\external\neurogolf7300_archive\onnx\task383.onnx,True,task383,True,True,266,266,0,5734,66,5800,16.33438680346549,4015,6d69796562ad7028ad8857dcd0fd64952e182ed303658ad8dfde39f7d2635ab2,,54,12,Add:4;ArgMax:4;Cast:7;Conv:1;Equal:5;Gather:10;Less:4;Or:2;Pad:1;ReduceMin:2;Reshape:4;Sub:4;Where:6,task383,True,True,266,266,0,3544,77,3621,16.80549449023436,2484,c35cf60ee9853ded50c5d7aae613dac4a650fb6c5f1085ed7f26bb27b348defe,,28,11,Concat:5;Einsum:7;Min:4;Mul:2;ReduceMax:2;Slice:4;Sub:2;Unsqueeze:2,2179,True,True,
task384,E:\kagglegolf\submissions\candidates\GOLF_20260712_102_submission5_plus_c22\onnx\task384.onnx,E:\kongming\NGC-work\workplace C\neurogolf-2026-work\data\external\neurogolf7300_archive\onnx\task384.onnx,True,task384,True,True,266,266,0,428,53,481,18.824132729894238,1731,75dc68ca140213f2a46eddf470420acc22a6e20067776370bb8b6b6eabc94834,,18,6,Add:2;ArgMax:2;Cast:4;Concat:1;ConvTranspose:1;Mul:1;ReduceMax:4;Slice:2;Sub:1,task384,True,True,266,266,0,428,53,481,18.824132729894238,1731,75dc68ca140213f2a46eddf470420acc22a6e20067776370bb8b6b6eabc94834,,18,6,Add:2;ArgMax:2;Cast:4;Concat:1;ConvTranspose:1;Mul:1;ReduceMax:4;Slice:2;Sub:1,0,False,False,
task386,E:\kagglegolf\submissions\candidates\GOLF_20260712_102_submission5_plus_c22\onnx\task386.onnx,E:\kongming\NGC-work\workplace C\neurogolf-2026-work\data\external\neurogolf7300_archive\onnx\task386.onnx,True,task386,True,True,268,268,0,180,31,211,19.648141866523932,814,454df939c0621578a2dcd658c41a6909950c13edd425233bc68711b54b1d7422,,7,8,And:1;Cast:2;Pad:1;Slice:2;Where:1,task386,True,True,268,268,0,180,31,211,19.648141866523932,814,454df939c0621578a2dcd658c41a6909950c13edd425233bc68711b54b1d7422,,7,8,And:1;Cast:2;Pad:1;Slice:2;Where:1,0,False,False,
task388,E:\kagglegolf\submissions\candidates\GOLF_20260712_102_submission5_plus_c22\onnx\task388.onnx,E:\kongming\NGC-work\workplace C\neurogolf-2026-work\data\external\neurogolf7300_archive\onnx\task388.onnx,True,task388,True,True,266,266,0,1766,56,1822,17.492309922180098,2234,462f81391e82dad080f9a780b12302c1ffa0be3382d6c551cd7736e174a870dc,,28,18,Add:1;And:1;ArgMax:1;Cast:4;Equal:1;Gather:2;Less:4;Mul:1;Pad:2;ReduceMax:1;ReduceSum:2;Slice:2;Sqrt:1;Sub:1;Where:4,task388,True,True,266,266,0,80,1022,1102,17.99511801028714,4902,f9cded9e549cdcb6682ddc1d5af37e7d7c6b25020f58ce8801537009e0c4e46b,,3,9,Einsum:1;GlobalMaxPool:1;ScatterElements:1,720,True,True,
task390,E:\kagglegolf\submissions\candidates\GOLF_20260712_102_submission5_plus_c22\onnx\task390.onnx,E:\kongming\NGC-work\workplace C\neurogolf-2026-work\data\external\neurogolf7300_archive\onnx\task390.onnx,True,task390,True,True,266,266,0,2595,104,2699,17.099363386981995,8616,4ab87ac79ff3cd60d0ee922389eb5934d9be7ddbc0c7223368585ee08d59005d,,74,37,And:17;Cast:2;Concat:3;Equal:4;Not:4;Or:4;Pad:9;Slice:20;Where:11,task390,True,True,266,266,0,2595,104,2699,17.099363386981995,8616,4ab87ac79ff3cd60d0ee922389eb5934d9be7ddbc0c7223368585ee08d59005d,,74,37,And:17;Cast:2;Concat:3;Equal:4;Not:4;Or:4;Pad:9;Slice:20;Where:11,0,False,False,
task391,E:\kagglegolf\submissions\candidates\GOLF_20260712_102_submission5_plus_c22\onnx\task391.onnx,E:\kongming\NGC-work\workplace C\neurogolf-2026-work\data\external\neurogolf7300_archive\onnx\task391.onnx,True,task391,True,True,267,267,0,135,24,159,19.93109579777977,679,144417a5fb4f406933f3a8329f67d13d468a16fa63f2f11a12a6d8ce702ff418,,6,5,Cast:1;Equal:1;Gather:1;Pad:1;ReduceSum:1;TopK:1,task391,True,True,267,267,0,135,24,159,19.93109579777977,679,144417a5fb4f406933f3a8329f67d13d468a16fa63f2f11a12a6d8ce702ff418,,6,5,Cast:1;Equal:1;Gather:1;Pad:1;ReduceSum:1;TopK:1,0,False,False,
task392,E:\kagglegolf\submissions\candidates\GOLF_20260712_102_submission5_plus_c22\onnx\task392.onnx,E:\kongming\NGC-work\workplace C\neurogolf-2026-work\data\external\neurogolf7300_archive\onnx\task392.onnx,True,task392,True,True,266,266,0,1476,227,1703,17.55985331933731,2621,b9bf0d12881cfa2439f428507867e4ab4ef3f3cbb03c0ef1108610af3310cec0,,43,19,Abs:2;Add:5;ArgMax:1;Cast:7;Div:3;Einsum:4;Equal:3;Gather:3;Max:1;Mod:4;Mul:3;Pad:1;Sub:4;Where:2,task392,True,True,266,266,0,358,811,1169,17.936096038527932,2824,6414c2eda9be72073ded28a5b986a93f408c6e64505840ecdca95250d1f350c0,,12,12,Add:1;Cast:2;Concat:1;Einsum:3;Gather:1;ReduceMax:1;Slice:2;Sub:1,534,True,True,
task400,E:\kagglegolf\submissions\candidates\GOLF_20260712_102_submission5_plus_c22\onnx\task400.onnx,E:\kongming\NGC-work\workplace C\neurogolf-2026-work\data\external\neurogolf7300_archive\onnx\task400.onnx,True,task400,True,True,266,266,0,1048,54,1102,17.99511801028714,865,ecf33c5db5c12d2e4b9f13cc5d37ad7d1afb945dfd0cb2d31a39447de077f767,,9,7,Cast:1;Concat:1;Div:1;Einsum:2;Pad:1;Slice:1;Sub:2,task400,True,True,266,266,0,1172,9,1181,17.92588318380264,735,74bb526e867fa4243fab3aed44e15c060cbf5455badadcadcc6cf79f98a5e195,,13,7,Cast:1;Concat:1;Div:1;Gather:1;MaxPool:1;Mod:2;Pad:1;Reshape:1;Slice:1;Sub:3,-79,False,False,
