task,parent_path,candidate_path,attempted,source_policy,parent_nodes,parent_initializers,parent_initializer_elements,variant_count,opportunities,status,parent_score_task,parent_score_path,parent_score_ok,parent_score_valid_all_checked,parent_score_examples_checked,parent_score_examples_passed,parent_score_examples_failed,parent_score_memory,parent_score_params,parent_score_cost,parent_score_points,parent_score_file_size,parent_score_sha256,parent_score_error,errors,candidate_task,candidate_ok,candidate_valid_all_checked,candidate_examples_checked,candidate_examples_passed,candidate_examples_failed,candidate_memory,candidate_params,candidate_cost,candidate_points,candidate_file_size,candidate_sha256,candidate_error,candidate_graph_nodes,candidate_graph_initializers,candidate_graph_initializer_elements,selected_variant,selected_changes,delta_cost,delta_points,accepted
task002,E:\kagglegolf\submissions\candidates\GOLF_20260713_C5_05\onnx\task002.onnx,,True,parent_only_no_archive,143,21,225,0,,attempted_no_structural_opportunity,,,,,,,,,,,,,,,,,,,,,,,,,,,,,,,,,,,,
task009,E:\kagglegolf\submissions\candidates\GOLF_20260713_C5_05\onnx\task009.onnx,E:\kongming\NGC-work\workplace C\artifacts\cd_parent_micro_sweep\task009.onnx,True,parent_only_no_archive,22,18,156,1,combined=init_cleanup:3,accepted,task009,E:\kagglegolf\submissions\candidates\GOLF_20260713_C5_05\onnx\task009.onnx,True,True,265,265,0,6429,156,6585,16.207450385822618,2097,aefb7816e4cfea72589dda23a3ea9f74e3c88c51f1ca4dff703662f6463bc697,,,task009,True,True,265,265,0,6429,152,6581,16.208058011543883,1952,a19d29173b864a5a02c7946d0dfd9584afca1fadc6ef490a9f3f452b79a365d2,,22,15,152,combined,init_cleanup:3,4,0.0006076257212654923,True
task010,E:\kagglegolf\submissions\candidates\GOLF_20260713_C5_05\onnx\task010.onnx,,True,parent_only_no_archive,21,11,332,0,,attempted_no_structural_opportunity,,,,,,,,,,,,,,,,,,,,,,,,,,,,,,,,,,,,
task015,E:\kagglegolf\submissions\candidates\GOLF_20260713_C5_05\onnx\task015.onnx,,True,parent_only_no_archive,1,1,900,0,,attempted_no_structural_opportunity,,,,,,,,,,,,,,,,,,,,,,,,,,,,,,,,,,,,
task020,E:\kagglegolf\submissions\candidates\GOLF_20260713_C5_05\onnx\task020.onnx,,True,parent_only_no_archive,39,19,152,0,,attempted_no_structural_opportunity,,,,,,,,,,,,,,,,,,,,,,,,,,,,,,,,,,,,
task028,E:\kagglegolf\submissions\candidates\GOLF_20260713_C5_05\onnx\task028.onnx,,True,parent_only_no_archive,1,3,168,0,,attempted_no_structural_opportunity,,,,,,,,,,,,,,,,,,,,,,,,,,,,,,,,,,,,
task029,E:\kagglegolf\submissions\candidates\GOLF_20260713_C5_05\onnx\task029.onnx,,True,parent_only_no_archive,50,15,76,0,,attempted_no_structural_opportunity,,,,,,,,,,,,,,,,,,,,,,,,,,,,,,,,,,,,
task030,E:\kagglegolf\submissions\candidates\GOLF_20260713_C5_05\onnx\task030.onnx,,True,parent_only_no_archive,26,16,199,0,,attempted_no_structural_opportunity,,,,,,,,,,,,,,,,,,,,,,,,,,,,,,,,,,,,
task032,E:\kagglegolf\submissions\candidates\GOLF_20260713_C5_05\onnx\task032.onnx,,True,parent_only_no_archive,1,2,910,0,,attempted_no_structural_opportunity,,,,,,,,,,,,,,,,,,,,,,,,,,,,,,,,,,,,
task036,E:\kagglegolf\submissions\candidates\GOLF_20260713_C5_05\onnx\task036.onnx,,True,parent_only_no_archive,51,18,114,0,,attempted_no_structural_opportunity,,,,,,,,,,,,,,,,,,,,,,,,,,,,,,,,,,,,
task041,E:\kagglegolf\submissions\candidates\GOLF_20260713_C5_05\onnx\task041.onnx,,True,parent_only_no_archive,19,5,57,0,,attempted_no_structural_opportunity,,,,,,,,,,,,,,,,,,,,,,,,,,,,,,,,,,,,
task045,E:\kagglegolf\submissions\candidates\GOLF_20260713_C5_05\onnx\task045.onnx,,True,parent_only_no_archive,11,8,623,0,,attempted_no_structural_opportunity,,,,,,,,,,,,,,,,,,,,,,,,,,,,,,,,,,,,
task046,E:\kagglegolf\submissions\candidates\GOLF_20260713_C5_05\onnx\task046.onnx,,True,parent_only_no_archive,52,23,70,1,combined=unit_reduction_axes:1,all_variants_failed,task046,E:\kagglegolf\submissions\candidates\GOLF_20260713_C5_05\onnx\task046.onnx,True,True,267,267,0,1999,70,2069,17.365179322254455,6483,1bc4cb4fec4f2c535916d4b15f8be046382187b7ee593e291735c61ef8bf547b,,"combined:checker:InferenceError:[ShapeInferenceError] Inference error(s): (op_type:ReduceMax): [ShapeInferenceError] Inferred shape and existing shape differ in rank: (3) vs (2)
",,,,,,,,,,,,,,,,,,,,,
task047,E:\kagglegolf\submissions\candidates\GOLF_20260713_C5_05\onnx\task047.onnx,,True,parent_only_no_archive,19,16,36,0,,attempted_no_structural_opportunity,,,,,,,,,,,,,,,,,,,,,,,,,,,,,,,,,,,,
task052,E:\kagglegolf\submissions\candidates\GOLF_20260713_C5_05\onnx\task052.onnx,,True,parent_only_no_archive,6,6,104,0,,attempted_no_structural_opportunity,,,,,,,,,,,,,,,,,,,,,,,,,,,,,,,,,,,,
task054,E:\kagglegolf\submissions\candidates\GOLF_20260713_C5_05\onnx\task054.onnx,,True,parent_only_no_archive,283,46,194,0,,attempted_no_structural_opportunity,,,,,,,,,,,,,,,,,,,,,,,,,,,,,,,,,,,,
task055,E:\kagglegolf\submissions\candidates\GOLF_20260713_C5_05\onnx\task055.onnx,,True,parent_only_no_archive,19,6,176,0,,attempted_no_structural_opportunity,,,,,,,,,,,,,,,,,,,,,,,,,,,,,,,,,,,,
task061,E:\kagglegolf\submissions\candidates\GOLF_20260713_C5_05\onnx\task061.onnx,,True,parent_only_no_archive,9,6,35,0,,attempted_no_structural_opportunity,,,,,,,,,,,,,,,,,,,,,,,,,,,,,,,,,,,,
task065,E:\kagglegolf\submissions\candidates\GOLF_20260713_C5_05\onnx\task065.onnx,,True,parent_only_no_archive,28,13,56,0,,attempted_no_structural_opportunity,,,,,,,,,,,,,,,,,,,,,,,,,,,,,,,,,,,,
task069,E:\kagglegolf\submissions\candidates\GOLF_20260713_C5_05\onnx\task069.onnx,E:\kongming\NGC-work\workplace C\artifacts\cd_parent_micro_sweep\task069\optional_defaults.onnx,True,parent_only_no_archive,31,15,52,3,combined=optional_defaults:1|unit_reduction_axes:6|init_cleanup:1;optional_defaults=optional_defaults:1;unit_reduction_axes=unit_reduction_axes:6|final_init_cleanup:1,valid_no_cost_gain,task069,E:\kagglegolf\submissions\candidates\GOLF_20260713_C5_05\onnx\task069.onnx,True,True,264,264,0,2864,52,2916,17.02203190687145,2835,58a2f8304be0e66ac8401ee47c7f800bb2335c1009dd2b7ac8883c2a3fe58c66,,"combined:checker:InferenceError:[ShapeInferenceError] Inference error(s): (op_type:ReduceMax): [ShapeInferenceError] Inferred shape and existing shape differ in rank: (3) vs (1)
(op_type:ReduceMax): [ShapeInferenceError] Inferred shape and existing shape differ in rank: (3) vs (1)
(op_type:Add): [ShapeInferenceError] Inferred shape and existing shape differ in dimension 0: (1) vs (3)
(op_type:Add): [ShapeInferenceError] Inferred shape and existing shape differ in dimension 0: (2) vs (4)
(op_type:ReduceMax): [ShapeInferenceError] Inferred shape and existing shape differ in rank: (2) vs (0)
 || unit_reduction_axes:checker:InferenceError:[ShapeInferenceError] Inference error(s): (op_type:ReduceMax): [ShapeInferenceError] Inferred shape and existing shape differ in rank: (3) vs (1)
(op_type:ReduceMax): [ShapeInferenceError] Inferred shape and existing shape differ in rank: (3) vs (1)
(op_type:Add): [ShapeInferenceError] Inferred shape and existing shape differ in dimension 0: (1) vs (3)
(op_type:Add): [ShapeInferenceError] Inferred shape and existing shape differ in dimension 0: (2) vs (4)
(op_type:ReduceMax): [ShapeInferenceError] Inferred shape and existing shape differ in rank: (2) vs (0)
",task069,True,True,264,264,0,2864,52,2916,17.02203190687145,2858,2c2aa11018bd7a1f2a95be3af4783a594e3d36473fe8e8f82de2f2ff9baa5961,,31,15,52,optional_defaults,optional_defaults:1,0,0.0,False
task072,E:\kagglegolf\submissions\candidates\GOLF_20260713_C5_05\onnx\task072.onnx,E:\kongming\NGC-work\workplace C\artifacts\cd_parent_micro_sweep\task072.onnx,True,parent_only_no_archive,4,6,98,1,combined=optional_defaults:1|init_cleanup:1,accepted,task072,E:\kagglegolf\submissions\candidates\GOLF_20260713_C5_05\onnx\task072.onnx,True,True,268,268,0,270,98,368,19.09191706183107,981,4bade205df58c2a94306be734ac6bbf5274594a9ae252c7448ebe1b0c7368b9b,,,task072,True,True,268,268,0,270,97,367,19.09463815194543,953,b1446c322241bbef5162f3e96a8efe451c036573d381a55c432c5b752c5ed52c,,4,5,97,combined,optional_defaults:1;init_cleanup:1,1,0.0027210901143597255,True
task073,E:\kagglegolf\submissions\candidates\GOLF_20260713_C5_05\onnx\task073.onnx,,True,parent_only_no_archive,1,1,40,0,,attempted_no_structural_opportunity,,,,,,,,,,,,,,,,,,,,,,,,,,,,,,,,,,,,
task074,E:\kagglegolf\submissions\candidates\GOLF_20260713_C5_05\onnx\task074.onnx,,True,parent_only_no_archive,6,6,1958,0,,attempted_no_structural_opportunity,,,,,,,,,,,,,,,,,,,,,,,,,,,,,,,,,,,,
task075,E:\kagglegolf\submissions\candidates\GOLF_20260713_C5_05\onnx\task075.onnx,,True,parent_only_no_archive,12,9,68,0,,attempted_no_structural_opportunity,,,,,,,,,,,,,,,,,,,,,,,,,,,,,,,,,,,,
task077,E:\kagglegolf\submissions\candidates\GOLF_20260713_C5_05\onnx\task077.onnx,,True,parent_only_no_archive,14,11,34,0,,attempted_no_structural_opportunity,,,,,,,,,,,,,,,,,,,,,,,,,,,,,,,,,,,,
task081,E:\kagglegolf\submissions\candidates\GOLF_20260713_C5_05\onnx\task081.onnx,,True,parent_only_no_archive,4,9,72,0,,attempted_no_structural_opportunity,,,,,,,,,,,,,,,,,,,,,,,,,,,,,,,,,,,,
task082,E:\kagglegolf\submissions\candidates\GOLF_20260713_C5_05\onnx\task082.onnx,,True,parent_only_no_archive,1,2,190,0,,attempted_no_structural_opportunity,,,,,,,,,,,,,,,,,,,,,,,,,,,,,,,,,,,,
task087,E:\kagglegolf\submissions\candidates\GOLF_20260713_C5_05\onnx\task087.onnx,,True,parent_only_no_archive,1,2,5,0,,attempted_no_structural_opportunity,,,,,,,,,,,,,,,,,,,,,,,,,,,,,,,,,,,,
task089,E:\kagglegolf\submissions\candidates\GOLF_20260713_C5_05\onnx\task089.onnx,E:\kongming\NGC-work\workplace C\artifacts\cd_parent_micro_sweep\task089\combined.onnx,True,parent_only_no_archive,66,20,154,1,combined=optional_defaults:1,valid_no_cost_gain,task089,E:\kagglegolf\submissions\candidates\GOLF_20260713_C5_05\onnx\task089.onnx,True,True,267,267,0,6585,154,6739,16.184333175053784,6635,ad3b8a7ebbebaaaa65548d3e085ebd6936f24e0366447b8628cbb1c3fbd209f3,,,task089,True,True,267,267,0,6585,154,6739,16.184333175053784,6630,688183afce8236aad9cffec6e65bb781d065b402de9648570ed4d9d8f6f0245c,,66,20,154,combined,optional_defaults:1,0,0.0,False
task091,E:\kagglegolf\submissions\candidates\GOLF_20260713_C5_05\onnx\task091.onnx,,True,parent_only_no_archive,50,22,49,0,,attempted_no_structural_opportunity,,,,,,,,,,,,,,,,,,,,,,,,,,,,,,,,,,,,
task094,E:\kagglegolf\submissions\candidates\GOLF_20260713_C5_05\onnx\task094.onnx,,True,parent_only_no_archive,15,11,113,0,,attempted_no_structural_opportunity,,,,,,,,,,,,,,,,,,,,,,,,,,,,,,,,,,,,
task095,E:\kagglegolf\submissions\candidates\GOLF_20260713_C5_05\onnx\task095.onnx,,True,parent_only_no_archive,3,5,100,0,,attempted_no_structural_opportunity,,,,,,,,,,,,,,,,,,,,,,,,,,,,,,,,,,,,
task096,E:\kagglegolf\submissions\candidates\GOLF_20260713_C5_05\onnx\task096.onnx,,True,parent_only_no_archive,113,35,800,1,combined=unit_reduction_axes:2,all_variants_failed,task096,E:\kagglegolf\submissions\candidates\GOLF_20260713_C5_05\onnx\task096.onnx,True,True,266,266,0,6050,800,6850,16.16799606874373,15981,a60c1a04c49a04dfdfe8403024f8c7bf95f57c1a4cad497b1a6985044eae1a34,,"combined:checker:InferenceError:[ShapeInferenceError] Inference error(s): (op_type:ReduceSum, node name: channel_count): [ShapeInferenceError] Inferred shape and existing shape differ in rank: (3) vs (1)
",,,,,,,,,,,,,,,,,,,,,
task099,E:\kagglegolf\submissions\candidates\GOLF_20260713_C5_05\onnx\task099.onnx,,True,parent_only_no_archive,56,18,278,0,,attempted_no_structural_opportunity,,,,,,,,,,,,,,,,,,,,,,,,,,,,,,,,,,,,
task105,E:\kagglegolf\submissions\candidates\GOLF_20260713_C5_05\onnx\task105.onnx,E:\kongming\NGC-work\workplace C\artifacts\cd_parent_micro_sweep\task105\combined.onnx,True,parent_only_no_archive,74,20,99,1,combined=optional_defaults:2,valid_no_cost_gain,task105,E:\kagglegolf\submissions\candidates\GOLF_20260713_C5_05\onnx\task105.onnx,True,True,266,266,0,2745,99,2844,17.04703320907687,5956,61bbdefdbdec5c186e6d57e5d44df28886927a7bc89340b34f3b2ead5cb07de3,,,task105,True,True,266,266,0,2745,99,2844,17.04703320907687,5967,ef0faf337926331f716d999b1661094641478f13b9bec218398bec668c06099b,,74,20,99,combined,optional_defaults:2,0,0.0,False
task106,E:\kagglegolf\submissions\candidates\GOLF_20260713_C5_05\onnx\task106.onnx,,True,parent_only_no_archive,11,6,174,0,,attempted_no_structural_opportunity,,,,,,,,,,,,,,,,,,,,,,,,,,,,,,,,,,,,
task107,E:\kagglegolf\submissions\candidates\GOLF_20260713_C5_05\onnx\task107.onnx,,True,parent_only_no_archive,87,25,156,0,,attempted_no_structural_opportunity,,,,,,,,,,,,,,,,,,,,,,,,,,,,,,,,,,,,
task108,E:\kagglegolf\submissions\candidates\GOLF_20260713_C5_05\onnx\task108.onnx,,True,parent_only_no_archive,1,2,300,0,,attempted_no_structural_opportunity,,,,,,,,,,,,,,,,,,,,,,,,,,,,,,,,,,,,
task113,E:\kagglegolf\submissions\candidates\GOLF_20260713_C5_05\onnx\task113.onnx,,True,parent_only_no_archive,1,1,30,0,,attempted_no_structural_opportunity,,,,,,,,,,,,,,,,,,,,,,,,,,,,,,,,,,,,
task114,E:\kagglegolf\submissions\candidates\GOLF_20260713_C5_05\onnx\task114.onnx,,True,parent_only_no_archive,1,1,900,0,,attempted_no_structural_opportunity,,,,,,,,,,,,,,,,,,,,,,,,,,,,,,,,,,,,
task115,E:\kagglegolf\submissions\candidates\GOLF_20260713_C5_05\onnx\task115.onnx,,True,parent_only_no_archive,35,10,70,0,,attempted_no_structural_opportunity,,,,,,,,,,,,,,,,,,,,,,,,,,,,,,,,,,,,
task121,E:\kagglegolf\submissions\candidates\GOLF_20260713_C5_05\onnx\task121.onnx,,True,parent_only_no_archive,29,12,66,0,,attempted_no_structural_opportunity,,,,,,,,,,,,,,,,,,,,,,,,,,,,,,,,,,,,
task127,E:\kagglegolf\submissions\candidates\GOLF_20260713_C5_05\onnx\task127.onnx,,True,parent_only_no_archive,4,6,192,0,,attempted_no_structural_opportunity,,,,,,,,,,,,,,,,,,,,,,,,,,,,,,,,,,,,
task132,E:\kagglegolf\submissions\candidates\GOLF_20260713_C5_05\onnx\task132.onnx,E:\kongming\NGC-work\workplace C\artifacts\cd_parent_micro_sweep\task132.onnx,True,parent_only_no_archive,67,16,530,2,combined=unit_reduction_axes:1|init_cleanup:1;pad_axes=final_init_cleanup:1,accepted,task132,E:\kagglegolf\submissions\candidates\GOLF_20260713_C5_05\onnx\task132.onnx,True,True,267,267,0,3121,530,3651,16.79724361834436,5056,c04905081366dd20ff73cb241c5e9a6291b07b75960db694db7860aca8235080,,"combined:checker:InferenceError:[ShapeInferenceError] Inference error(s): (op_type:Where): [ShapeInferenceError] Incompatible dimensions
",task132,True,True,267,267,0,3121,529,3650,16.79751755342346,5058,0606917d65ea3505dd8b3ae1a1676b1b0fb1da511c11ff78baaf7d887be40879,,67,15,529,pad_axes,final_init_cleanup:1,1,0.0002739350791003403,True
task133,E:\kagglegolf\submissions\candidates\GOLF_20260713_C5_05\onnx\task133.onnx,,True,parent_only_no_archive,144,34,992,0,,attempted_no_structural_opportunity,,,,,,,,,,,,,,,,,,,,,,,,,,,,,,,,,,,,
task137,E:\kagglegolf\submissions\candidates\GOLF_20260713_C5_05\onnx\task137.onnx,,True,parent_only_no_archive,33,7,123,0,,attempted_no_structural_opportunity,,,,,,,,,,,,,,,,,,,,,,,,,,,,,,,,,,,,
task141,E:\kagglegolf\submissions\candidates\GOLF_20260713_C5_05\onnx\task141.onnx,,True,parent_only_no_archive,24,6,102,0,,attempted_no_structural_opportunity,,,,,,,,,,,,,,,,,,,,,,,,,,,,,,,,,,,,
task142,E:\kagglegolf\submissions\candidates\GOLF_20260713_C5_05\onnx\task142.onnx,,True,parent_only_no_archive,1,1,90,0,,attempted_no_structural_opportunity,,,,,,,,,,,,,,,,,,,,,,,,,,,,,,,,,,,,
task144,E:\kagglegolf\submissions\candidates\GOLF_20260713_C5_05\onnx\task144.onnx,,True,parent_only_no_archive,1,2,104,0,,attempted_no_structural_opportunity,,,,,,,,,,,,,,,,,,,,,,,,,,,,,,,,,,,,
task145,E:\kagglegolf\submissions\candidates\GOLF_20260713_C5_05\onnx\task145.onnx,,True,parent_only_no_archive,32,16,111,0,,attempted_no_structural_opportunity,,,,,,,,,,,,,,,,,,,,,,,,,,,,,,,,,,,,
task146,E:\kagglegolf\submissions\candidates\GOLF_20260713_C5_05\onnx\task146.onnx,,True,parent_only_no_archive,9,6,100,0,,attempted_no_structural_opportunity,,,,,,,,,,,,,,,,,,,,,,,,,,,,,,,,,,,,
task147,E:\kagglegolf\submissions\candidates\GOLF_20260713_C5_05\onnx\task147.onnx,,True,parent_only_no_archive,3,5,100,0,,attempted_no_structural_opportunity,,,,,,,,,,,,,,,,,,,,,,,,,,,,,,,,,,,,
task153,E:\kagglegolf\submissions\candidates\GOLF_20260713_C5_05\onnx\task153.onnx,,True,parent_only_no_archive,45,14,52,0,,attempted_no_structural_opportunity,,,,,,,,,,,,,,,,,,,,,,,,,,,,,,,,,,,,
task154,E:\kagglegolf\submissions\candidates\GOLF_20260713_C5_05\onnx\task154.onnx,E:\kongming\NGC-work\workplace C\artifacts\cd_parent_micro_sweep\task154\combined.onnx,True,parent_only_no_archive,32,27,98,1,combined=optional_defaults:3,valid_no_cost_gain,task154,E:\kagglegolf\submissions\candidates\GOLF_20260713_C5_05\onnx\task154.onnx,True,True,266,266,0,2581,98,2679,17.10680113045539,3733,7b40abef1673818c738f89fdaea726928d9b1fbafe0f05c5b940b93ba499529a,,,task154,True,True,266,266,0,2581,98,2679,17.10680113045539,3733,fcbffbb13bada6f46a1d573f228914315fdea502869a9ae8cc16f3e0cf2fce1b,,32,27,98,combined,optional_defaults:3,0,0.0,False
task155,E:\kagglegolf\submissions\candidates\GOLF_20260713_C5_05\onnx\task155.onnx,,True,parent_only_no_archive,6,2,2,0,,attempted_no_structural_opportunity,,,,,,,,,,,,,,,,,,,,,,,,,,,,,,,,,,,,
task157,E:\kagglegolf\submissions\candidates\GOLF_20260713_C5_05\onnx\task157.onnx,,True,parent_only_no_archive,489,48,256,0,,attempted_no_structural_opportunity,,,,,,,,,,,,,,,,,,,,,,,,,,,,,,,,,,,,
task158,E:\kagglegolf\submissions\candidates\GOLF_20260713_C5_05\onnx\task158.onnx,E:\kongming\NGC-work\workplace C\artifacts\cd_parent_micro_sweep\task158.onnx,True,parent_only_no_archive,71,45,1440,1,combined=init_cleanup:2,accepted,task158,E:\kagglegolf\submissions\candidates\GOLF_20260713_C5_05\onnx\task158.onnx,True,True,266,266,0,24810,1440,26250,14.82457873198023,10869,a5bb72a11bc388ac72283fdc2ba8c1c7c567ea2902e038abb64a168ace212c85,,,task158,True,True,266,266,0,24810,1436,26246,14.824731124543767,10815,6ae6f1fb1e8449bdc90fc16c4ebee1d1fbd9c5b2437c6cf79caea6baeaee8317,,71,43,1436,combined,init_cleanup:2,4,0.00015239256353716257,True
task159,E:\kagglegolf\submissions\candidates\GOLF_20260713_C5_05\onnx\task159.onnx,,True,parent_only_no_archive,33,18,149,0,,attempted_no_structural_opportunity,,,,,,,,,,,,,,,,,,,,,,,,,,,,,,,,,,,,
task160,E:\kagglegolf\submissions\candidates\GOLF_20260713_C5_05\onnx\task160.onnx,,True,parent_only_no_archive,7,10,170,0,,attempted_no_structural_opportunity,,,,,,,,,,,,,,,,,,,,,,,,,,,,,,,,,,,,
task164,E:\kagglegolf\submissions\candidates\GOLF_20260713_C5_05\onnx\task164.onnx,,True,parent_only_no_archive,1,1,30,0,,attempted_no_structural_opportunity,,,,,,,,,,,,,,,,,,,,,,,,,,,,,,,,,,,,
task165,E:\kagglegolf\submissions\candidates\GOLF_20260713_C5_05\onnx\task165.onnx,E:\kongming\NGC-work\workplace C\artifacts\cd_parent_micro_sweep\task165\combined.onnx,True,parent_only_no_archive,36,21,158,1,combined=optional_defaults:1,valid_no_cost_gain,task165,E:\kagglegolf\submissions\candidates\GOLF_20260713_C5_05\onnx\task165.onnx,True,True,265,265,0,4370,158,4528,16.58196438011698,2380,cc57855f0825404a1174fc03fc801e476a38d154aa4b72d6010032fe6c599b27,,,task165,True,True,265,265,0,4370,158,4528,16.58196438011698,2405,220062f81485d4a4d433c355fb3e92d7a4324fd13499ecf6d1a788d757033fb6,,36,21,158,combined,optional_defaults:1,0,0.0,False
task166,E:\kagglegolf\submissions\candidates\GOLF_20260713_C5_05\onnx\task166.onnx,,True,parent_only_no_archive,1,2,24,0,,attempted_no_structural_opportunity,,,,,,,,,,,,,,,,,,,,,,,,,,,,,,,,,,,,
task167,E:\kagglegolf\submissions\candidates\GOLF_20260713_C5_05\onnx\task167.onnx,,True,parent_only_no_archive,6,4,128,0,,attempted_no_structural_opportunity,,,,,,,,,,,,,,,,,,,,,,,,,,,,,,,,,,,,
task173,E:\kagglegolf\submissions\candidates\GOLF_20260713_C5_05\onnx\task173.onnx,,True,parent_only_no_archive,98,26,76,0,,attempted_no_structural_opportunity,,,,,,,,,,,,,,,,,,,,,,,,,,,,,,,,,,,,
task178,E:\kagglegolf\submissions\candidates\GOLF_20260713_C5_05\onnx\task178.onnx,,True,parent_only_no_archive,35,19,60,0,,attempted_no_structural_opportunity,,,,,,,,,,,,,,,,,,,,,,,,,,,,,,,,,,,,
task180,E:\kagglegolf\submissions\candidates\GOLF_20260713_C5_05\onnx\task180.onnx,,True,parent_only_no_archive,1,2,210,0,,attempted_no_structural_opportunity,,,,,,,,,,,,,,,,,,,,,,,,,,,,,,,,,,,,
task182,E:\kagglegolf\submissions\candidates\GOLF_20260713_C5_05\onnx\task182.onnx,,True,parent_only_no_archive,32,16,71,0,,attempted_no_structural_opportunity,,,,,,,,,,,,,,,,,,,,,,,,,,,,,,,,,,,,
task190,E:\kagglegolf\submissions\candidates\GOLF_20260713_C5_05\onnx\task190.onnx,,True,parent_only_no_archive,16,16,245,0,,attempted_no_structural_opportunity,,,,,,,,,,,,,,,,,,,,,,,,,,,,,,,,,,,,
task193,E:\kagglegolf\submissions\candidates\GOLF_20260713_C5_05\onnx\task193.onnx,,True,parent_only_no_archive,1,2,170,0,,attempted_no_structural_opportunity,,,,,,,,,,,,,,,,,,,,,,,,,,,,,,,,,,,,
task194,E:\kagglegolf\submissions\candidates\GOLF_20260713_C5_05\onnx\task194.onnx,,True,parent_only_no_archive,5,6,49,0,,attempted_no_structural_opportunity,,,,,,,,,,,,,,,,,,,,,,,,,,,,,,,,,,,,
task200,E:\kagglegolf\submissions\candidates\GOLF_20260713_C5_05\onnx\task200.onnx,,True,parent_only_no_archive,7,7,203,0,,attempted_no_structural_opportunity,,,,,,,,,,,,,,,,,,,,,,,,,,,,,,,,,,,,
task201,E:\kagglegolf\submissions\candidates\GOLF_20260713_C5_05\onnx\task201.onnx,,True,parent_only_no_archive,62,27,137,1,combined=unit_reduction_axes:2,all_variants_failed,task201,E:\kagglegolf\submissions\candidates\GOLF_20260713_C5_05\onnx\task201.onnx,True,True,266,266,0,2876,137,3013,16.9893084608697,4629,9614d093fd95f4c838c0d5e024bd0e2fd8451cfbc8eaab01fc0976ada04fc03f,,"combined:checker:InferenceError:[ShapeInferenceError] Inference error(s): (op_type:Add): [ShapeInferenceError] Incompatible dimensions
(op_type:Min): [TypeInferenceError] Input 0 expected to have type but instead is null
(op_type:Add): [ShapeInferenceError] Incompatible dimensions
(op_type:Min): [TypeInferenceError] Input 0 expected to have type but instead is null
",,,,,,,,,,,,,,,,,,,,,
task203,E:\kagglegolf\submissions\candidates\GOLF_20260713_C5_05\onnx\task203.onnx,,True,parent_only_no_archive,10,2,3,0,,attempted_no_structural_opportunity,,,,,,,,,,,,,,,,,,,,,,,,,,,,,,,,,,,,
task217,E:\kagglegolf\submissions\candidates\GOLF_20260713_C5_05\onnx\task217.onnx,,True,parent_only_no_archive,13,7,41,0,,attempted_no_structural_opportunity,,,,,,,,,,,,,,,,,,,,,,,,,,,,,,,,,,,,
task219,E:\kagglegolf\submissions\candidates\GOLF_20260713_C5_05\onnx\task219.onnx,,True,parent_only_no_archive,197,30,82,0,,attempted_no_structural_opportunity,,,,,,,,,,,,,,,,,,,,,,,,,,,,,,,,,,,,
task221,E:\kagglegolf\submissions\candidates\GOLF_20260713_C5_05\onnx\task221.onnx,,True,parent_only_no_archive,24,12,354,0,,attempted_no_structural_opportunity,,,,,,,,,,,,,,,,,,,,,,,,,,,,,,,,,,,,
task224,E:\kagglegolf\submissions\candidates\GOLF_20260713_C5_05\onnx\task224.onnx,E:\kongming\NGC-work\workplace C\artifacts\cd_parent_micro_sweep\task224.onnx,True,parent_only_no_archive,42,19,76,1,combined=init_cleanup:1,accepted,task224,E:\kagglegolf\submissions\candidates\GOLF_20260713_C5_05\onnx\task224.onnx,True,True,266,266,0,1800,76,1876,17.46310287043383,2000,a06a16484d0d100d0d962c6b1ff01e3395147e29b54559c88bd04236395c6a52,,,task224,True,True,266,266,0,1800,74,1874,17.464169537201634,1989,68ea46e921293f0e201626285381ef30e68ebfa44fbda8638391b058aa4042d5,,42,18,74,combined,init_cleanup:1,2,0.0010666667678052022,True
task225,E:\kagglegolf\submissions\candidates\GOLF_20260713_C5_05\onnx\task225.onnx,,True,parent_only_no_archive,27,13,105,0,,attempted_no_structural_opportunity,,,,,,,,,,,,,,,,,,,,,,,,,,,,,,,,,,,,
task226,E:\kagglegolf\submissions\candidates\GOLF_20260713_C5_05\onnx\task226.onnx,,True,parent_only_no_archive,36,5,21,0,,attempted_no_structural_opportunity,,,,,,,,,,,,,,,,,,,,,,,,,,,,,,,,,,,,
task229,E:\kagglegolf\submissions\candidates\GOLF_20260713_C5_05\onnx\task229.onnx,,True,parent_only_no_archive,1,2,200,0,,attempted_no_structural_opportunity,,,,,,,,,,,,,,,,,,,,,,,,,,,,,,,,,,,,
task230,E:\kagglegolf\submissions\candidates\GOLF_20260713_C5_05\onnx\task230.onnx,,True,parent_only_no_archive,1,2,460,0,,attempted_no_structural_opportunity,,,,,,,,,,,,,,,,,,,,,,,,,,,,,,,,,,,,
task232,E:\kagglegolf\submissions\candidates\GOLF_20260713_C5_05\onnx\task232.onnx,,True,parent_only_no_archive,1,2,1410,0,,attempted_no_structural_opportunity,,,,,,,,,,,,,,,,,,,,,,,,,,,,,,,,,,,,
task236,E:\kagglegolf\submissions\candidates\GOLF_20260713_C5_05\onnx\task236.onnx,,True,parent_only_no_archive,4,2,30,0,,attempted_no_structural_opportunity,,,,,,,,,,,,,,,,,,,,,,,,,,,,,,,,,,,,
task237,E:\kagglegolf\submissions\candidates\GOLF_20260713_C5_05\onnx\task237.onnx,,True,parent_only_no_archive,35,23,136,0,,attempted_no_structural_opportunity,,,,,,,,,,,,,,,,,,,,,,,,,,,,,,,,,,,,
task243,E:\kagglegolf\submissions\candidates\GOLF_20260713_C5_05\onnx\task243.onnx,,True,parent_only_no_archive,1893,30,410,0,,attempted_no_structural_opportunity,,,,,,,,,,,,,,,,,,,,,,,,,,,,,,,,,,,,
task246,E:\kagglegolf\submissions\candidates\GOLF_20260713_C5_05\onnx\task246.onnx,,True,parent_only_no_archive,28,12,114,0,,attempted_no_structural_opportunity,,,,,,,,,,,,,,,,,,,,,,,,,,,,,,,,,,,,
task251,E:\kagglegolf\submissions\candidates\GOLF_20260713_C5_05\onnx\task251.onnx,,True,parent_only_no_archive,26,6,195,0,,attempted_no_structural_opportunity,,,,,,,,,,,,,,,,,,,,,,,,,,,,,,,,,,,,
task252,E:\kagglegolf\submissions\candidates\GOLF_20260713_C5_05\onnx\task252.onnx,,True,parent_only_no_archive,1,3,180,0,,attempted_no_structural_opportunity,,,,,,,,,,,,,,,,,,,,,,,,,,,,,,,,,,,,
task256,E:\kagglegolf\submissions\candidates\GOLF_20260713_C5_05\onnx\task256.onnx,,True,parent_only_no_archive,22,14,58,0,,attempted_no_structural_opportunity,,,,,,,,,,,,,,,,,,,,,,,,,,,,,,,,,,,,
task263,E:\kagglegolf\submissions\candidates\GOLF_20260713_C5_05\onnx\task263.onnx,,True,parent_only_no_archive,38,11,116,0,,attempted_no_structural_opportunity,,,,,,,,,,,,,,,,,,,,,,,,,,,,,,,,,,,,
task264,E:\kagglegolf\submissions\candidates\GOLF_20260713_C5_05\onnx\task264.onnx,,True,parent_only_no_archive,20,12,1389,0,,attempted_no_structural_opportunity,,,,,,,,,,,,,,,,,,,,,,,,,,,,,,,,,,,,
task276,E:\kagglegolf\submissions\candidates\GOLF_20260713_C5_05\onnx\task276.onnx,,True,parent_only_no_archive,1,1,10,0,,attempted_no_structural_opportunity,,,,,,,,,,,,,,,,,,,,,,,,,,,,,,,,,,,,
task278,E:\kagglegolf\submissions\candidates\GOLF_20260713_C5_05\onnx\task278.onnx,E:\kongming\NGC-work\workplace C\artifacts\cd_parent_micro_sweep\task278\combined.onnx,True,parent_only_no_archive,10,9,39,1,combined=optional_defaults:1,valid_no_cost_gain,task278,E:\kagglegolf\submissions\candidates\GOLF_20260713_C5_05\onnx\task278.onnx,True,True,265,265,0,4464,39,4503,16.58750087969843,795,1bdda62b18e59d0886467bbdb519f9b9daf66762cd739fc8b892e6b3fcb643c2,,,task278,True,True,265,265,0,4464,39,4503,16.58750087969843,820,7c099f74d56d8c5e82d70a853b1f0cbc444e407d6ba00799332456c401fd1ab5,,10,9,39,combined,optional_defaults:1,0,0.0,False
task282,E:\kagglegolf\submissions\candidates\GOLF_20260713_C5_05\onnx\task282.onnx,,True,parent_only_no_archive,4,7,39,0,,attempted_no_structural_opportunity,,,,,,,,,,,,,,,,,,,,,,,,,,,,,,,,,,,,
task284,E:\kagglegolf\submissions\candidates\GOLF_20260713_C5_05\onnx\task284.onnx,,True,parent_only_no_archive,84,14,173,0,,attempted_no_structural_opportunity,,,,,,,,,,,,,,,,,,,,,,,,,,,,,,,,,,,,
task286,E:\kagglegolf\submissions\candidates\GOLF_20260713_C5_05\onnx\task286.onnx,E:\kongming\NGC-work\workplace C\artifacts\cd_parent_micro_sweep\task286\combined.onnx,True,parent_only_no_archive,2393,46,815,1,combined=optional_defaults:1,valid_no_cost_gain,task286,E:\kagglegolf\submissions\candidates\GOLF_20260713_C5_05\onnx\task286.onnx,True,True,265,265,0,26064,815,26879,14.800899408435892,111654,f3ec7dfca6e4f41d2bfe9370abb09c640ab5b4bbc593e5e124351ed05ce530fd,,,task286,True,True,265,265,0,26064,815,26879,14.800899408435892,111679,e6527721400892bf464cb6e254849d7644d2da4638db64ef7f09fbf8b6fec51d,,2393,46,815,combined,optional_defaults:1,0,0.0,False
task287,E:\kagglegolf\submissions\candidates\GOLF_20260713_C5_05\onnx\task287.onnx,,True,parent_only_no_archive,1,2,910,0,,attempted_no_structural_opportunity,,,,,,,,,,,,,,,,,,,,,,,,,,,,,,,,,,,,
task292,E:\kagglegolf\submissions\candidates\GOLF_20260713_C5_05\onnx\task292.onnx,,True,parent_only_no_archive,1,2,80,0,,attempted_no_structural_opportunity,,,,,,,,,,,,,,,,,,,,,,,,,,,,,,,,,,,,
task296,E:\kagglegolf\submissions\candidates\GOLF_20260713_C5_05\onnx\task296.onnx,,True,parent_only_no_archive,38,16,65,0,,attempted_no_structural_opportunity,,,,,,,,,,,,,,,,,,,,,,,,,,,,,,,,,,,,
task298,E:\kagglegolf\submissions\candidates\GOLF_20260713_C5_05\onnx\task298.onnx,,True,parent_only_no_archive,1,3,129,0,,attempted_no_structural_opportunity,,,,,,,,,,,,,,,,,,,,,,,,,,,,,,,,,,,,
task301,E:\kagglegolf\submissions\candidates\GOLF_20260713_C5_05\onnx\task301.onnx,,True,parent_only_no_archive,21,13,64,0,,attempted_no_structural_opportunity,,,,,,,,,,,,,,,,,,,,,,,,,,,,,,,,,,,,
task302,E:\kagglegolf\submissions\candidates\GOLF_20260713_C5_05\onnx\task302.onnx,,True,parent_only_no_archive,6,12,558,0,,attempted_no_structural_opportunity,,,,,,,,,,,,,,,,,,,,,,,,,,,,,,,,,,,,
task304,E:\kagglegolf\submissions\candidates\GOLF_20260713_C5_05\onnx\task304.onnx,,True,parent_only_no_archive,11,9,240,0,,attempted_no_structural_opportunity,,,,,,,,,,,,,,,,,,,,,,,,,,,,,,,,,,,,
task307,E:\kagglegolf\submissions\candidates\GOLF_20260713_C5_05\onnx\task307.onnx,,True,parent_only_no_archive,1,1,5,0,,attempted_no_structural_opportunity,,,,,,,,,,,,,,,,,,,,,,,,,,,,,,,,,,,,
task311,E:\kagglegolf\submissions\candidates\GOLF_20260713_C5_05\onnx\task311.onnx,,True,parent_only_no_archive,1,1,30,0,,attempted_no_structural_opportunity,,,,,,,,,,,,,,,,,,,,,,,,,,,,,,,,,,,,
task314,E:\kagglegolf\submissions\candidates\GOLF_20260713_C5_05\onnx\task314.onnx,,True,parent_only_no_archive,1,2,100,0,,attempted_no_structural_opportunity,,,,,,,,,,,,,,,,,,,,,,,,,,,,,,,,,,,,
task315,E:\kagglegolf\submissions\candidates\GOLF_20260713_C5_05\onnx\task315.onnx,,True,parent_only_no_archive,1,4,230,0,,attempted_no_structural_opportunity,,,,,,,,,,,,,,,,,,,,,,,,,,,,,,,,,,,,
task331,E:\kagglegolf\submissions\candidates\GOLF_20260713_C5_05\onnx\task331.onnx,,True,parent_only_no_archive,1,2,910,0,,attempted_no_structural_opportunity,,,,,,,,,,,,,,,,,,,,,,,,,,,,,,,,,,,,
task332,E:\kagglegolf\submissions\candidates\GOLF_20260713_C5_05\onnx\task332.onnx,,True,parent_only_no_archive,10,14,169,0,,attempted_no_structural_opportunity,,,,,,,,,,,,,,,,,,,,,,,,,,,,,,,,,,,,
task335,E:\kagglegolf\submissions\candidates\GOLF_20260713_C5_05\onnx\task335.onnx,,True,parent_only_no_archive,33,5,154,0,,attempted_no_structural_opportunity,,,,,,,,,,,,,,,,,,,,,,,,,,,,,,,,,,,,
task347,E:\kagglegolf\submissions\candidates\GOLF_20260713_C5_05\onnx\task347.onnx,,True,parent_only_no_archive,5,4,26,0,,attempted_no_structural_opportunity,,,,,,,,,,,,,,,,,,,,,,,,,,,,,,,,,,,,
task349,E:\kagglegolf\submissions\candidates\GOLF_20260713_C5_05\onnx\task349.onnx,,True,parent_only_no_archive,13,12,747,0,,attempted_no_structural_opportunity,,,,,,,,,,,,,,,,,,,,,,,,,,,,,,,,,,,,
task351,E:\kagglegolf\submissions\candidates\GOLF_20260713_C5_05\onnx\task351.onnx,,True,parent_only_no_archive,11,7,29,0,,attempted_no_structural_opportunity,,,,,,,,,,,,,,,,,,,,,,,,,,,,,,,,,,,,
task353,E:\kagglegolf\submissions\candidates\GOLF_20260713_C5_05\onnx\task353.onnx,,True,parent_only_no_archive,17,5,62,0,,attempted_no_structural_opportunity,,,,,,,,,,,,,,,,,,,,,,,,,,,,,,,,,,,,
task356,E:\kagglegolf\submissions\candidates\GOLF_20260713_C5_05\onnx\task356.onnx,,True,parent_only_no_archive,11,4,19,0,,attempted_no_structural_opportunity,,,,,,,,,,,,,,,,,,,,,,,,,,,,,,,,,,,,
task357,E:\kagglegolf\submissions\candidates\GOLF_20260713_C5_05\onnx\task357.onnx,,True,parent_only_no_archive,13,6,33,0,,attempted_no_structural_opportunity,,,,,,,,,,,,,,,,,,,,,,,,,,,,,,,,,,,,
task358,E:\kagglegolf\submissions\candidates\GOLF_20260713_C5_05\onnx\task358.onnx,,True,parent_only_no_archive,54,13,157,0,,attempted_no_structural_opportunity,,,,,,,,,,,,,,,,,,,,,,,,,,,,,,,,,,,,
task359,E:\kagglegolf\submissions\candidates\GOLF_20260713_C5_05\onnx\task359.onnx,,True,parent_only_no_archive,19,4,13,0,,attempted_no_structural_opportunity,,,,,,,,,,,,,,,,,,,,,,,,,,,,,,,,,,,,
task362,E:\kagglegolf\submissions\candidates\GOLF_20260713_C5_05\onnx\task362.onnx,,True,parent_only_no_archive,16,7,113,0,,attempted_no_structural_opportunity,,,,,,,,,,,,,,,,,,,,,,,,,,,,,,,,,,,,
task363,E:\kagglegolf\submissions\candidates\GOLF_20260713_C5_05\onnx\task363.onnx,,True,parent_only_no_archive,51,21,264,0,,attempted_no_structural_opportunity,,,,,,,,,,,,,,,,,,,,,,,,,,,,,,,,,,,,
task364,E:\kagglegolf\submissions\candidates\GOLF_20260713_C5_05\onnx\task364.onnx,,True,parent_only_no_archive,27,8,100,0,,attempted_no_structural_opportunity,,,,,,,,,,,,,,,,,,,,,,,,,,,,,,,,,,,,
task372,E:\kagglegolf\submissions\candidates\GOLF_20260713_C5_05\onnx\task372.onnx,,True,parent_only_no_archive,1,2,360,0,,attempted_no_structural_opportunity,,,,,,,,,,,,,,,,,,,,,,,,,,,,,,,,,,,,
task373,E:\kagglegolf\submissions\candidates\GOLF_20260713_C5_05\onnx\task373.onnx,,True,parent_only_no_archive,1,2,60,0,,attempted_no_structural_opportunity,,,,,,,,,,,,,,,,,,,,,,,,,,,,,,,,,,,,
task378,E:\kagglegolf\submissions\candidates\GOLF_20260713_C5_05\onnx\task378.onnx,,True,parent_only_no_archive,63,21,113,0,,attempted_no_structural_opportunity,,,,,,,,,,,,,,,,,,,,,,,,,,,,,,,,,,,,
task381,E:\kagglegolf\submissions\candidates\GOLF_20260713_C5_05\onnx\task381.onnx,,True,parent_only_no_archive,10,11,66,0,,attempted_no_structural_opportunity,,,,,,,,,,,,,,,,,,,,,,,,,,,,,,,,,,,,
task382,E:\kagglegolf\submissions\candidates\GOLF_20260713_C5_05\onnx\task382.onnx,E:\kongming\NGC-work\workplace C\artifacts\cd_parent_micro_sweep\task382.onnx,True,parent_only_no_archive,71,26,72,1,combined=init_cleanup:3,accepted,task382,E:\kagglegolf\submissions\candidates\GOLF_20260713_C5_05\onnx\task382.onnx,True,True,266,266,0,5568,72,5640,16.362360655507896,6480,8b3afc476522f2dd090b71396744e2243b1289f872d52ff30823ae8a481f5835,,,task382,True,True,266,266,0,5568,67,5635,16.363247573526124,6400,83660a84c2f1c71be086f4dc5b1facce10c175e5b40d982fc0666b0343be8c55,,71,23,67,combined,init_cleanup:3,5,0.0008869180182280445,True
task383,E:\kagglegolf\submissions\candidates\GOLF_20260713_C5_05\onnx\task383.onnx,,True,parent_only_no_archive,54,12,66,0,,attempted_no_structural_opportunity,,,,,,,,,,,,,,,,,,,,,,,,,,,,,,,,,,,,
task384,E:\kagglegolf\submissions\candidates\GOLF_20260713_C5_05\onnx\task384.onnx,,True,parent_only_no_archive,18,6,53,0,,attempted_no_structural_opportunity,,,,,,,,,,,,,,,,,,,,,,,,,,,,,,,,,,,,
task386,E:\kagglegolf\submissions\candidates\GOLF_20260713_C5_05\onnx\task386.onnx,,True,parent_only_no_archive,7,8,31,0,,attempted_no_structural_opportunity,,,,,,,,,,,,,,,,,,,,,,,,,,,,,,,,,,,,
task388,E:\kagglegolf\submissions\candidates\GOLF_20260713_C5_05\onnx\task388.onnx,,True,parent_only_no_archive,28,18,56,0,,attempted_no_structural_opportunity,,,,,,,,,,,,,,,,,,,,,,,,,,,,,,,,,,,,
task390,E:\kagglegolf\submissions\candidates\GOLF_20260713_C5_05\onnx\task390.onnx,,True,parent_only_no_archive,74,37,104,0,,attempted_no_structural_opportunity,,,,,,,,,,,,,,,,,,,,,,,,,,,,,,,,,,,,
task391,E:\kagglegolf\submissions\candidates\GOLF_20260713_C5_05\onnx\task391.onnx,,True,parent_only_no_archive,6,5,24,1,combined=unit_reduction_axes:1,all_variants_failed,task391,E:\kagglegolf\submissions\candidates\GOLF_20260713_C5_05\onnx\task391.onnx,True,True,267,267,0,135,24,159,19.93109579777977,679,144417a5fb4f406933f3a8329f67d13d468a16fa63f2f11a12a6d8ce702ff418,,"combined:checker:InferenceError:[ShapeInferenceError] Inference error(s): (op_type:ReduceSum, node name: n0): [ShapeInferenceError] Inferred shape and existing shape differ in rank: (2) vs (1)
",,,,,,,,,,,,,,,,,,,,,
task392,E:\kagglegolf\submissions\candidates\GOLF_20260713_C5_05\onnx\task392.onnx,,True,parent_only_no_archive,43,19,227,0,,attempted_no_structural_opportunity,,,,,,,,,,,,,,,,,,,,,,,,,,,,,,,,,,,,
task400,E:\kagglegolf\submissions\candidates\GOLF_20260713_C5_05\onnx\task400.onnx,,True,parent_only_no_archive,9,7,54,0,,attempted_no_structural_opportunity,,,,,,,,,,,,,,,,,,,,,,,,,,,,,,,,,,,,
