split,index,input_shape,output_shape,background,input_colors,output_colors,output_subset_input,changed_cells,changed_ratio,input_counts,output_counts,component_count,source_like_component_count,component_shapes
train,0,20x19,20x19,1,1 2 3 8,1 2 3 8,True,25,0.065789,"{1: 363, 2: 6, 3: 6, 8: 5}","{1: 338, 2: 6, 3: 6, 8: 30}",6,0,"1x1:1:{2: 1};1x1:1:{3: 1};3x3:6:{2: 1, 8: 5};1x1:1:{3: 1};2x2:4:{2: 4};2x2:4:{3: 4}"
train,1,20x21,20x21,4,1 2 4 6,1 2 4 6,True,54,0.128571,"{1: 6, 2: 10, 4: 394, 6: 10}","{1: 60, 2: 10, 4: 340, 6: 10}",3,1,"3x3:8:{1: 6, 2: 1, 6: 1};3x3:9:{2: 9};3x3:9:{6: 9}"
train,2,21x22,21x22,8,2 3 4 8,2 3 4 8,True,10,0.021645,"{2: 3, 3: 5, 4: 3, 8: 451}","{2: 3, 3: 15, 4: 3, 8: 441}",5,1,"3x3:7:{2: 1, 3: 5, 4: 1};1x1:1:{4: 1};1x1:1:{2: 1};1x1:1:{2: 1};1x1:1:{4: 1}"
test,0,22x22,22x22,3,1 3 4 8,1 3 4 8,True,56,0.115702,"{1: 15, 3: 450, 4: 15, 8: 4}","{1: 15, 3: 394, 4: 15, 8: 60}",8,0,"3x3:9:{4: 9};2x2:3:{8: 2, 4: 1};2x2:3:{8: 2, 1: 1};3x3:9:{1: 9};1x1:1:{1: 1};2x2:4:{1: 4};1x1:1:{4: 1};2x2:4:{4: 4}"
arc-gen,0,22x23,22x23,1,1 3 5 8,1 3 5 8,True,6,0.011858,"{1: 496, 3: 2, 5: 6, 8: 2}","{1: 490, 3: 2, 5: 12, 8: 2}",3,1,"1x1:1:{3: 1};1x1:1:{8: 1};3x3:8:{8: 1, 5: 6, 3: 1}"
arc-gen,1,16x16,16x16,5,2 5 8 9,2 5 8 9,True,5,0.019531,"{2: 2, 5: 247, 8: 5, 9: 2}","{2: 2, 5: 242, 8: 10, 9: 2}",4,0,"1x1:1:{9: 1};3x3:6:{8: 5, 2: 1};1x1:1:{2: 1};1x1:1:{9: 1}"
arc-gen,2,26x25,26x25,4,1 4 7 9,1 4 7 9,True,27,0.041538,"{1: 3, 4: 627, 7: 10, 9: 10}","{1: 30, 4: 600, 7: 10, 9: 10}",4,0,"2x2:4:{9: 1, 1: 3};1x1:1:{7: 1};3x3:9:{7: 9};3x3:9:{9: 9}"
arc-gen,3,15x15,15x15,5,1 2 5 8,1 2 5 8,True,6,0.026667,"{1: 3, 2: 3, 5: 216, 8: 3}","{1: 9, 2: 3, 5: 210, 8: 3}",9,0,1x1:1:{8: 1};1x1:1:{2: 1};1x1:1:{2: 1};1x1:1:{1: 1};1x1:1:{1: 1};1x1:1:{1: 1};1x1:1:{8: 1};1x1:1:{8: 1};1x1:1:{2: 1}
arc-gen,4,23x23,23x23,1,1 3 6 9,1 3 6 9,True,20,0.037807,"{1: 514, 3: 5, 6: 5, 9: 5}","{1: 494, 3: 25, 6: 5, 9: 5}",4,0,"3x3:6:{3: 5, 6: 1};1x1:1:{9: 1};2x2:4:{9: 4};2x2:4:{6: 4}"
arc-gen,5,24x25,24x25,3,3 6 7 9,3 6 7 9,True,24,0.04,"{3: 584, 6: 5, 7: 6, 9: 5}","{3: 560, 6: 5, 7: 30, 9: 5}",3,1,"2x2:4:{6: 4};2x2:4:{9: 4};3x3:8:{7: 6, 6: 1, 9: 1}"
arc-gen,6,20x20,20x20,9,1 4 7 9,1 4 7 9,True,45,0.1125,"{1: 10, 4: 5, 7: 10, 9: 375}","{1: 10, 4: 50, 7: 10, 9: 330}",3,1,"3x3:9:{1: 9};3x3:7:{1: 1, 4: 5, 7: 1};3x3:9:{7: 9}"
arc-gen,7,18x18,18x18,7,2 6 7 9,2 6 7 9,True,15,0.046296,"{2: 6, 6: 6, 7: 309, 9: 3}","{2: 6, 6: 6, 7: 294, 9: 18}",9,0,2x2:4:{2: 4};2x2:4:{6: 4};1x1:1:{2: 1};1x1:1:{6: 1};1x1:1:{6: 1};1x1:1:{9: 1};1x1:1:{9: 1};1x1:1:{9: 1};1x1:1:{2: 1}
arc-gen,8,26x25,26x25,1,1 6 7 9,1 6 7 9,True,20,0.030769,"{1: 635, 6: 5, 7: 5, 9: 5}","{1: 615, 6: 5, 7: 25, 9: 5}",3,1,"3x3:7:{9: 1, 7: 5, 6: 1};2x2:4:{6: 4};2x2:4:{9: 4}"
arc-gen,9,18x17,18x17,8,4 5 6 8,4 5 6 8,True,3,0.009804,"{4: 3, 5: 2, 6: 2, 8: 299}","{4: 6, 5: 2, 6: 2, 8: 296}",4,0,"2x2:4:{5: 1, 4: 3};1x1:1:{5: 1};1x1:1:{6: 1};1x1:1:{6: 1}"
arc-gen,10,21x20,21x20,3,3 5 7 9,3 5 7 9,True,52,0.12381,"{3: 388, 5: 14, 7: 14, 9: 4}","{3: 336, 5: 14, 7: 14, 9: 56}",6,0,"2x2:4:{7: 4};2x2:4:{5: 4};2x2:3:{9: 2, 5: 1};3x3:9:{7: 9};2x2:3:{9: 2, 7: 1};3x3:9:{5: 9}"
arc-gen,11,17x16,17x16,9,2 5 6 9,2 5 6 9,True,6,0.022059,"{2: 2, 5: 6, 6: 2, 9: 262}","{2: 2, 5: 12, 6: 2, 9: 256}",3,1,"1x1:1:{2: 1};1x1:1:{6: 1};3x3:8:{5: 6, 2: 1, 6: 1}"
arc-gen,12,24x23,24x23,5,5 6 7 9,5 6 7 9,True,4,0.007246,"{5: 544, 6: 2, 7: 4, 9: 2}","{5: 540, 6: 2, 7: 8, 9: 2}",4,0,"2x2:3:{6: 1, 7: 2};2x2:3:{7: 2, 9: 1};1x1:1:{6: 1};1x1:1:{9: 1}"
arc-gen,13,16x15,16x15,4,1 4 7 8,1 4 7 8,True,20,0.083333,"{1: 5, 4: 225, 7: 5, 8: 5}","{1: 5, 4: 205, 7: 25, 8: 5}",4,0,"1x1:1:{8: 1};3x3:6:{7: 5, 1: 1};2x2:4:{8: 4};2x2:4:{1: 4}"
arc-gen,14,19x19,19x19,5,5 6 7 9,5 6 7 9,True,5,0.01385,"{5: 352, 6: 5, 7: 2, 9: 2}","{5: 347, 6: 10, 7: 2, 9: 2}",3,1,"3x3:7:{6: 5, 7: 1, 9: 1};1x1:1:{7: 1};1x1:1:{9: 1}"
arc-gen,15,26x25,26x25,8,4 5 8 9,4 5 8 9,True,24,0.036923,"{4: 6, 5: 5, 8: 634, 9: 5}","{4: 30, 5: 5, 8: 610, 9: 5}",3,1,"2x2:4:{5: 4};2x2:4:{9: 4};3x3:8:{4: 6, 9: 1, 5: 1}"
arc-gen,16,17x18,17x18,2,1 2 3 8,1 2 3 8,True,3,0.009804,"{1: 2, 2: 299, 3: 3, 8: 2}","{1: 2, 2: 296, 3: 6, 8: 2}",7,0,1x1:1:{1: 1};1x1:1:{8: 1};1x1:1:{3: 1};1x1:1:{8: 1};1x1:1:{3: 1};1x1:1:{1: 1};1x1:1:{3: 1}
arc-gen,17,25x24,25x24,2,2 3 4 5,2 3 4 5,True,27,0.045,"{2: 577, 3: 10, 4: 3, 5: 10}","{2: 550, 3: 10, 4: 30, 5: 10}",4,0,"1x1:1:{5: 1};2x2:4:{4: 3, 3: 1};3x3:9:{3: 9};3x3:9:{5: 9}"
arc-gen,18,19x19,19x19,3,2 3 4 9,2 3 4 9,True,12,0.033241,"{2: 5, 3: 348, 4: 3, 9: 5}","{2: 5, 3: 336, 4: 15, 9: 5}",4,0,"2x2:4:{9: 4};2x2:4:{2: 4};1x1:1:{2: 1};2x2:4:{4: 3, 9: 1}"
arc-gen,19,23x23,23x23,6,1 3 5 6,1 3 5 6,True,27,0.05104,"{1: 10, 3: 10, 5: 3, 6: 506}","{1: 10, 3: 10, 5: 30, 6: 479}",7,0,1x1:1:{1: 1};1x1:1:{5: 1};1x1:1:{5: 1};1x1:1:{5: 1};1x1:1:{3: 1};3x3:9:{3: 9};3x3:9:{1: 9}
arc-gen,20,24x23,24x23,9,4 7 8 9,4 7 8 9,True,4,0.007246,"{4: 2, 7: 4, 8: 2, 9: 544}","{4: 2, 7: 8, 8: 2, 9: 540}",4,0,"1x1:1:{8: 1};1x1:1:{4: 1};2x2:3:{7: 2, 8: 1};2x2:3:{7: 2, 4: 1}"
arc-gen,21,22x23,22x23,2,2 4 5 8,2 4 5 8,True,5,0.009881,"{2: 497, 4: 2, 5: 2, 8: 5}","{2: 492, 4: 2, 5: 2, 8: 10}",3,1,"1x1:1:{4: 1};1x1:1:{5: 1};3x3:7:{8: 5, 4: 1, 5: 1}"
arc-gen,22,24x24,24x24,4,2 4 6 8,2 4 6 8,True,16,0.027778,"{2: 5, 4: 562, 6: 4, 8: 5}","{2: 5, 4: 546, 6: 20, 8: 5}",4,0,"2x2:4:{8: 4};2x2:3:{2: 1, 6: 2};2x2:4:{2: 4};2x2:3:{6: 2, 8: 1}"
arc-gen,23,21x20,21x20,5,3 5 7 8,3 5 7 8,True,65,0.154762,"{3: 14, 5: 387, 7: 5, 8: 14}","{3: 14, 5: 322, 7: 70, 8: 14}",6,0,"3x3:9:{3: 9};1x1:1:{3: 1};3x3:6:{7: 5, 8: 1};3x3:9:{8: 9};2x2:4:{3: 4};2x2:4:{8: 4}"
arc-gen,24,25x24,25x24,2,1 2 6 9,1 2 6 9,True,20,0.033333,"{1: 5, 2: 585, 6: 5, 9: 5}","{1: 5, 2: 565, 6: 5, 9: 25}",4,0,"2x2:4:{1: 4};2x2:4:{6: 4};3x3:6:{9: 5, 1: 1};1x1:1:{6: 1}"
arc-gen,25,24x24,24x24,9,2 6 7 9,2 6 7 9,True,5,0.008681,"{2: 2, 6: 5, 7: 2, 9: 567}","{2: 2, 6: 10, 7: 2, 9: 562}",3,1,"3x3:7:{7: 1, 6: 5, 2: 1};1x1:1:{2: 1};1x1:1:{7: 1}"
arc-gen,26,26x25,26x25,6,2 5 6 8,2 5 6 8,True,16,0.024615,"{2: 5, 5: 5, 6: 636, 8: 4}","{2: 5, 5: 5, 6: 620, 8: 20}",4,0,"2x2:3:{5: 1, 8: 2};2x2:3:{8: 2, 2: 1};2x2:4:{5: 4};2x2:4:{2: 4}"
arc-gen,27,20x20,20x20,7,1 2 7 9,1 2 7 9,True,3,0.0075,"{1: 3, 2: 2, 7: 393, 9: 2}","{1: 6, 2: 2, 7: 390, 9: 2}",7,0,1x1:1:{1: 1};1x1:1:{9: 1};1x1:1:{1: 1};1x1:1:{2: 1};1x1:1:{1: 1};1x1:1:{2: 1};1x1:1:{9: 1}
arc-gen,28,20x21,20x21,3,2 3 7 9,2 3 7 9,True,4,0.009524,"{2: 2, 3: 412, 7: 4, 9: 2}","{2: 2, 3: 408, 7: 8, 9: 2}",4,0,"2x2:3:{9: 1, 7: 2};2x2:3:{7: 2, 2: 1};1x1:1:{9: 1};1x1:1:{2: 1}"
arc-gen,29,21x22,21x22,2,2 3 4 9,2 3 4 9,True,4,0.008658,"{2: 454, 3: 2, 4: 2, 9: 4}","{2: 450, 3: 2, 4: 2, 9: 8}",4,0,"1x1:1:{3: 1};1x1:1:{4: 1};2x2:3:{4: 1, 9: 2};2x2:3:{9: 2, 3: 1}"
arc-gen,30,25x24,25x24,7,2 5 6 7,2 5 6 7,True,24,0.04,"{2: 6, 5: 5, 6: 5, 7: 584}","{2: 30, 5: 5, 6: 5, 7: 560}",3,1,"2x2:4:{6: 4};2x2:4:{5: 4};3x3:8:{2: 6, 5: 1, 6: 1}"
arc-gen,31,26x25,26x25,3,3 4 5 9,3 4 5 9,True,54,0.083077,"{3: 624, 4: 10, 5: 6, 9: 10}","{3: 570, 4: 10, 5: 60, 9: 10}",3,1,"3x3:8:{5: 6, 9: 1, 4: 1};3x3:9:{9: 9};3x3:9:{4: 9}"
arc-gen,32,16x16,16x16,1,1 4 5 8,1 4 5 8,True,24,0.09375,"{1: 240, 4: 5, 5: 5, 8: 6}","{1: 216, 4: 5, 5: 5, 8: 30}",3,1,"3x3:8:{8: 6, 4: 1, 5: 1};2x2:4:{5: 4};2x2:4:{4: 4}"
arc-gen,33,17x16,17x16,9,3 4 5 9,3 4 5 9,True,5,0.018382,"{3: 2, 4: 5, 5: 2, 9: 263}","{3: 2, 4: 10, 5: 2, 9: 258}",3,1,"1x1:1:{5: 1};1x1:1:{3: 1};3x3:7:{5: 1, 4: 5, 3: 1}"
arc-gen,34,16x17,16x17,5,3 5 8 9,3 5 8 9,True,3,0.011029,"{3: 2, 5: 265, 8: 2, 9: 3}","{3: 2, 5: 262, 8: 2, 9: 6}",7,0,1x1:1:{9: 1};1x1:1:{3: 1};1x1:1:{9: 1};1x1:1:{3: 1};1x1:1:{8: 1};1x1:1:{9: 1};1x1:1:{8: 1}
arc-gen,35,17x16,17x16,1,1 3 6 7,1 3 6 7,True,27,0.099265,"{1: 249, 3: 10, 6: 10, 7: 3}","{1: 222, 3: 10, 6: 10, 7: 30}",4,0,"3x3:9:{6: 9};2x2:4:{6: 1, 7: 3};1x1:1:{3: 1};3x3:9:{3: 9}"
arc-gen,36,23x23,23x23,4,3 4 6 7,3 4 6 7,True,20,0.037807,"{3: 5, 4: 514, 6: 5, 7: 5}","{3: 5, 4: 494, 6: 25, 7: 5}",4,0,"2x2:4:{7: 4};2x2:4:{3: 4};1x1:1:{3: 1};3x3:6:{6: 5, 7: 1}"
arc-gen,37,22x23,22x23,9,3 7 8 9,3 7 8 9,True,30,0.059289,"{3: 3, 7: 11, 8: 11, 9: 481}","{3: 33, 7: 11, 8: 11, 9: 451}",6,0,"3x3:9:{8: 9};3x3:9:{7: 9};2x2:4:{3: 3, 7: 1};1x1:1:{8: 1};1x1:1:{8: 1};1x1:1:{7: 1}"
arc-gen,38,21x21,21x21,1,1 2 4 8,1 2 4 8,True,90,0.204082,"{1: 398, 2: 19, 4: 19, 8: 5}","{1: 308, 2: 19, 4: 19, 8: 95}",6,0,"3x3:9:{2: 9};3x3:9:{4: 9};3x3:6:{2: 1, 8: 5};1x1:1:{4: 1};3x3:9:{2: 9};3x3:9:{4: 9}"
arc-gen,39,20x21,20x21,8,1 4 7 8,1 4 7 8,True,10,0.02381,"{1: 3, 4: 5, 7: 3, 8: 409}","{1: 3, 4: 15, 7: 3, 8: 399}",6,0,"3x3:6:{4: 5, 1: 1};1x1:1:{7: 1};1x1:1:{1: 1};1x1:1:{7: 1};1x1:1:{7: 1};1x1:1:{1: 1}"
arc-gen,40,22x23,22x23,2,2 4 5 8,2 4 5 8,True,6,0.011858,"{2: 496, 4: 2, 5: 2, 8: 6}","{2: 490, 4: 2, 5: 2, 8: 12}",3,1,"1x1:1:{4: 1};1x1:1:{5: 1};3x3:8:{4: 1, 8: 6, 5: 1}"
arc-gen,41,17x16,17x16,8,2 3 7 8,2 3 7 8,True,5,0.018382,"{2: 2, 3: 5, 7: 2, 8: 263}","{2: 2, 3: 10, 7: 2, 8: 258}",3,1,"1x1:1:{7: 1};1x1:1:{2: 1};3x3:7:{2: 1, 3: 5, 7: 1}"
arc-gen,42,22x22,22x22,2,2 5 6 8,2 5 6 8,True,45,0.092975,"{2: 459, 5: 10, 6: 5, 8: 10}","{2: 414, 5: 10, 6: 50, 8: 10}",4,0,"3x3:9:{8: 9};3x3:9:{5: 9};3x3:6:{8: 1, 6: 5};1x1:1:{5: 1}"
arc-gen,43,20x19,20x19,3,2 3 4 9,2 3 4 9,True,6,0.015789,"{2: 2, 3: 370, 4: 6, 9: 2}","{2: 2, 3: 364, 4: 12, 9: 2}",3,1,"3x3:8:{4: 6, 9: 1, 2: 1};1x1:1:{2: 1};1x1:1:{9: 1}"
arc-gen,44,15x15,15x15,4,3 4 5 7,3 4 5 7,True,5,0.022222,"{3: 5, 4: 216, 5: 2, 7: 2}","{3: 10, 4: 211, 5: 2, 7: 2}",3,1,"3x3:7:{5: 1, 3: 5, 7: 1};1x1:1:{7: 1};1x1:1:{5: 1}"
arc-gen,45,18x17,18x17,6,1 4 6 7,1 4 6 7,True,20,0.065359,"{1: 5, 4: 5, 6: 291, 7: 5}","{1: 5, 4: 25, 6: 271, 7: 5}",3,1,"3x3:7:{4: 5, 7: 1, 1: 1};2x2:4:{7: 4};2x2:4:{1: 4}"
arc-gen,46,25x25,25x25,8,1 4 7 8,1 4 7 8,True,20,0.032,"{1: 5, 4: 5, 7: 5, 8: 610}","{1: 25, 4: 5, 7: 5, 8: 590}",4,0,"3x3:6:{1: 5, 7: 1};1x1:1:{4: 1};2x2:4:{4: 4};2x2:4:{7: 4}"
arc-gen,47,16x15,16x15,6,4 5 6 9,4 5 6 9,True,20,0.083333,"{4: 6, 5: 6, 6: 224, 9: 4}","{4: 6, 5: 6, 6: 204, 9: 24}",6,0,"2x2:3:{4: 1, 9: 2};2x2:3:{9: 2, 5: 1};1x1:1:{4: 1};1x1:1:{5: 1};2x2:4:{4: 4};2x2:4:{5: 4}"
arc-gen,48,21x20,21x20,9,1 3 5 9,1 3 5 9,True,12,0.028571,"{1: 3, 3: 5, 5: 5, 9: 407}","{1: 15, 3: 5, 5: 5, 9: 395}",7,0,1x1:1:{5: 1};1x1:1:{1: 1};1x1:1:{1: 1};1x1:1:{1: 1};1x1:1:{3: 1};2x2:4:{3: 4};2x2:4:{5: 4}
arc-gen,49,22x21,22x21,1,1 6 7 8,1 6 7 8,True,12,0.025974,"{1: 450, 6: 3, 7: 3, 8: 6}","{1: 438, 6: 3, 7: 3, 8: 18}",5,1,"1x1:1:{7: 1};1x1:1:{6: 1};3x3:8:{8: 6, 6: 1, 7: 1};1x1:1:{6: 1};1x1:1:{7: 1}"
arc-gen,50,26x25,26x25,4,2 3 4 8,2 3 4 8,True,45,0.069231,"{2: 5, 3: 10, 4: 625, 8: 10}","{2: 50, 3: 10, 4: 580, 8: 10}",3,1,"3x3:9:{3: 9};3x3:9:{8: 9};3x3:7:{2: 5, 3: 1, 8: 1}"
arc-gen,51,23x23,23x23,1,1 2 4 5,1 2 4 5,True,6,0.011342,"{1: 519, 2: 2, 4: 2, 5: 6}","{1: 513, 2: 2, 4: 2, 5: 12}",3,1,"1x1:1:{4: 1};1x1:1:{2: 1};3x3:8:{5: 6, 2: 1, 4: 1}"
arc-gen,52,21x22,21x22,5,3 4 5 8,3 4 5 8,True,12,0.025974,"{3: 5, 4: 5, 5: 449, 8: 3}","{3: 5, 4: 5, 5: 437, 8: 15}",4,0,"2x2:4:{4: 4};2x2:4:{3: 4};2x2:4:{8: 3, 3: 1};1x1:1:{4: 1}"
arc-gen,53,21x21,21x21,7,3 5 7 8,3 5 7 8,True,5,0.011338,"{3: 5, 5: 2, 7: 432, 8: 2}","{3: 10, 5: 2, 7: 427, 8: 2}",4,0,"1x1:1:{5: 1};1x1:1:{8: 1};3x3:6:{3: 5, 5: 1};1x1:1:{8: 1}"
arc-gen,54,25x24,25x24,7,1 2 3 7,1 2 3 7,True,5,0.008333,"{1: 5, 2: 2, 3: 2, 7: 591}","{1: 10, 2: 2, 3: 2, 7: 586}",4,0,"1x1:1:{2: 1};1x1:1:{3: 1};3x3:6:{3: 1, 1: 5};1x1:1:{2: 1}"
arc-gen,55,24x25,24x25,3,1 3 4 6,1 3 4 6,True,20,0.033333,"{1: 5, 3: 585, 4: 5, 6: 5}","{1: 25, 3: 565, 4: 5, 6: 5}",3,1,"3x3:7:{4: 1, 1: 5, 6: 1};2x2:4:{4: 4};2x2:4:{6: 4}"
arc-gen,56,23x23,23x23,4,2 4 6 7,2 4 6 7,True,8,0.015123,"{2: 4, 4: 519, 6: 3, 7: 3}","{2: 12, 4: 511, 6: 3, 7: 3}",6,0,"2x2:3:{7: 1, 2: 2};2x2:3:{2: 2, 6: 1};1x1:1:{6: 1};1x1:1:{7: 1};1x1:1:{6: 1};1x1:1:{7: 1}"
arc-gen,57,21x21,21x21,5,2 3 4 5,2 3 4 5,True,20,0.045351,"{2: 5, 3: 5, 4: 5, 5: 426}","{2: 5, 3: 25, 4: 5, 5: 406}",4,0,"2x2:4:{4: 4};3x3:6:{4: 1, 3: 5};1x1:1:{2: 1};2x2:4:{2: 4}"
arc-gen,58,26x25,26x25,5,1 4 5 7,1 4 5 7,True,25,0.038462,"{1: 6, 4: 6, 5: 633, 7: 5}","{1: 6, 4: 6, 5: 608, 7: 30}",6,0,"2x2:4:{1: 4};2x2:4:{4: 4};1x1:1:{1: 1};1x1:1:{4: 1};1x1:1:{4: 1};3x3:6:{7: 5, 1: 1}"
arc-gen,59,14x15,14x15,8,2 3 6 8,2 3 6 8,True,20,0.095238,"{2: 5, 3: 5, 6: 5, 8: 195}","{2: 25, 3: 5, 6: 5, 8: 175}",4,0,"1x1:1:{6: 1};3x3:6:{2: 5, 3: 1};2x2:4:{3: 4};2x2:4:{6: 4}"
arc-gen,60,17x18,17x18,8,4 5 8 9,4 5 8 9,True,12,0.039216,"{4: 3, 5: 5, 8: 293, 9: 5}","{4: 15, 5: 5, 8: 281, 9: 5}",7,0,1x1:1:{9: 1};1x1:1:{4: 1};1x1:1:{4: 1};2x2:4:{5: 4};1x1:1:{4: 1};1x1:1:{5: 1};2x2:4:{9: 4}
arc-gen,61,22x23,22x23,2,2 4 6 9,2 4 6 9,True,15,0.029644,"{2: 491, 4: 3, 6: 6, 9: 6}","{2: 476, 4: 18, 6: 6, 9: 6}",6,0,"2x2:4:{4: 3, 9: 1};1x1:1:{6: 1};2x2:4:{9: 4};2x2:4:{6: 4};1x1:1:{9: 1};1x1:1:{6: 1}"
arc-gen,62,18x18,18x18,6,1 5 6 7,1 5 6 7,True,25,0.07716,"{1: 6, 5: 5, 6: 307, 7: 6}","{1: 6, 5: 30, 6: 282, 7: 6}",6,0,"1x1:1:{7: 1};1x1:1:{1: 1};3x3:6:{1: 1, 5: 5};1x1:1:{7: 1};2x2:4:{7: 4};2x2:4:{1: 4}"
arc-gen,63,22x23,22x23,6,4 6 7 9,4 6 7 9,True,10,0.019763,"{4: 5, 6: 495, 7: 3, 9: 3}","{4: 15, 6: 485, 7: 3, 9: 3}",5,1,"1x1:1:{9: 1};1x1:1:{7: 1};1x1:1:{7: 1};3x3:7:{7: 1, 4: 5, 9: 1};1x1:1:{9: 1}"
arc-gen,64,21x22,21x22,1,1 3 5 8,1 3 5 8,True,20,0.04329,"{1: 447, 3: 5, 5: 5, 8: 5}","{1: 427, 3: 5, 5: 25, 8: 5}",4,0,"2x2:4:{8: 4};2x2:4:{3: 4};1x1:1:{8: 1};3x3:6:{5: 5, 3: 1}"
arc-gen,65,25x24,25x24,4,4 5 8 9,4 5 8 9,True,54,0.09,"{4: 574, 5: 10, 8: 10, 9: 6}","{4: 520, 5: 10, 8: 10, 9: 60}",3,1,"3x3:8:{5: 1, 9: 6, 8: 1};3x3:9:{5: 9};3x3:9:{8: 9}"
arc-gen,66,17x16,17x16,4,1 2 4 9,1 2 4 9,True,12,0.044118,"{1: 3, 2: 5, 4: 259, 9: 5}","{1: 15, 2: 5, 4: 247, 9: 5}",4,0,"2x2:4:{9: 4};2x2:4:{2: 4};2x2:4:{1: 3, 2: 1};1x1:1:{9: 1}"
arc-gen,67,18x18,18x18,4,1 3 4 6,1 3 4 6,True,12,0.037037,"{1: 4, 3: 4, 4: 312, 6: 4}","{1: 4, 3: 4, 4: 300, 6: 16}",8,0,"1x1:1:{1: 1};1x1:1:{3: 1};1x1:1:{1: 1};1x1:1:{3: 1};2x2:3:{6: 2, 3: 1};2x2:3:{6: 2, 1: 1};1x1:1:{3: 1};1x1:1:{1: 1}"
arc-gen,68,22x21,22x21,9,4 5 7 9,4 5 7 9,True,5,0.010823,"{4: 2, 5: 5, 7: 2, 9: 453}","{4: 2, 5: 10, 7: 2, 9: 448}",4,0,"3x3:6:{7: 1, 5: 5};1x1:1:{4: 1};1x1:1:{7: 1};1x1:1:{4: 1}"
arc-gen,69,26x25,26x25,6,1 2 3 6,1 2 3 6,True,12,0.018462,"{1: 3, 2: 5, 3: 5, 6: 637}","{1: 15, 2: 5, 3: 5, 6: 625}",4,0,"2x2:4:{3: 4};2x2:4:{2: 4};1x1:1:{2: 1};2x2:4:{1: 3, 3: 1}"
arc-gen,70,23x22,23x22,3,1 2 3 6,1 2 3 6,True,45,0.088933,"{1: 5, 2: 10, 3: 481, 6: 10}","{1: 50, 2: 10, 3: 436, 6: 10}",4,0,"3x3:6:{2: 1, 1: 5};1x1:1:{6: 1};3x3:9:{2: 9};3x3:9:{6: 9}"
arc-gen,71,17x17,17x17,9,1 2 4 9,1 2 4 9,True,5,0.017301,"{1: 2, 2: 5, 4: 2, 9: 280}","{1: 2, 2: 10, 4: 2, 9: 275}",4,0,"1x1:1:{1: 1};1x1:1:{4: 1};1x1:1:{1: 1};3x3:6:{2: 5, 4: 1}"
arc-gen,72,17x17,17x17,1,1 4 6 7,1 4 6 7,True,20,0.069204,"{1: 274, 4: 5, 6: 5, 7: 5}","{1: 254, 4: 25, 6: 5, 7: 5}",4,0,"3x3:6:{4: 5, 7: 1};1x1:1:{6: 1};2x2:4:{6: 4};2x2:4:{7: 4}"
arc-gen,73,18x18,18x18,3,3 4 5 7,3 4 5 7,True,6,0.018519,"{3: 315, 4: 3, 5: 3, 7: 3}","{3: 309, 4: 3, 5: 9, 7: 3}",9,0,1x1:1:{5: 1};1x1:1:{4: 1};1x1:1:{5: 1};1x1:1:{7: 1};1x1:1:{5: 1};1x1:1:{4: 1};1x1:1:{7: 1};1x1:1:{4: 1};1x1:1:{7: 1}
arc-gen,74,22x23,22x23,7,5 7 8 9,5 7 8 9,True,12,0.023715,"{5: 5, 7: 493, 8: 5, 9: 3}","{5: 5, 7: 481, 8: 5, 9: 15}",4,0,"1x1:1:{5: 1};2x2:4:{9: 3, 8: 1};2x2:4:{5: 4};2x2:4:{8: 4}"
arc-gen,75,19x18,19x18,7,2 4 6 7,2 4 6 7,True,5,0.01462,"{2: 5, 4: 2, 6: 2, 7: 333}","{2: 10, 4: 2, 6: 2, 7: 328}",3,1,"1x1:1:{4: 1};1x1:1:{6: 1};3x3:7:{4: 1, 2: 5, 6: 1}"
arc-gen,76,21x22,21x22,2,1 2 6 9,1 2 6 9,True,45,0.097403,"{1: 10, 2: 437, 6: 10, 9: 5}","{1: 10, 2: 392, 6: 10, 9: 50}",4,0,"3x3:6:{9: 5, 6: 1};3x3:9:{6: 9};1x1:1:{1: 1};3x3:9:{1: 9}"
arc-gen,77,22x23,22x23,4,1 2 3 4,1 2 3 4,True,5,0.009881,"{1: 2, 2: 5, 3: 2, 4: 497}","{1: 2, 2: 10, 3: 2, 4: 492}",4,0,"1x1:1:{1: 1};1x1:1:{3: 1};1x1:1:{3: 1};3x3:6:{2: 5, 1: 1}"
arc-gen,78,24x24,24x24,4,4 7 8 9,4 7 8 9,True,39,0.067708,"{4: 545, 7: 14, 8: 14, 9: 3}","{4: 506, 7: 14, 8: 14, 9: 42}",6,0,"1x1:1:{8: 1};2x2:4:{9: 3, 7: 1};2x2:4:{7: 4};2x2:4:{8: 4};3x3:9:{7: 9};3x3:9:{8: 9}"
arc-gen,79,16x17,16x17,6,1 5 6 7,1 5 6 7,True,15,0.055147,"{1: 4, 5: 4, 6: 259, 7: 5}","{1: 4, 5: 4, 6: 244, 7: 20}",7,1,"3x3:7:{5: 1, 7: 5, 1: 1};1x1:1:{1: 1};1x1:1:{5: 1};1x1:1:{1: 1};1x1:1:{1: 1};1x1:1:{5: 1};1x1:1:{5: 1}"
arc-gen,80,17x16,17x16,8,2 7 8 9,2 7 8 9,True,5,0.018382,"{2: 2, 7: 2, 8: 263, 9: 5}","{2: 2, 7: 2, 8: 258, 9: 10}",3,1,"1x1:1:{2: 1};1x1:1:{7: 1};3x3:7:{9: 5, 2: 1, 7: 1}"
arc-gen,81,20x20,20x20,5,1 2 3 5,1 2 3 5,True,12,0.03,"{1: 5, 2: 3, 3: 5, 5: 387}","{1: 5, 2: 15, 3: 5, 5: 375}",7,0,1x1:1:{2: 1};1x1:1:{3: 1};1x1:1:{2: 1};1x1:1:{1: 1};1x1:1:{2: 1};2x2:4:{1: 4};2x2:4:{3: 4}
arc-gen,82,21x21,21x21,9,3 5 6 9,3 5 6 9,True,15,0.034014,"{3: 3, 5: 6, 6: 6, 9: 426}","{3: 18, 5: 6, 6: 6, 9: 411}",6,0,"2x2:4:{6: 4};2x2:4:{6: 1, 3: 3};1x1:1:{5: 1};2x2:4:{5: 4};1x1:1:{5: 1};1x1:1:{6: 1}"
arc-gen,83,24x23,24x23,2,2 3 7 9,2 3 7 9,True,24,0.043478,"{2: 536, 3: 6, 7: 5, 9: 5}","{2: 512, 3: 30, 7: 5, 9: 5}",3,1,"2x2:4:{7: 4};2x2:4:{9: 4};3x3:8:{7: 1, 3: 6, 9: 1}"
arc-gen,84,20x19,20x19,6,2 3 6 9,2 3 6 9,True,12,0.031579,"{2: 3, 3: 5, 6: 367, 9: 5}","{2: 15, 3: 5, 6: 355, 9: 5}",7,0,2x2:4:{9: 4};2x2:4:{3: 4};1x1:1:{2: 1};1x1:1:{3: 1};1x1:1:{2: 1};1x1:1:{9: 1};1x1:1:{2: 1}
arc-gen,85,26x25,26x25,5,3 5 7 9,3 5 7 9,True,3,0.004615,"{3: 3, 5: 643, 7: 2, 9: 2}","{3: 6, 5: 640, 7: 2, 9: 2}",4,0,"1x1:1:{7: 1};1x1:1:{9: 1};2x2:4:{3: 3, 7: 1};1x1:1:{9: 1}"
arc-gen,86,16x15,16x15,1,1 2 5 8,1 2 5 8,True,12,0.05,"{1: 227, 2: 3, 5: 5, 8: 5}","{1: 215, 2: 15, 5: 5, 8: 5}",4,0,"1x1:1:{8: 1};2x2:4:{8: 4};2x2:4:{2: 3, 5: 1};2x2:4:{5: 4}"
arc-gen,87,16x17,16x17,8,1 5 6 8,1 5 6 8,True,5,0.018382,"{1: 2, 5: 2, 6: 5, 8: 263}","{1: 2, 5: 2, 6: 10, 8: 258}",4,0,"1x1:1:{1: 1};1x1:1:{5: 1};3x3:6:{1: 1, 6: 5};1x1:1:{5: 1}"
arc-gen,88,23x23,23x23,7,2 5 7 8,2 5 7 8,True,36,0.068053,"{2: 10, 5: 4, 7: 505, 8: 10}","{2: 10, 5: 40, 7: 469, 8: 10}",4,0,"2x2:3:{5: 2, 2: 1};2x2:3:{5: 2, 8: 1};3x3:9:{2: 9};3x3:9:{8: 9}"
arc-gen,89,22x23,22x23,7,1 4 5 7,1 4 5 7,True,39,0.077075,"{1: 14, 4: 3, 5: 14, 7: 475}","{1: 14, 4: 42, 5: 14, 7: 436}",9,0,3x3:9:{5: 9};3x3:9:{1: 9};2x2:4:{5: 4};1x1:1:{4: 1};1x1:1:{5: 1};1x1:1:{4: 1};1x1:1:{1: 1};1x1:1:{4: 1};2x2:4:{1: 4}
arc-gen,90,22x22,22x22,1,1 2 4 8,1 2 4 8,True,24,0.049587,"{1: 468, 2: 6, 4: 5, 8: 5}","{1: 444, 2: 30, 4: 5, 8: 5}",3,1,"2x2:4:{4: 4};3x3:8:{8: 1, 2: 6, 4: 1};2x2:4:{8: 4}"
arc-gen,91,18x17,18x17,6,2 3 6 9,2 3 6 9,True,45,0.147059,"{2: 10, 3: 5, 6: 281, 9: 10}","{2: 10, 3: 50, 6: 236, 9: 10}",4,0,"3x3:9:{2: 9};1x1:1:{2: 1};3x3:6:{3: 5, 9: 1};3x3:9:{9: 9}"
arc-gen,92,24x25,24x25,1,1 2 5 7,1 2 5 7,True,44,0.073333,"{1: 572, 2: 4, 5: 12, 7: 12}","{1: 528, 2: 48, 5: 12, 7: 12}",8,0,"3x3:9:{7: 9};2x2:3:{7: 1, 2: 2};2x2:3:{2: 2, 5: 1};3x3:9:{5: 9};1x1:1:{5: 1};1x1:1:{5: 1};1x1:1:{7: 1};1x1:1:{7: 1}"
arc-gen,93,25x24,25x24,2,2 5 6 9,2 5 6 9,True,15,0.025,"{2: 585, 5: 6, 6: 3, 9: 6}","{2: 570, 5: 6, 6: 18, 9: 6}",6,0,"1x1:1:{5: 1};1x1:1:{9: 1};2x2:4:{9: 4};2x2:4:{9: 1, 6: 3};2x2:4:{5: 4};1x1:1:{5: 1}"
arc-gen,94,23x22,23x22,2,2 4 5 7,2 4 5 7,True,90,0.177866,"{2: 463, 4: 5, 5: 19, 7: 19}","{2: 373, 4: 95, 5: 19, 7: 19}",5,1,"3x3:9:{7: 9};3x3:9:{5: 9};3x3:7:{4: 5, 5: 1, 7: 1};3x3:9:{5: 9};3x3:9:{7: 9}"
arc-gen,95,18x19,18x19,6,1 3 5 6,1 3 5 6,True,24,0.070175,"{1: 5, 3: 6, 5: 5, 6: 326}","{1: 5, 3: 30, 5: 5, 6: 302}",3,1,"2x2:4:{5: 4};2x2:4:{1: 4};3x3:8:{1: 1, 3: 6, 5: 1}"
arc-gen,96,23x22,23x22,9,3 4 8 9,3 4 8 9,True,20,0.039526,"{3: 5, 4: 5, 8: 5, 9: 491}","{3: 5, 4: 25, 8: 5, 9: 471}",3,1,"3x3:7:{8: 1, 4: 5, 3: 1};2x2:4:{8: 4};2x2:4:{3: 4}"
arc-gen,97,26x25,26x25,3,2 3 8 9,2 3 8 9,True,3,0.004615,"{2: 2, 3: 643, 8: 3, 9: 2}","{2: 2, 3: 640, 8: 6, 9: 2}",4,0,"2x2:4:{8: 3, 9: 1};1x1:1:{2: 1};1x1:1:{9: 1};1x1:1:{2: 1}"
arc-gen,98,19x19,19x19,1,1 2 4 6,1 2 4 6,True,24,0.066482,"{1: 345, 2: 5, 4: 6, 6: 5}","{1: 321, 2: 5, 4: 30, 6: 5}",3,1,"2x2:4:{2: 4};3x3:8:{2: 1, 4: 6, 6: 1};2x2:4:{6: 4}"
arc-gen,99,20x19,20x19,9,1 4 6 9,1 4 6 9,True,24,0.063158,"{1: 6, 4: 5, 6: 5, 9: 364}","{1: 30, 4: 5, 6: 5, 9: 340}",3,1,"2x2:4:{4: 4};2x2:4:{6: 4};3x3:8:{6: 1, 1: 6, 4: 1}"
arc-gen,100,18x19,18x19,4,2 4 8 9,2 4 8 9,True,6,0.017544,"{2: 2, 4: 332, 8: 2, 9: 6}","{2: 2, 4: 326, 8: 2, 9: 12}",3,1,"3x3:8:{2: 1, 9: 6, 8: 1};1x1:1:{2: 1};1x1:1:{8: 1}"
arc-gen,101,22x23,22x23,8,2 5 7 8,2 5 7 8,True,27,0.05336,"{2: 3, 5: 10, 7: 10, 8: 483}","{2: 30, 5: 10, 7: 10, 8: 456}",4,0,"2x2:4:{2: 3, 7: 1};1x1:1:{5: 1};3x3:9:{5: 9};3x3:9:{7: 9}"
arc-gen,102,25x24,25x24,2,2 4 8 9,2 4 8 9,True,24,0.04,"{2: 584, 4: 5, 8: 6, 9: 5}","{2: 560, 4: 5, 8: 30, 9: 5}",3,1,"3x3:8:{9: 1, 8: 6, 4: 1};2x2:4:{9: 4};2x2:4:{4: 4}"
arc-gen,103,24x24,24x24,8,1 4 5 8,1 4 5 8,True,25,0.043403,"{1: 6, 4: 5, 5: 6, 8: 559}","{1: 6, 4: 30, 5: 6, 8: 534}",5,1,"3x3:7:{4: 5, 1: 1, 5: 1};1x1:1:{5: 1};1x1:1:{1: 1};2x2:4:{1: 4};2x2:4:{5: 4}"
arc-gen,104,24x23,24x23,3,1 3 6 9,1 3 6 9,True,3,0.005435,"{1: 3, 3: 545, 6: 2, 9: 2}","{1: 6, 3: 542, 6: 2, 9: 2}",4,0,"1x1:1:{6: 1};2x2:4:{1: 3, 9: 1};1x1:1:{9: 1};1x1:1:{6: 1}"
arc-gen,105,16x16,16x16,2,2 4 5 9,2 4 5 9,True,20,0.078125,"{2: 241, 4: 5, 5: 5, 9: 5}","{2: 221, 4: 5, 5: 5, 9: 25}",4,0,"1x1:1:{4: 1};3x3:6:{9: 5, 5: 1};2x2:4:{4: 4};2x2:4:{5: 4}"
arc-gen,106,24x25,24x25,4,4 5 7 9,4 5 7 9,True,30,0.05,"{4: 582, 5: 6, 7: 6, 9: 6}","{4: 552, 5: 6, 7: 6, 9: 36}",5,1,"1x1:1:{5: 1};3x3:8:{7: 1, 9: 6, 5: 1};1x1:1:{7: 1};2x2:4:{7: 4};2x2:4:{5: 4}"
arc-gen,107,24x23,24x23,9,2 3 6 9,2 3 6 9,True,20,0.036232,"{2: 5, 3: 5, 6: 5, 9: 537}","{2: 25, 3: 5, 6: 5, 9: 517}",3,1,"3x3:7:{2: 5, 6: 1, 3: 1};2x2:4:{3: 4};2x2:4:{6: 4}"
arc-gen,108,23x22,23x22,2,2 3 4 7,2 3 4 7,True,45,0.088933,"{2: 481, 3: 10, 4: 5, 7: 10}","{2: 436, 3: 10, 4: 50, 7: 10}",4,0,"3x3:9:{3: 9};3x3:9:{7: 9};3x3:6:{4: 5, 3: 1};1x1:1:{7: 1}"
arc-gen,109,18x17,18x17,2,2 3 4 7,2 3 4 7,True,20,0.065359,"{2: 291, 3: 5, 4: 5, 7: 5}","{2: 271, 3: 5, 4: 25, 7: 5}",4,0,"1x1:1:{3: 1};3x3:6:{4: 5, 7: 1};2x2:4:{3: 4};2x2:4:{7: 4}"
arc-gen,110,25x24,25x24,1,1 4 8 9,1 4 8 9,True,4,0.006667,"{1: 592, 4: 2, 8: 2, 9: 4}","{1: 588, 4: 2, 8: 2, 9: 8}",4,0,"1x1:1:{4: 1};1x1:1:{8: 1};2x2:3:{4: 1, 9: 2};2x2:3:{9: 2, 8: 1}"
arc-gen,111,22x23,22x23,7,4 6 7 9,4 6 7 9,True,25,0.049407,"{4: 6, 6: 6, 7: 489, 9: 5}","{4: 6, 6: 6, 7: 464, 9: 30}",6,0,"3x3:6:{9: 5, 6: 1};1x1:1:{4: 1};1x1:1:{6: 1};2x2:4:{6: 4};1x1:1:{4: 1};2x2:4:{4: 4}"
arc-gen,112,23x22,23x22,8,1 5 6 8,1 5 6 8,True,3,0.005929,"{1: 2, 5: 2, 6: 3, 8: 499}","{1: 2, 5: 2, 6: 6, 8: 496}",7,0,1x1:1:{5: 1};1x1:1:{1: 1};1x1:1:{6: 1};1x1:1:{1: 1};1x1:1:{6: 1};1x1:1:{6: 1};1x1:1:{5: 1}
arc-gen,113,18x18,18x18,8,2 3 6 8,2 3 6 8,True,12,0.037037,"{2: 5, 3: 5, 6: 3, 8: 311}","{2: 5, 3: 5, 6: 15, 8: 299}",4,0,"2x2:4:{3: 4};2x2:4:{2: 4};2x2:4:{2: 1, 6: 3};1x1:1:{3: 1}"
arc-gen,114,25x25,25x25,3,1 2 3 8,1 2 3 8,True,20,0.032,"{1: 5, 2: 5, 3: 610, 8: 5}","{1: 5, 2: 25, 3: 590, 8: 5}",4,0,"1x1:1:{8: 1};3x3:6:{2: 5, 1: 1};2x2:4:{1: 4};2x2:4:{8: 4}"
arc-gen,115,19x18,19x18,6,1 2 4 6,1 2 4 6,True,5,0.01462,"{1: 2, 2: 5, 4: 2, 6: 333}","{1: 2, 2: 10, 4: 2, 6: 328}",4,0,"3x3:6:{2: 5, 4: 1};1x1:1:{1: 1};1x1:1:{4: 1};1x1:1:{1: 1}"
arc-gen,116,17x16,17x16,7,2 3 6 7,2 3 6 7,True,5,0.018382,"{2: 2, 3: 5, 6: 2, 7: 263}","{2: 2, 3: 10, 6: 2, 7: 258}",4,0,"3x3:6:{3: 5, 6: 1};1x1:1:{2: 1};1x1:1:{6: 1};1x1:1:{2: 1}"
arc-gen,117,24x25,24x25,4,3 4 6 9,3 4 6 9,True,50,0.083333,"{3: 11, 4: 573, 6: 11, 9: 5}","{3: 11, 4: 523, 6: 11, 9: 55}",6,0,"3x3:9:{3: 9};3x3:9:{6: 9};3x3:6:{9: 5, 6: 1};1x1:1:{3: 1};1x1:1:{3: 1};1x1:1:{6: 1}"
arc-gen,118,22x21,22x21,4,2 4 5 6,2 4 5 6,True,32,0.069264,"{2: 9, 4: 440, 5: 9, 6: 4}","{2: 9, 4: 408, 5: 9, 6: 36}",6,0,"2x2:3:{6: 2, 2: 1};2x2:3:{6: 2, 5: 1};2x2:4:{5: 4};2x2:4:{5: 4};2x2:4:{2: 4};2x2:4:{2: 4}"
arc-gen,119,24x23,24x23,4,2 4 8 9,2 4 8 9,True,3,0.005435,"{2: 2, 4: 545, 8: 3, 9: 2}","{2: 2, 4: 542, 8: 6, 9: 2}",7,0,1x1:1:{9: 1};1x1:1:{2: 1};1x1:1:{9: 1};1x1:1:{8: 1};1x1:1:{8: 1};1x1:1:{8: 1};1x1:1:{2: 1}
arc-gen,120,23x23,23x23,7,1 2 5 7,1 2 5 7,True,20,0.037807,"{1: 5, 2: 5, 5: 5, 7: 514}","{1: 5, 2: 25, 5: 5, 7: 494}",3,1,"3x3:7:{2: 5, 5: 1, 1: 1};2x2:4:{1: 4};2x2:4:{5: 4}"
arc-gen,121,22x23,22x23,5,3 5 6 9,3 5 6 9,True,5,0.009881,"{3: 2, 5: 497, 6: 5, 9: 2}","{3: 2, 5: 492, 6: 10, 9: 2}",3,1,"1x1:1:{3: 1};1x1:1:{9: 1};3x3:7:{6: 5, 3: 1, 9: 1}"
arc-gen,122,19x20,19x20,3,2 3 6 9,2 3 6 9,True,20,0.052632,"{2: 5, 3: 365, 6: 5, 9: 5}","{2: 5, 3: 345, 6: 5, 9: 25}",4,0,"2x2:4:{2: 4};2x2:4:{6: 4};3x3:6:{9: 5, 2: 1};1x1:1:{6: 1}"
arc-gen,123,23x24,23x24,5,3 4 5 8,3 4 5 8,True,10,0.018116,"{3: 3, 4: 5, 5: 541, 8: 3}","{3: 3, 4: 15, 5: 531, 8: 3}",5,1,"1x1:1:{3: 1};1x1:1:{8: 1};1x1:1:{3: 1};1x1:1:{8: 1};3x3:7:{4: 5, 8: 1, 3: 1}"
arc-gen,124,24x23,24x23,5,5 6 8 9,5 6 8 9,True,54,0.097826,"{5: 526, 6: 10, 8: 6, 9: 10}","{5: 472, 6: 10, 8: 60, 9: 10}",3,1,"3x3:8:{9: 1, 8: 6, 6: 1};3x3:9:{9: 9};3x3:9:{6: 9}"
arc-gen,125,25x25,25x25,8,1 7 8 9,1 7 8 9,True,5,0.008,"{1: 2, 7: 5, 8: 616, 9: 2}","{1: 2, 7: 10, 8: 611, 9: 2}",3,1,"1x1:1:{9: 1};1x1:1:{1: 1};3x3:7:{9: 1, 7: 5, 1: 1}"
arc-gen,126,21x22,21x22,6,4 6 7 9,4 6 7 9,True,25,0.054113,"{4: 5, 6: 445, 7: 6, 9: 6}","{4: 30, 6: 420, 7: 6, 9: 6}",5,1,"3x3:7:{7: 1, 4: 5, 9: 1};2x2:4:{9: 4};2x2:4:{7: 4};1x1:1:{9: 1};1x1:1:{7: 1}"
arc-gen,127,24x23,24x23,7,2 5 7 8,2 5 7 8,True,3,0.005435,"{2: 3, 5: 2, 7: 545, 8: 2}","{2: 6, 5: 2, 7: 542, 8: 2}",7,0,1x1:1:{8: 1};1x1:1:{5: 1};1x1:1:{5: 1};1x1:1:{2: 1};1x1:1:{2: 1};1x1:1:{2: 1};1x1:1:{8: 1}
arc-gen,128,23x24,23x24,5,1 5 8 9,1 5 8 9,True,5,0.009058,"{1: 5, 5: 543, 8: 2, 9: 2}","{1: 10, 5: 538, 8: 2, 9: 2}",3,1,"1x1:1:{9: 1};1x1:1:{8: 1};3x3:7:{9: 1, 1: 5, 8: 1}"
arc-gen,129,23x24,23x24,7,3 4 6 7,3 4 6 7,True,3,0.005435,"{3: 3, 4: 2, 6: 2, 7: 545}","{3: 6, 4: 2, 6: 2, 7: 542}",7,0,1x1:1:{4: 1};1x1:1:{6: 1};1x1:1:{4: 1};1x1:1:{3: 1};1x1:1:{3: 1};1x1:1:{3: 1};1x1:1:{6: 1}
arc-gen,130,15x15,15x15,1,1 2 3 6,1 2 3 6,True,5,0.022222,"{1: 216, 2: 5, 3: 2, 6: 2}","{1: 211, 2: 10, 3: 2, 6: 2}",3,1,"3x3:7:{3: 1, 2: 5, 6: 1};1x1:1:{3: 1};1x1:1:{6: 1}"
arc-gen,131,21x20,21x20,2,1 2 3 8,1 2 3 8,True,60,0.142857,"{1: 13, 2: 389, 3: 13, 8: 5}","{1: 13, 2: 329, 3: 13, 8: 65}",7,1,"3x3:7:{1: 1, 8: 5, 3: 1};2x2:4:{3: 4};2x2:4:{1: 4};2x2:4:{1: 4};2x2:4:{3: 4};2x2:4:{3: 4};2x2:4:{1: 4}"
arc-gen,132,18x18,18x18,9,2 4 6 9,2 4 6 9,True,27,0.083333,"{2: 10, 4: 10, 6: 3, 9: 301}","{2: 10, 4: 10, 6: 30, 9: 274}",4,0,"3x3:9:{2: 9};3x3:9:{4: 9};2x2:4:{6: 3, 2: 1};1x1:1:{4: 1}"
arc-gen,133,18x17,18x17,2,1 2 5 9,1 2 5 9,True,3,0.009804,"{1: 2, 2: 299, 5: 3, 9: 2}","{1: 2, 2: 296, 5: 6, 9: 2}",7,0,1x1:1:{1: 1};1x1:1:{5: 1};1x1:1:{5: 1};1x1:1:{5: 1};1x1:1:{9: 1};1x1:1:{1: 1};1x1:1:{9: 1}
arc-gen,134,19x20,19x20,5,5 7 8 9,5 7 8 9,True,20,0.052632,"{5: 365, 7: 5, 8: 5, 9: 5}","{5: 345, 7: 25, 8: 5, 9: 5}",3,1,"3x3:7:{9: 1, 7: 5, 8: 1};2x2:4:{8: 4};2x2:4:{9: 4}"
arc-gen,135,21x22,21x22,5,5 6 7 9,5 6 7 9,True,25,0.054113,"{5: 445, 6: 5, 7: 6, 9: 6}","{5: 420, 6: 30, 7: 6, 9: 6}",6,0,"1x1:1:{9: 1};1x1:1:{7: 1};2x2:4:{7: 4};2x2:4:{9: 4};1x1:1:{7: 1};3x3:6:{6: 5, 9: 1}"
arc-gen,136,16x16,16x16,7,2 3 5 7,2 3 5 7,True,5,0.019531,"{2: 5, 3: 2, 5: 2, 7: 247}","{2: 10, 3: 2, 5: 2, 7: 242}",3,1,"3x3:7:{2: 5, 5: 1, 3: 1};1x1:1:{5: 1};1x1:1:{3: 1}"
arc-gen,137,23x24,23x24,9,3 6 8 9,3 6 8 9,True,3,0.005435,"{3: 3, 6: 2, 8: 2, 9: 545}","{3: 6, 6: 2, 8: 2, 9: 542}",4,0,"1x1:1:{6: 1};2x2:4:{3: 3, 8: 1};1x1:1:{6: 1};1x1:1:{8: 1}"
arc-gen,138,26x25,26x25,5,2 3 4 5,2 3 4 5,True,12,0.018462,"{2: 5, 3: 3, 4: 5, 5: 637}","{2: 5, 3: 15, 4: 5, 5: 625}",4,0,"2x2:4:{4: 1, 3: 3};1x1:1:{2: 1};2x2:4:{2: 4};2x2:4:{4: 4}"
arc-gen,139,22x22,22x22,2,2 4 5 6,2 4 5 6,True,5,0.010331,"{2: 475, 4: 2, 5: 2, 6: 5}","{2: 470, 4: 2, 5: 2, 6: 10}",3,1,"3x3:7:{4: 1, 6: 5, 5: 1};1x1:1:{5: 1};1x1:1:{4: 1}"
arc-gen,140,22x21,22x21,6,1 2 6 7,1 2 6 7,True,5,0.010823,"{1: 5, 2: 2, 6: 453, 7: 2}","{1: 10, 2: 2, 6: 448, 7: 2}",3,1,"3x3:7:{1: 5, 7: 1, 2: 1};1x1:1:{2: 1};1x1:1:{7: 1}"
arc-gen,141,18x19,18x19,7,2 3 7 8,2 3 7 8,True,10,0.02924,"{2: 3, 3: 3, 7: 331, 8: 5}","{2: 3, 3: 3, 7: 321, 8: 15}",5,1,"1x1:1:{3: 1};1x1:1:{2: 1};1x1:1:{2: 1};1x1:1:{3: 1};3x3:7:{8: 5, 3: 1, 2: 1}"
arc-gen,142,24x24,24x24,2,2 4 5 6,2 4 5 6,True,16,0.027778,"{2: 562, 4: 5, 5: 4, 6: 5}","{2: 546, 4: 5, 5: 20, 6: 5}",4,0,"2x2:3:{6: 1, 5: 2};2x2:3:{5: 2, 4: 1};2x2:4:{4: 4};2x2:4:{6: 4}"
arc-gen,143,24x25,24x25,9,1 5 6 9,1 5 6 9,True,36,0.06,"{1: 10, 5: 4, 6: 10, 9: 576}","{1: 10, 5: 40, 6: 10, 9: 540}",4,0,"3x3:9:{1: 9};3x3:9:{6: 9};2x2:3:{1: 1, 5: 2};2x2:3:{5: 2, 6: 1}"
arc-gen,144,22x21,22x21,3,3 6 7 9,3 6 7 9,True,12,0.025974,"{3: 449, 6: 5, 7: 3, 9: 5}","{3: 437, 6: 5, 7: 15, 9: 5}",4,0,"2x2:4:{6: 4};2x2:4:{9: 4};2x2:4:{9: 1, 7: 3};1x1:1:{6: 1}"
arc-gen,145,24x25,24x25,8,1 5 7 8,1 5 7 8,True,24,0.04,"{1: 9, 5: 9, 7: 3, 8: 579}","{1: 9, 5: 9, 7: 27, 8: 555}",6,0,"2x2:4:{5: 4};2x2:4:{1: 1, 7: 3};2x2:4:{1: 4};1x1:1:{5: 1};2x2:4:{1: 4};2x2:4:{5: 4}"
arc-gen,146,23x22,23x22,3,1 3 4 9,1 3 4 9,True,27,0.05336,"{1: 10, 3: 483, 4: 3, 9: 10}","{1: 10, 3: 456, 4: 30, 9: 10}",4,0,"1x1:1:{9: 1};2x2:4:{4: 3, 1: 1};3x3:9:{9: 9};3x3:9:{1: 9}"
arc-gen,147,22x23,22x23,6,2 6 7 9,2 6 7 9,True,45,0.088933,"{2: 10, 6: 481, 7: 10, 9: 5}","{2: 10, 6: 436, 7: 10, 9: 50}",4,0,"3x3:6:{2: 1, 9: 5};1x1:1:{7: 1};3x3:9:{2: 9};3x3:9:{7: 9}"
arc-gen,148,16x16,16x16,4,1 4 6 7,1 4 6 7,True,27,0.105469,"{1: 10, 4: 233, 6: 3, 7: 10}","{1: 10, 4: 206, 6: 30, 7: 10}",4,0,"1x1:1:{7: 1};2x2:4:{6: 3, 1: 1};3x3:9:{7: 9};3x3:9:{1: 9}"
arc-gen,149,23x22,23x22,4,4 6 7 9,4 6 7 9,True,12,0.023715,"{4: 493, 6: 3, 7: 5, 9: 5}","{4: 481, 6: 15, 7: 5, 9: 5}",4,0,"2x2:4:{9: 4};2x2:4:{7: 4};2x2:4:{7: 1, 6: 3};1x1:1:{9: 1}"
arc-gen,150,19x20,19x20,3,1 2 3 6,1 2 3 6,True,5,0.013158,"{1: 2, 2: 2, 3: 371, 6: 5}","{1: 2, 2: 2, 3: 366, 6: 10}",4,0,"1x1:1:{1: 1};1x1:1:{2: 1};3x3:6:{1: 1, 6: 5};1x1:1:{2: 1}"
arc-gen,151,16x16,16x16,8,2 3 6 8,2 3 6 8,True,12,0.046875,"{2: 5, 3: 3, 6: 5, 8: 243}","{2: 5, 3: 15, 6: 5, 8: 231}",4,0,"2x2:4:{3: 3, 6: 1};1x1:1:{2: 1};2x2:4:{6: 4};2x2:4:{2: 4}"
arc-gen,152,25x25,25x25,7,2 5 7 8,2 5 7 8,True,12,0.0192,"{2: 3, 5: 3, 7: 613, 8: 6}","{2: 3, 5: 3, 7: 601, 8: 18}",5,1,"3x3:8:{8: 6, 2: 1, 5: 1};1x1:1:{2: 1};1x1:1:{5: 1};1x1:1:{5: 1};1x1:1:{2: 1}"
arc-gen,153,15x16,15x16,8,5 7 8 9,5 7 8 9,True,4,0.016667,"{5: 2, 7: 4, 8: 232, 9: 2}","{5: 2, 7: 8, 8: 228, 9: 2}",4,0,"1x1:1:{9: 1};1x1:1:{5: 1};2x2:3:{9: 1, 7: 2};2x2:3:{7: 2, 5: 1}"
arc-gen,154,21x20,21x20,7,2 3 6 7,2 3 6 7,True,20,0.047619,"{2: 5, 3: 5, 6: 5, 7: 405}","{2: 5, 3: 25, 6: 5, 7: 385}",4,0,"1x1:1:{6: 1};3x3:6:{3: 5, 2: 1};2x2:4:{2: 4};2x2:4:{6: 4}"
arc-gen,155,21x22,21x22,9,2 5 7 9,2 5 7 9,True,78,0.168831,"{2: 14, 5: 6, 7: 14, 9: 428}","{2: 14, 5: 84, 7: 14, 9: 350}",5,1,"3x3:8:{2: 1, 5: 6, 7: 1};2x2:4:{7: 4};3x3:9:{7: 9};2x2:4:{2: 4};3x3:9:{2: 9}"
arc-gen,156,18x19,18x19,1,1 5 6 7,1 5 6 7,True,54,0.157895,"{1: 316, 5: 6, 6: 10, 7: 10}","{1: 262, 5: 60, 6: 10, 7: 10}",3,1,"3x3:8:{7: 1, 5: 6, 6: 1};3x3:9:{7: 9};3x3:9:{6: 9}"
arc-gen,157,25x25,25x25,5,5 6 8 9,5 6 8 9,True,27,0.0432,"{5: 602, 6: 10, 8: 3, 9: 10}","{5: 575, 6: 10, 8: 30, 9: 10}",7,0,1x1:1:{6: 1};1x1:1:{8: 1};1x1:1:{8: 1};1x1:1:{8: 1};1x1:1:{9: 1};3x3:9:{6: 9};3x3:9:{9: 9}
arc-gen,158,23x22,23x22,5,2 4 5 8,2 4 5 8,True,45,0.088933,"{2: 10, 4: 10, 5: 481, 8: 5}","{2: 10, 4: 10, 5: 436, 8: 50}",4,0,"3x3:9:{4: 9};3x3:9:{2: 9};1x1:1:{4: 1};3x3:6:{8: 5, 2: 1}"
arc-gen,159,21x21,21x21,7,1 4 6 7,1 4 6 7,True,20,0.045351,"{1: 5, 4: 5, 6: 5, 7: 426}","{1: 5, 4: 5, 6: 25, 7: 406}",3,1,"2x2:4:{4: 4};2x2:4:{1: 4};3x3:7:{6: 5, 4: 1, 1: 1}"
arc-gen,160,25x25,25x25,5,3 4 5 6,3 4 5 6,True,30,0.048,"{3: 3, 4: 11, 5: 600, 6: 11}","{3: 33, 4: 11, 5: 570, 6: 11}",6,0,"3x3:9:{6: 9};3x3:9:{4: 9};1x1:1:{4: 1};2x2:4:{3: 3, 6: 1};1x1:1:{6: 1};1x1:1:{4: 1}"
arc-gen,161,18x19,18x19,6,2 4 6 8,2 4 6 8,True,20,0.05848,"{2: 5, 4: 5, 6: 327, 8: 5}","{2: 25, 4: 5, 6: 307, 8: 5}",3,1,"3x3:7:{2: 5, 4: 1, 8: 1};2x2:4:{8: 4};2x2:4:{4: 4}"
arc-gen,162,24x23,24x23,4,2 4 6 8,2 4 6 8,True,20,0.036232,"{2: 5, 4: 537, 6: 5, 8: 5}","{2: 25, 4: 517, 6: 5, 8: 5}",4,0,"2x2:4:{6: 4};2x2:4:{8: 4};3x3:6:{2: 5, 8: 1};1x1:1:{6: 1}"
arc-gen,163,21x22,21x22,3,2 3 5 6,2 3 5 6,True,16,0.034632,"{2: 5, 3: 448, 5: 5, 6: 4}","{2: 5, 3: 432, 5: 5, 6: 20}",4,0,"2x2:4:{2: 4};2x2:4:{5: 4};2x2:3:{2: 1, 6: 2};2x2:3:{6: 2, 5: 1}"
arc-gen,164,17x17,17x17,2,2 5 6 9,2 5 6 9,True,6,0.020761,"{2: 279, 5: 2, 6: 6, 9: 2}","{2: 273, 5: 2, 6: 12, 9: 2}",3,1,"3x3:8:{9: 1, 6: 6, 5: 1};1x1:1:{5: 1};1x1:1:{9: 1}"
arc-gen,165,24x23,24x23,2,2 5 6 9,2 5 6 9,True,45,0.081522,"{2: 527, 5: 10, 6: 5, 9: 10}","{2: 482, 5: 10, 6: 50, 9: 10}",4,0,"3x3:6:{5: 1, 6: 5};1x1:1:{9: 1};3x3:9:{5: 9};3x3:9:{9: 9}"
arc-gen,166,25x25,25x25,9,2 5 8 9,2 5 8 9,True,36,0.0576,"{2: 4, 5: 10, 8: 10, 9: 601}","{2: 40, 5: 10, 8: 10, 9: 565}",4,0,"2x2:3:{5: 1, 2: 2};2x2:3:{2: 2, 8: 1};3x3:9:{5: 9};3x3:9:{8: 9}"
arc-gen,167,16x15,16x15,6,1 3 4 6,1 3 4 6,True,20,0.083333,"{1: 5, 3: 5, 4: 5, 6: 225}","{1: 5, 3: 25, 4: 5, 6: 205}",3,1,"3x3:7:{1: 1, 3: 5, 4: 1};2x2:4:{4: 4};2x2:4:{1: 4}"
arc-gen,168,18x17,18x17,3,3 4 6 7,3 4 6 7,True,5,0.01634,"{3: 297, 4: 2, 6: 5, 7: 2}","{3: 292, 4: 2, 6: 10, 7: 2}",4,0,"3x3:6:{6: 5, 4: 1};1x1:1:{7: 1};1x1:1:{7: 1};1x1:1:{4: 1}"
arc-gen,169,20x20,20x20,8,2 4 7 8,2 4 7 8,True,30,0.075,"{2: 6, 4: 6, 7: 6, 8: 382}","{2: 6, 4: 36, 7: 6, 8: 352}",5,1,"1x1:1:{7: 1};1x1:1:{2: 1};2x2:4:{2: 4};2x2:4:{7: 4};3x3:8:{2: 1, 4: 6, 7: 1}"
arc-gen,170,24x25,24x25,6,4 6 7 8,4 6 7 8,True,16,0.026667,"{4: 4, 6: 586, 7: 5, 8: 5}","{4: 20, 6: 570, 7: 5, 8: 5}",4,0,"2x2:4:{8: 4};2x2:3:{4: 2, 7: 1};2x2:3:{4: 2, 8: 1};2x2:4:{7: 4}"
arc-gen,171,25x24,25x24,6,3 6 8 9,3 6 8 9,True,30,0.05,"{3: 11, 6: 575, 8: 11, 9: 3}","{3: 11, 6: 545, 8: 11, 9: 33}",6,0,"1x1:1:{8: 1};1x1:1:{3: 1};3x3:9:{3: 9};3x3:9:{8: 9};2x2:4:{3: 1, 9: 3};1x1:1:{8: 1}"
arc-gen,172,19x19,19x19,3,3 4 6 7,3 4 6 7,True,27,0.074792,"{3: 338, 4: 3, 6: 10, 7: 10}","{3: 311, 4: 30, 6: 10, 7: 10}",4,0,"3x3:9:{6: 9};1x1:1:{7: 1};2x2:4:{4: 3, 6: 1};3x3:9:{7: 9}"
arc-gen,173,23x23,23x23,4,3 4 5 6,3 4 5 6,True,24,0.045369,"{3: 5, 4: 513, 5: 5, 6: 6}","{3: 5, 4: 489, 5: 5, 6: 30}",3,1,"3x3:8:{6: 6, 3: 1, 5: 1};2x2:4:{3: 4};2x2:4:{5: 4}"
arc-gen,174,18x17,18x17,7,3 5 7 8,3 5 7 8,True,27,0.088235,"{3: 10, 5: 3, 7: 283, 8: 10}","{3: 10, 5: 30, 7: 256, 8: 10}",4,0,"2x2:4:{8: 1, 5: 3};1x1:1:{3: 1};3x3:9:{3: 9};3x3:9:{8: 9}"
arc-gen,175,23x24,23x24,9,2 7 8 9,2 7 8 9,True,5,0.009058,"{2: 2, 7: 5, 8: 2, 9: 543}","{2: 2, 7: 10, 8: 2, 9: 538}",3,1,"3x3:7:{7: 5, 8: 1, 2: 1};1x1:1:{2: 1};1x1:1:{8: 1}"
arc-gen,176,26x25,26x25,4,1 2 4 7,1 2 4 7,True,20,0.030769,"{1: 5, 2: 5, 4: 635, 7: 5}","{1: 5, 2: 5, 4: 615, 7: 25}",3,1,"2x2:4:{2: 4};3x3:7:{1: 1, 7: 5, 2: 1};2x2:4:{1: 4}"
arc-gen,177,24x23,24x23,5,1 5 6 8,1 5 6 8,True,36,0.065217,"{1: 6, 5: 532, 6: 7, 8: 7}","{1: 42, 5: 496, 6: 7, 8: 7}",7,1,"1x1:1:{6: 1};1x1:1:{8: 1};2x2:4:{6: 4};2x2:4:{8: 4};1x1:1:{6: 1};3x3:8:{8: 1, 1: 6, 6: 1};1x1:1:{8: 1}"
arc-gen,178,18x18,18x18,7,2 6 7 8,2 6 7 8,True,3,0.009259,"{2: 2, 6: 3, 7: 317, 8: 2}","{2: 2, 6: 6, 7: 314, 8: 2}",4,0,"1x1:1:{8: 1};1x1:1:{8: 1};2x2:4:{6: 3, 2: 1};1x1:1:{2: 1}"
arc-gen,179,17x16,17x16,4,1 2 4 5,1 2 4 5,True,5,0.018382,"{1: 5, 2: 2, 4: 263, 5: 2}","{1: 10, 2: 2, 4: 258, 5: 2}",4,0,"1x1:1:{5: 1};1x1:1:{2: 1};1x1:1:{5: 1};3x3:6:{1: 5, 2: 1}"
arc-gen,180,22x23,22x23,9,5 6 7 9,5 6 7 9,True,12,0.023715,"{5: 5, 6: 5, 7: 3, 9: 493}","{5: 5, 6: 5, 7: 15, 9: 481}",7,0,2x2:4:{5: 4};2x2:4:{6: 4};1x1:1:{5: 1};1x1:1:{7: 1};1x1:1:{7: 1};1x1:1:{7: 1};1x1:1:{6: 1}
arc-gen,181,26x25,26x25,4,1 4 5 7,1 4 5 7,True,6,0.009231,"{1: 3, 4: 641, 5: 3, 7: 3}","{1: 3, 4: 635, 5: 9, 7: 3}",6,0,"1x1:1:{1: 1};2x2:4:{5: 3, 7: 1};1x1:1:{1: 1};1x1:1:{7: 1};1x1:1:{7: 1};1x1:1:{1: 1}"
arc-gen,182,22x21,22x21,1,1 3 4 6,1 3 4 6,True,3,0.006494,"{1: 455, 3: 2, 4: 3, 6: 2}","{1: 452, 3: 2, 4: 6, 6: 2}",4,0,"2x2:4:{6: 1, 4: 3};1x1:1:{6: 1};1x1:1:{3: 1};1x1:1:{3: 1}"
arc-gen,183,16x17,16x17,1,1 2 3 5,1 2 3 5,True,12,0.044118,"{1: 259, 2: 5, 3: 3, 5: 5}","{1: 247, 2: 5, 3: 15, 5: 5}",4,0,"1x1:1:{5: 1};2x2:4:{3: 3, 2: 1};2x2:4:{5: 4};2x2:4:{2: 4}"
arc-gen,184,25x25,25x25,5,4 5 8 9,4 5 8 9,True,4,0.0064,"{4: 2, 5: 617, 8: 4, 9: 2}","{4: 2, 5: 613, 8: 8, 9: 2}",4,0,"1x1:1:{4: 1};1x1:1:{9: 1};2x2:3:{8: 2, 4: 1};2x2:3:{8: 2, 9: 1}"
arc-gen,185,24x25,24x25,6,3 6 8 9,3 6 8 9,True,27,0.045,"{3: 10, 6: 577, 8: 3, 9: 10}","{3: 10, 6: 550, 8: 30, 9: 10}",4,0,"2x2:4:{8: 3, 3: 1};1x1:1:{9: 1};3x3:9:{9: 9};3x3:9:{3: 9}"
arc-gen,186,23x23,23x23,9,1 3 5 9,1 3 5 9,True,20,0.037807,"{1: 5, 3: 5, 5: 5, 9: 514}","{1: 25, 3: 5, 5: 5, 9: 494}",4,0,"2x2:4:{3: 4};3x3:6:{1: 5, 3: 1};2x2:4:{5: 4};1x1:1:{5: 1}"
arc-gen,187,22x21,22x21,5,3 4 5 7,3 4 5 7,True,12,0.025974,"{3: 3, 4: 5, 5: 449, 7: 5}","{3: 15, 4: 5, 5: 437, 7: 5}",7,0,2x2:4:{7: 4};2x2:4:{4: 4};1x1:1:{3: 1};1x1:1:{4: 1};1x1:1:{3: 1};1x1:1:{7: 1};1x1:1:{3: 1}
arc-gen,188,24x23,24x23,4,2 4 7 9,2 4 7 9,True,36,0.065217,"{2: 4, 4: 528, 7: 10, 9: 10}","{2: 40, 4: 492, 7: 10, 9: 10}",4,0,"2x2:3:{9: 1, 2: 2};2x2:3:{2: 2, 7: 1};3x3:9:{9: 9};3x3:9:{7: 9}"
arc-gen,189,24x25,24x25,6,5 6 8 9,5 6 8 9,True,15,0.025,"{5: 6, 6: 585, 8: 6, 9: 3}","{5: 6, 6: 570, 8: 6, 9: 18}",9,0,1x1:1:{9: 1};1x1:1:{8: 1};1x1:1:{9: 1};1x1:1:{5: 1};1x1:1:{9: 1};2x2:4:{5: 4};1x1:1:{8: 1};2x2:4:{8: 4};1x1:1:{5: 1}
arc-gen,190,20x21,20x21,3,2 3 6 7,2 3 6 7,True,3,0.007143,"{2: 2, 3: 413, 6: 3, 7: 2}","{2: 2, 3: 410, 6: 6, 7: 2}",4,0,"2x2:4:{7: 1, 6: 3};1x1:1:{7: 1};1x1:1:{2: 1};1x1:1:{2: 1}"
arc-gen,191,24x25,24x25,4,1 2 4 7,1 2 4 7,True,5,0.008333,"{1: 2, 2: 2, 4: 591, 7: 5}","{1: 2, 2: 2, 4: 586, 7: 10}",3,1,"1x1:1:{1: 1};3x3:7:{2: 1, 7: 5, 1: 1};1x1:1:{2: 1}"
arc-gen,192,24x25,24x25,3,1 3 7 8,1 3 7 8,True,5,0.008333,"{1: 5, 3: 591, 7: 2, 8: 2}","{1: 10, 3: 586, 7: 2, 8: 2}",4,0,"1x1:1:{7: 1};1x1:1:{8: 1};3x3:6:{8: 1, 1: 5};1x1:1:{7: 1}"
arc-gen,193,24x24,24x24,8,4 5 6 8,4 5 6 8,True,25,0.043403,"{4: 6, 5: 6, 6: 5, 8: 559}","{4: 6, 5: 6, 6: 30, 8: 534}",6,0,"1x1:1:{5: 1};1x1:1:{4: 1};2x2:4:{5: 4};3x3:6:{6: 5, 4: 1};1x1:1:{5: 1};2x2:4:{4: 4}"
arc-gen,194,16x16,16x16,4,3 4 5 6,3 4 5 6,True,3,0.011719,"{3: 3, 4: 249, 5: 2, 6: 2}","{3: 6, 4: 246, 5: 2, 6: 2}",7,0,1x1:1:{5: 1};1x1:1:{6: 1};1x1:1:{5: 1};1x1:1:{3: 1};1x1:1:{3: 1};1x1:1:{3: 1};1x1:1:{6: 1}
arc-gen,195,20x19,20x19,4,3 4 7 8,3 4 7 8,True,24,0.063158,"{3: 9, 4: 359, 7: 9, 8: 3}","{3: 9, 4: 335, 7: 9, 8: 27}",9,0,1x1:1:{3: 1};1x1:1:{8: 1};1x1:1:{8: 1};1x1:1:{8: 1};1x1:1:{7: 1};2x2:4:{3: 4};2x2:4:{7: 4};2x2:4:{7: 4};2x2:4:{3: 4}
arc-gen,196,18x18,18x18,6,1 4 6 7,1 4 6 7,True,12,0.037037,"{1: 5, 4: 5, 6: 311, 7: 3}","{1: 5, 4: 5, 6: 299, 7: 15}",7,0,2x2:4:{4: 4};2x2:4:{1: 4};1x1:1:{1: 1};1x1:1:{7: 1};1x1:1:{7: 1};1x1:1:{7: 1};1x1:1:{4: 1}
arc-gen,197,17x18,17x18,4,1 4 5 6,1 4 5 6,True,3,0.009804,"{1: 2, 4: 299, 5: 3, 6: 2}","{1: 2, 4: 296, 5: 6, 6: 2}",4,0,"2x2:4:{6: 1, 5: 3};1x1:1:{1: 1};1x1:1:{1: 1};1x1:1:{6: 1}"
arc-gen,198,21x21,21x21,3,1 2 3 5,1 2 3 5,True,3,0.006803,"{1: 2, 2: 3, 3: 434, 5: 2}","{1: 2, 2: 6, 3: 431, 5: 2}",4,0,"1x1:1:{5: 1};1x1:1:{1: 1};1x1:1:{5: 1};2x2:4:{2: 3, 1: 1}"
arc-gen,199,22x21,22x21,9,6 7 8 9,6 7 8 9,True,3,0.006494,"{6: 3, 7: 2, 8: 2, 9: 455}","{6: 6, 7: 2, 8: 2, 9: 452}",4,0,"2x2:4:{8: 1, 6: 3};1x1:1:{7: 1};1x1:1:{7: 1};1x1:1:{8: 1}"
arc-gen,200,22x21,22x21,2,2 4 5 6,2 4 5 6,True,45,0.097403,"{2: 437, 4: 5, 5: 10, 6: 10}","{2: 392, 4: 50, 5: 10, 6: 10}",4,0,"3x3:6:{4: 5, 6: 1};1x1:1:{5: 1};3x3:9:{5: 9};3x3:9:{6: 9}"
arc-gen,201,16x15,16x15,9,4 6 7 9,4 6 7 9,True,45,0.1875,"{4: 10, 6: 5, 7: 10, 9: 215}","{4: 10, 6: 50, 7: 10, 9: 170}",4,0,"3x3:9:{4: 9};3x3:9:{7: 9};3x3:6:{7: 1, 6: 5};1x1:1:{4: 1}"
arc-gen,202,20x19,20x19,9,1 2 5 9,1 2 5 9,True,5,0.013158,"{1: 5, 2: 2, 5: 2, 9: 371}","{1: 10, 2: 2, 5: 2, 9: 366}",4,0,"1x1:1:{5: 1};1x1:1:{2: 1};3x3:6:{1: 5, 5: 1};1x1:1:{2: 1}"
arc-gen,203,22x22,22x22,1,1 2 4 5,1 2 4 5,True,6,0.012397,"{1: 474, 2: 2, 4: 2, 5: 6}","{1: 468, 2: 2, 4: 2, 5: 12}",3,1,"3x3:8:{5: 6, 2: 1, 4: 1};1x1:1:{2: 1};1x1:1:{4: 1}"
arc-gen,204,20x21,20x21,7,1 2 6 7,1 2 6 7,True,3,0.007143,"{1: 3, 2: 2, 6: 2, 7: 413}","{1: 6, 2: 2, 6: 2, 7: 410}",7,0,1x1:1:{1: 1};1x1:1:{6: 1};1x1:1:{1: 1};1x1:1:{2: 1};1x1:1:{1: 1};1x1:1:{6: 1};1x1:1:{2: 1}
arc-gen,205,26x25,26x25,3,2 3 4 9,2 3 4 9,True,20,0.030769,"{2: 5, 3: 635, 4: 5, 9: 5}","{2: 25, 3: 615, 4: 5, 9: 5}",4,0,"2x2:4:{9: 4};2x2:4:{4: 4};3x3:6:{2: 5, 4: 1};1x1:1:{9: 1}"
arc-gen,206,24x23,24x23,8,5 6 7 8,5 6 7 8,True,15,0.027174,"{5: 3, 6: 6, 7: 6, 8: 537}","{5: 18, 6: 6, 7: 6, 8: 522}",6,0,"2x2:4:{6: 4};2x2:4:{7: 4};1x1:1:{6: 1};2x2:4:{5: 3, 7: 1};1x1:1:{7: 1};1x1:1:{6: 1}"
arc-gen,207,21x21,21x21,4,2 4 5 6,2 4 5 6,True,12,0.027211,"{2: 5, 4: 428, 5: 5, 6: 3}","{2: 5, 4: 416, 5: 5, 6: 15}",4,0,"1x1:1:{2: 1};2x2:4:{6: 3, 5: 1};2x2:4:{5: 4};2x2:4:{2: 4}"
arc-gen,208,22x23,22x23,2,2 4 6 8,2 4 6 8,True,3,0.005929,"{2: 499, 4: 2, 6: 3, 8: 2}","{2: 496, 4: 2, 6: 6, 8: 2}",7,0,1x1:1:{8: 1};1x1:1:{6: 1};1x1:1:{6: 1};1x1:1:{6: 1};1x1:1:{4: 1};1x1:1:{4: 1};1x1:1:{8: 1}
arc-gen,209,26x25,26x25,5,2 5 6 8,2 5 6 8,True,36,0.055385,"{2: 10, 5: 626, 6: 4, 8: 10}","{2: 10, 5: 590, 6: 40, 8: 10}",4,0,"3x3:9:{8: 9};2x2:3:{6: 2, 2: 1};2x2:3:{6: 2, 8: 1};3x3:9:{2: 9}"
arc-gen,210,19x18,19x18,4,4 5 7 8,4 5 7 8,True,20,0.05848,"{4: 327, 5: 5, 7: 5, 8: 5}","{4: 307, 5: 25, 7: 5, 8: 5}",4,0,"2x2:4:{8: 4};2x2:4:{7: 4};3x3:6:{5: 5, 7: 1};1x1:1:{8: 1}"
arc-gen,211,20x21,20x21,6,1 2 3 6,1 2 3 6,True,27,0.064286,"{1: 10, 2: 3, 3: 10, 6: 397}","{1: 10, 2: 30, 3: 10, 6: 370}",7,0,1x1:1:{2: 1};1x1:1:{1: 1};1x1:1:{2: 1};1x1:1:{3: 1};1x1:1:{2: 1};3x3:9:{3: 9};3x3:9:{1: 9}
arc-gen,212,26x25,26x25,3,1 3 4 9,1 3 4 9,True,90,0.138462,"{1: 19, 3: 607, 4: 5, 9: 19}","{1: 19, 3: 517, 4: 95, 9: 19}",6,0,"3x3:9:{1: 9};3x3:9:{9: 9};3x3:9:{1: 9};3x3:9:{9: 9};3x3:6:{4: 5, 1: 1};1x1:1:{9: 1}"
arc-gen,213,23x24,23x24,5,1 3 5 8,1 3 5 8,True,45,0.081522,"{1: 5, 3: 10, 5: 527, 8: 10}","{1: 50, 3: 10, 5: 482, 8: 10}",4,0,"3x3:6:{1: 5, 8: 1};1x1:1:{3: 1};3x3:9:{3: 9};3x3:9:{8: 9}"
arc-gen,214,17x16,17x16,5,3 5 7 9,3 5 7 9,True,10,0.036765,"{3: 3, 5: 261, 7: 5, 9: 3}","{3: 3, 5: 251, 7: 15, 9: 3}",6,0,"1x1:1:{9: 1};1x1:1:{3: 1};3x3:6:{7: 5, 3: 1};1x1:1:{9: 1};1x1:1:{9: 1};1x1:1:{3: 1}"
arc-gen,215,26x25,26x25,5,4 5 6 7,4 5 6 7,True,6,0.009231,"{4: 2, 5: 640, 6: 2, 7: 6}","{4: 2, 5: 634, 6: 2, 7: 12}",3,1,"1x1:1:{4: 1};3x3:8:{4: 1, 7: 6, 6: 1};1x1:1:{6: 1}"
arc-gen,216,20x19,20x19,6,1 3 6 7,1 3 6 7,True,5,0.013158,"{1: 2, 3: 2, 6: 371, 7: 5}","{1: 2, 3: 2, 6: 366, 7: 10}",4,0,"1x1:1:{1: 1};1x1:1:{3: 1};3x3:6:{7: 5, 1: 1};1x1:1:{3: 1}"
arc-gen,217,21x20,21x20,6,4 6 7 9,4 6 7 9,True,6,0.014286,"{4: 2, 6: 410, 7: 6, 9: 2}","{4: 2, 6: 404, 7: 12, 9: 2}",3,1,"3x3:8:{7: 6, 4: 1, 9: 1};1x1:1:{9: 1};1x1:1:{4: 1}"
arc-gen,218,21x20,21x20,8,3 7 8 9,3 7 8 9,True,4,0.009524,"{3: 4, 7: 2, 8: 412, 9: 2}","{3: 8, 7: 2, 8: 408, 9: 2}",4,0,"2x2:3:{9: 1, 3: 2};2x2:3:{3: 2, 7: 1};1x1:1:{7: 1};1x1:1:{9: 1}"
arc-gen,219,21x20,21x20,5,3 4 5 9,3 4 5 9,True,24,0.057143,"{3: 6, 4: 5, 5: 404, 9: 5}","{3: 30, 4: 5, 5: 380, 9: 5}",3,1,"3x3:8:{3: 6, 4: 1, 9: 1};2x2:4:{4: 4};2x2:4:{9: 4}"
arc-gen,220,21x22,21x22,4,2 4 5 7,2 4 5 7,True,3,0.006494,"{2: 2, 4: 455, 5: 2, 7: 3}","{2: 2, 4: 452, 5: 2, 7: 6}",4,0,"1x1:1:{5: 1};1x1:1:{2: 1};2x2:4:{7: 3, 5: 1};1x1:1:{2: 1}"
arc-gen,221,21x22,21x22,4,4 6 7 9,4 6 7 9,True,5,0.010823,"{4: 453, 6: 5, 7: 2, 9: 2}","{4: 448, 6: 10, 7: 2, 9: 2}",3,1,"3x3:7:{9: 1, 6: 5, 7: 1};1x1:1:{7: 1};1x1:1:{9: 1}"
arc-gen,222,26x25,26x25,7,4 5 7 9,4 5 7 9,True,30,0.046154,"{4: 7, 5: 7, 7: 631, 9: 5}","{4: 7, 5: 7, 7: 601, 9: 35}",8,0,"1x1:1:{4: 1};1x1:1:{4: 1};3x3:6:{9: 5, 5: 1};1x1:1:{5: 1};1x1:1:{5: 1};1x1:1:{4: 1};2x2:4:{4: 4};2x2:4:{5: 4}"
arc-gen,223,25x24,25x24,6,3 4 6 8,3 4 6 8,True,20,0.033333,"{3: 5, 4: 5, 6: 585, 8: 5}","{3: 5, 4: 5, 6: 565, 8: 25}",4,0,"2x2:4:{3: 4};2x2:4:{4: 4};3x3:6:{3: 1, 8: 5};1x1:1:{4: 1}"
arc-gen,224,25x25,25x25,6,3 4 6 7,3 4 6 7,True,12,0.0192,"{3: 5, 4: 5, 6: 612, 7: 3}","{3: 5, 4: 5, 6: 600, 7: 15}",7,0,2x2:4:{3: 4};2x2:4:{4: 4};1x1:1:{3: 1};1x1:1:{7: 1};1x1:1:{7: 1};1x1:1:{7: 1};1x1:1:{4: 1}
arc-gen,225,17x17,17x17,3,3 4 5 7,3 4 5 7,True,20,0.069204,"{3: 274, 4: 5, 5: 5, 7: 5}","{3: 254, 4: 5, 5: 25, 7: 5}",3,1,"3x3:7:{7: 1, 5: 5, 4: 1};2x2:4:{4: 4};2x2:4:{7: 4}"
arc-gen,226,21x21,21x21,3,3 6 8 9,3 6 8 9,True,54,0.122449,"{3: 415, 6: 10, 8: 10, 9: 6}","{3: 361, 6: 10, 8: 10, 9: 60}",3,1,"3x3:9:{8: 9};3x3:8:{6: 1, 9: 6, 8: 1};3x3:9:{6: 9}"
arc-gen,227,25x24,25x24,2,2 5 7 8,2 5 7 8,True,18,0.03,"{2: 586, 5: 4, 7: 6, 8: 4}","{2: 568, 5: 4, 7: 24, 8: 4}",7,1,"1x1:1:{8: 1};1x1:1:{5: 1};1x1:1:{5: 1};1x1:1:{8: 1};1x1:1:{8: 1};1x1:1:{5: 1};3x3:8:{8: 1, 7: 6, 5: 1}"
arc-gen,228,23x24,23x24,4,1 4 6 7,1 4 6 7,True,15,0.027174,"{1: 5, 4: 539, 6: 4, 7: 4}","{1: 20, 4: 524, 6: 4, 7: 4}",8,0,"1x1:1:{6: 1};1x1:1:{7: 1};3x3:6:{1: 5, 6: 1};1x1:1:{7: 1};1x1:1:{7: 1};1x1:1:{7: 1};1x1:1:{6: 1};1x1:1:{6: 1}"
arc-gen,229,19x19,19x19,6,2 3 5 6,2 3 5 6,True,5,0.01385,"{2: 2, 3: 5, 5: 2, 6: 352}","{2: 2, 3: 10, 5: 2, 6: 347}",3,1,"1x1:1:{5: 1};1x1:1:{2: 1};3x3:7:{3: 5, 5: 1, 2: 1}"
arc-gen,230,25x24,25x24,5,1 2 5 6,1 2 5 6,True,39,0.065,"{1: 14, 2: 3, 5: 569, 6: 14}","{1: 14, 2: 42, 5: 530, 6: 14}",9,0,1x1:1:{2: 1};1x1:1:{1: 1};1x1:1:{2: 1};2x2:4:{1: 4};1x1:1:{6: 1};1x1:1:{2: 1};2x2:4:{6: 4};3x3:9:{1: 9};3x3:9:{6: 9}
arc-gen,231,16x15,16x15,9,3 5 8 9,3 5 8 9,True,5,0.020833,"{3: 5, 5: 2, 8: 2, 9: 231}","{3: 10, 5: 2, 8: 2, 9: 226}",3,1,"1x1:1:{8: 1};1x1:1:{5: 1};3x3:7:{3: 5, 5: 1, 8: 1}"
arc-gen,232,26x25,26x25,7,1 6 7 9,1 6 7 9,True,5,0.007692,"{1: 2, 6: 2, 7: 641, 9: 5}","{1: 2, 6: 2, 7: 636, 9: 10}",4,0,"1x1:1:{6: 1};1x1:1:{1: 1};3x3:6:{1: 1, 9: 5};1x1:1:{6: 1}"
arc-gen,233,24x23,24x23,9,1 3 4 9,1 3 4 9,True,24,0.043478,"{1: 6, 3: 5, 4: 5, 9: 536}","{1: 30, 3: 5, 4: 5, 9: 512}",3,1,"3x3:8:{1: 6, 3: 1, 4: 1};2x2:4:{3: 4};2x2:4:{4: 4}"
arc-gen,234,23x22,23x22,3,1 2 3 6,1 2 3 6,True,5,0.009881,"{1: 2, 2: 5, 3: 497, 6: 2}","{1: 2, 2: 10, 3: 492, 6: 2}",4,0,"1x1:1:{1: 1};1x1:1:{6: 1};3x3:6:{2: 5, 6: 1};1x1:1:{1: 1}"
arc-gen,235,24x23,24x23,3,3 4 6 7,3 4 6 7,True,27,0.048913,"{3: 529, 4: 3, 6: 10, 7: 10}","{3: 502, 4: 30, 6: 10, 7: 10}",7,0,1x1:1:{4: 1};1x1:1:{6: 1};1x1:1:{4: 1};1x1:1:{7: 1};1x1:1:{4: 1};3x3:9:{7: 9};3x3:9:{6: 9}
arc-gen,236,17x17,17x17,9,1 2 5 9,1 2 5 9,True,5,0.017301,"{1: 2, 2: 5, 5: 2, 9: 280}","{1: 2, 2: 10, 5: 2, 9: 275}",4,0,"1x1:1:{1: 1};1x1:1:{5: 1};1x1:1:{5: 1};3x3:6:{2: 5, 1: 1}"
arc-gen,237,20x19,20x19,2,1 2 3 6,1 2 3 6,True,4,0.010526,"{1: 4, 2: 372, 3: 2, 6: 2}","{1: 8, 2: 368, 3: 2, 6: 2}",4,0,"1x1:1:{6: 1};1x1:1:{3: 1};2x2:3:{6: 1, 1: 2};2x2:3:{1: 2, 3: 1}"
arc-gen,238,15x16,15x16,4,1 2 4 5,1 2 4 5,True,5,0.020833,"{1: 2, 2: 5, 4: 231, 5: 2}","{1: 2, 2: 10, 4: 226, 5: 2}",3,1,"3x3:7:{5: 1, 2: 5, 1: 1};1x1:1:{5: 1};1x1:1:{1: 1}"
arc-gen,239,25x24,25x24,8,1 2 3 8,1 2 3 8,True,12,0.02,"{1: 3, 2: 5, 3: 5, 8: 587}","{1: 15, 2: 5, 3: 5, 8: 575}",4,0,"1x1:1:{3: 1};2x2:4:{1: 3, 2: 1};2x2:4:{3: 4};2x2:4:{2: 4}"
arc-gen,240,18x19,18x19,1,1 4 5 6,1 4 5 6,True,20,0.05848,"{1: 327, 4: 5, 5: 5, 6: 5}","{1: 307, 4: 5, 5: 5, 6: 25}",4,0,"2x2:4:{5: 4};3x3:6:{6: 5, 5: 1};1x1:1:{4: 1};2x2:4:{4: 4}"
arc-gen,241,16x17,16x17,8,1 2 4 8,1 2 4 8,True,3,0.011029,"{1: 3, 2: 2, 4: 2, 8: 265}","{1: 6, 2: 2, 4: 2, 8: 262}",7,0,1x1:1:{2: 1};1x1:1:{1: 1};1x1:1:{1: 1};1x1:1:{1: 1};1x1:1:{4: 1};1x1:1:{4: 1};1x1:1:{2: 1}
arc-gen,242,14x15,14x15,4,4 5 6 7,4 5 6 7,True,6,0.028571,"{4: 200, 5: 2, 6: 6, 7: 2}","{4: 194, 5: 2, 6: 12, 7: 2}",3,1,"1x1:1:{7: 1};1x1:1:{5: 1};3x3:8:{5: 1, 6: 6, 7: 1}"
arc-gen,243,25x24,25x24,6,1 4 6 8,1 4 6 8,True,20,0.033333,"{1: 5, 4: 5, 6: 585, 8: 5}","{1: 5, 4: 5, 6: 565, 8: 25}",3,1,"3x3:7:{8: 5, 4: 1, 1: 1};2x2:4:{4: 4};2x2:4:{1: 4}"
arc-gen,244,25x25,25x25,9,2 4 8 9,2 4 8 9,True,3,0.0048,"{2: 2, 4: 2, 8: 3, 9: 618}","{2: 2, 4: 2, 8: 6, 9: 615}",7,0,1x1:1:{2: 1};1x1:1:{4: 1};1x1:1:{4: 1};1x1:1:{8: 1};1x1:1:{8: 1};1x1:1:{8: 1};1x1:1:{2: 1}
arc-gen,245,25x25,25x25,3,3 5 7 8,3 5 7 8,True,15,0.024,"{3: 612, 5: 4, 7: 5, 8: 4}","{3: 597, 5: 4, 7: 20, 8: 4}",8,0,"1x1:1:{8: 1};1x1:1:{5: 1};1x1:1:{5: 1};1x1:1:{8: 1};3x3:6:{7: 5, 8: 1};1x1:1:{5: 1};1x1:1:{8: 1};1x1:1:{5: 1}"
arc-gen,246,22x22,22x22,4,3 4 5 6,3 4 5 6,True,20,0.041322,"{3: 5, 4: 469, 5: 5, 6: 5}","{3: 25, 4: 449, 5: 5, 6: 5}",3,1,"2x2:4:{5: 4};3x3:7:{5: 1, 3: 5, 6: 1};2x2:4:{6: 4}"
arc-gen,247,25x24,25x24,7,2 6 7 8,2 6 7 8,True,20,0.033333,"{2: 5, 6: 5, 7: 585, 8: 5}","{2: 5, 6: 25, 7: 565, 8: 5}",4,0,"1x1:1:{8: 1};3x3:6:{6: 5, 2: 1};2x2:4:{8: 4};2x2:4:{2: 4}"
arc-gen,248,21x22,21x22,7,2 3 7 9,2 3 7 9,True,20,0.04329,"{2: 5, 3: 5, 7: 447, 9: 5}","{2: 5, 3: 5, 7: 427, 9: 25}",4,0,"2x2:4:{3: 4};2x2:4:{2: 4};3x3:6:{3: 1, 9: 5};1x1:1:{2: 1}"
arc-gen,249,23x23,23x23,5,1 2 4 5,1 2 4 5,True,36,0.068053,"{1: 10, 2: 10, 4: 4, 5: 505}","{1: 10, 2: 10, 4: 40, 5: 469}",8,0,"2x2:4:{2: 4};2x2:4:{1: 4};2x2:4:{1: 4};2x2:4:{2: 4};2x2:3:{1: 1, 4: 2};2x2:3:{4: 2, 2: 1};1x1:1:{1: 1};1x1:1:{2: 1}"
arc-gen,250,23x23,23x23,7,2 5 6 7,2 5 6 7,True,3,0.005671,"{2: 2, 5: 3, 6: 2, 7: 522}","{2: 2, 5: 6, 6: 2, 7: 519}",4,0,"1x1:1:{2: 1};1x1:1:{2: 1};1x1:1:{6: 1};2x2:4:{5: 3, 6: 1}"
arc-gen,251,19x18,19x18,4,4 5 7 8,4 5 7 8,True,5,0.01462,"{4: 333, 5: 5, 7: 2, 8: 2}","{4: 328, 5: 10, 7: 2, 8: 2}",4,0,"3x3:6:{5: 5, 8: 1};1x1:1:{7: 1};1x1:1:{7: 1};1x1:1:{8: 1}"
arc-gen,252,25x24,25x24,5,1 3 5 6,1 3 5 6,True,3,0.005,"{1: 3, 3: 2, 5: 593, 6: 2}","{1: 6, 3: 2, 5: 590, 6: 2}",4,0,"2x2:4:{1: 3, 3: 1};1x1:1:{6: 1};1x1:1:{3: 1};1x1:1:{6: 1}"
arc-gen,253,24x24,24x24,3,1 3 5 6,1 3 5 6,True,6,0.010417,"{1: 3, 3: 567, 5: 3, 6: 3}","{1: 9, 3: 561, 5: 3, 6: 3}",6,0,"1x1:1:{6: 1};1x1:1:{5: 1};2x2:4:{1: 3, 6: 1};1x1:1:{5: 1};1x1:1:{5: 1};1x1:1:{6: 1}"
arc-gen,254,17x18,17x18,8,1 2 6 8,1 2 6 8,True,3,0.009804,"{1: 2, 2: 2, 6: 3, 8: 299}","{1: 2, 2: 2, 6: 6, 8: 296}",7,0,1x1:1:{6: 1};1x1:1:{1: 1};1x1:1:{6: 1};1x1:1:{2: 1};1x1:1:{6: 1};1x1:1:{2: 1};1x1:1:{1: 1}
arc-gen,255,20x19,20x19,5,1 3 5 9,1 3 5 9,True,24,0.063158,"{1: 5, 3: 6, 5: 364, 9: 5}","{1: 5, 3: 30, 5: 340, 9: 5}",3,1,"2x2:4:{1: 4};2x2:4:{9: 4};3x3:8:{1: 1, 3: 6, 9: 1}"
arc-gen,256,24x25,24x25,1,1 3 4 7,1 3 4 7,True,20,0.033333,"{1: 585, 3: 5, 4: 5, 7: 5}","{1: 565, 3: 5, 4: 25, 7: 5}",3,1,"2x2:4:{3: 4};2x2:4:{7: 4};3x3:7:{4: 5, 7: 1, 3: 1}"
arc-gen,257,21x22,21x22,3,1 2 3 8,1 2 3 8,True,45,0.097403,"{1: 10, 2: 10, 3: 437, 8: 5}","{1: 10, 2: 10, 3: 392, 8: 50}",3,1,"3x3:9:{2: 9};3x3:9:{1: 9};3x3:7:{2: 1, 8: 5, 1: 1}"
arc-gen,258,25x24,25x24,8,1 7 8 9,1 7 8 9,True,5,0.008333,"{1: 5, 7: 2, 8: 591, 9: 2}","{1: 10, 7: 2, 8: 586, 9: 2}",4,0,"3x3:6:{1: 5, 9: 1};1x1:1:{7: 1};1x1:1:{7: 1};1x1:1:{9: 1}"
arc-gen,259,25x25,25x25,4,2 3 4 8,2 3 4 8,True,12,0.0192,"{2: 5, 3: 5, 4: 612, 8: 3}","{2: 5, 3: 5, 4: 600, 8: 15}",4,0,"2x2:4:{3: 4};2x2:4:{2: 4};2x2:4:{3: 1, 8: 3};1x1:1:{2: 1}"
arc-gen,260,24x24,24x24,9,3 5 7 9,3 5 7 9,True,24,0.041667,"{3: 5, 5: 5, 7: 6, 9: 560}","{3: 5, 5: 5, 7: 30, 9: 536}",3,1,"2x2:4:{5: 4};2x2:4:{3: 4};3x3:8:{5: 1, 7: 6, 3: 1}"
arc-gen,261,24x24,24x24,4,1 4 7 8,1 4 7 8,True,3,0.005208,"{1: 2, 4: 569, 7: 3, 8: 2}","{1: 2, 4: 566, 7: 6, 8: 2}",4,0,"1x1:1:{1: 1};1x1:1:{8: 1};1x1:1:{8: 1};2x2:4:{7: 3, 1: 1}"
